ISO-10303-21;
HEADER;
FILE_DESCRIPTION (( 'STEP AP214' ),
    '1' );
FILE_NAME ('3078.STEP',
    '2013-04-29T15:01:17',
    ( 'Richard Maletta' ),
    ( '' ),
    'SwSTEP 2.0',
    'SolidWorks 2009',
    '' );
FILE_SCHEMA (( 'AUTOMOTIVE_DESIGN' ));
ENDSEC;

DATA;
#1 = DIRECTION ( 'NONE',  ( -1.000000000000000000, 0.0000000000000000000, 3.594536833768768100E-016 ) ) ;
#2 = VECTOR ( 'NONE', #1, 39.37007874015748100 ) ;
#3 = AXIS2_PLACEMENT_3D ( 'NONE', #576, #731, #951 ) ;
#4 = FACE_OUTER_BOUND ( 'NONE', #2012, .T. ) ;
#5 = DIRECTION ( 'NONE',  ( 0.0000000000000000000, 0.0000000000000000000, 1.000000000000000000 ) ) ;
#6 = DIRECTION ( 'NONE',  ( 1.000000000000000000, 0.0000000000000000000, -2.134256245050205700E-016 ) ) ;
#7 = CARTESIAN_POINT ( 'NONE',  ( 0.1489999999999999900, -0.009999999999999975900, -3.180041805124806200E-017 ) ) ;
#8 = AXIS2_PLACEMENT_3D ( 'NONE', #7, #6, #5 ) ;
#9 = CIRCLE ( 'NONE', #8, 0.02000000000000000000 ) ;
#10 = DIRECTION ( 'NONE',  ( 0.0000000000000000000, 0.0000000000000000000, -1.000000000000000000 ) ) ;
#11 = DIRECTION ( 'NONE',  ( -0.0000000000000000000, -1.000000000000000000, -0.0000000000000000000 ) ) ;
#12 = CARTESIAN_POINT ( 'NONE',  ( 0.2179999999999999700, 0.01000000000000000000, -0.3359999999999999100 ) ) ;
#13 = AXIS2_PLACEMENT_3D ( 'NONE', #12, #11, #10 ) ;
#14 = DIRECTION ( 'NONE',  ( 0.0000000000000000000, -1.000000000000000000, 3.491483361109382900E-015 ) ) ;
#15 = DIRECTION ( 'NONE',  ( -1.000000000000000000, -0.0000000000000000000, -0.0000000000000000000 ) ) ;
#16 = DIRECTION ( 'NONE',  ( 2.201087457280780100E-016, 3.491483361109382900E-015, 1.000000000000000000 ) ) ;
#17 = PLANE ( 'NONE',  #21 ) ;
#18 = DIRECTION ( 'NONE',  ( 6.658570425410310700E-017, -0.9925461516413228700, -0.1218693434051409700 ) ) ;
#19 = AXIS2_PLACEMENT_3D ( 'NONE', #51, #16, #14 ) ;
#20 = CARTESIAN_POINT ( 'NONE',  ( 0.2805000000000000300, 0.01000000000000000000, -0.4390242689855161600 ) ) ;
#21 = AXIS2_PLACEMENT_3D ( 'NONE', #20, #60, #59 ) ;
#22 = FACE_OUTER_BOUND ( 'NONE', #1791, .T. ) ;
#23 = DIRECTION ( 'NONE',  ( -0.0000000000000000000, -1.000000000000000000, -0.0000000000000000000 ) ) ;
#24 = VECTOR ( 'NONE', #23, 39.37007874015748100 ) ;
#25 = DIRECTION ( 'NONE',  ( 3.502369222646491400E-015, -1.000000000000000000, -4.605285104908644700E-032 ) ) ;
#26 = VECTOR ( 'NONE', #25, 39.37007874015748100 ) ;
#27 = CARTESIAN_POINT ( 'NONE',  ( 0.4155000000000002000, -0.05999999999999994900, -0.4964999999999999400 ) ) ;
#28 = DIRECTION ( 'NONE',  ( -2.134256245050205900E-016, 0.0000000000000000000, -1.000000000000000000 ) ) ;
#29 = DIRECTION ( 'NONE',  ( 1.000000000000000000, 0.0000000000000000000, -2.134256245050205900E-016 ) ) ;
#30 = CARTESIAN_POINT ( 'NONE',  ( 0.1489999999999999900, -0.009999999999999975900, -3.180041805124806200E-017 ) ) ;
#31 = LINE ( 'NONE', #27, #26 ) ;
#32 = AXIS2_PLACEMENT_3D ( 'NONE', #30, #29, #28 ) ;
#33 = PLANE ( 'NONE',  #32 ) ;
#34 = FACE_OUTER_BOUND ( 'NONE', #1995, .T. ) ;
#35 = DIRECTION ( 'NONE',  ( -1.000000000000000000, -6.445740337399952300E-017, 2.201087457280782100E-016 ) ) ;
#36 = VECTOR ( 'NONE', #35, 39.37007874015748100 ) ;
#37 = CARTESIAN_POINT ( 'NONE',  ( -0.1489999999999999900, -0.009999999999999984600, 0.02000000000000003500 ) ) ;
#38 = LINE ( 'NONE', #37, #36 ) ;
#39 = DIRECTION ( 'NONE',  ( -0.0000000000000000000, -1.000000000000000000, -0.0000000000000000000 ) ) ;
#40 = VECTOR ( 'NONE', #39, 39.37007874015748100 ) ;
#41 = CARTESIAN_POINT ( 'NONE',  ( -0.1554999999999999400, 0.01000000000000000000, -0.4390242689855161600 ) ) ;
#42 = LINE ( 'NONE', #41, #40 ) ;
#43 = DIRECTION ( 'NONE',  ( -0.0000000000000000000, -1.000000000000000000, -0.0000000000000000000 ) ) ;
#44 = VECTOR ( 'NONE', #43, 39.37007874015748100 ) ;
#45 = CARTESIAN_POINT ( 'NONE',  ( 0.1555000000000000300, 0.01000000000000000000, -0.6009999999999999800 ) ) ;
#46 = VECTOR ( 'NONE', #15, 39.37007874015748100 ) ;
#47 = CARTESIAN_POINT ( 'NONE',  ( 0.2805000000000000300, 0.01000000000000000000, -0.4390242689855161600 ) ) ;
#48 = LINE ( 'NONE', #47, #24 ) ;
#49 = CARTESIAN_POINT ( 'NONE',  ( 0.1554999999999995600, -0.03010172782106980400, -0.3558411005445932800 ) ) ;
#50 = LINE ( 'NONE', #49, #46 ) ;
#51 = CARTESIAN_POINT ( 'NONE',  ( -0.1489999999999999900, -1.145073974782917300E-031, 0.009999999999999998500 ) ) ;
#52 = AXIS2_PLACEMENT_3D ( 'NONE', #66, #65, #64 ) ;
#53 = PLANE ( 'NONE',  #52 ) ;
#54 = FACE_OUTER_BOUND ( 'NONE', #1932, .T. ) ;
#55 = DIRECTION ( 'NONE',  ( 0.0000000000000000000, 1.000000000000000000, -3.491483361109382900E-015 ) ) ;
#56 = VECTOR ( 'NONE', #55, 39.37007874015748100 ) ;
#57 = CARTESIAN_POINT ( 'NONE',  ( -0.1489999999999999900, 3.491483361109370700E-017, 0.02000000000000000000 ) ) ;
#58 = FACE_OUTER_BOUND ( 'NONE', #1782, .T. ) ;
#59 = DIRECTION ( 'NONE',  ( 2.108223232389658400E-016, 0.0000000000000000000, 1.000000000000000000 ) ) ;
#60 = DIRECTION ( 'NONE',  ( -1.000000000000000000, 0.0000000000000000000, 2.108223232389658400E-016 ) ) ;
#61 = PLANE ( 'NONE',  #73 ) ;
#62 = FACE_OUTER_BOUND ( 'NONE', #1923, .T. ) ;
#63 = LINE ( 'NONE', #45, #44 ) ;
#64 = DIRECTION ( 'NONE',  ( 4.216446464779314800E-016, 0.0000000000000000000, 1.000000000000000000 ) ) ;
#65 = DIRECTION ( 'NONE',  ( -1.000000000000000000, 0.0000000000000000000, 4.216446464779314800E-016 ) ) ;
#66 = CARTESIAN_POINT ( 'NONE',  ( -0.1555000000000000300, 0.01000000000000000000, -0.6009999999999999800 ) ) ;
#67 = DIRECTION ( 'NONE',  ( 0.0000000000000000000, 0.1218693434051409500, -0.9925461516413227600 ) ) ;
#68 = LINE ( 'NONE', #57, #56 ) ;
#69 = CARTESIAN_POINT ( 'NONE',  ( -0.1489999999999999900, -0.04999999999999996100, 0.02000000000000017400 ) ) ;
#70 = DIRECTION ( 'NONE',  ( 2.201087457280779800E-016, 0.0000000000000000000, 1.000000000000000000 ) ) ;
#71 = DIRECTION ( 'NONE',  ( -1.000000000000000000, 7.685060233442402100E-031, 2.201087457280779800E-016 ) ) ;
#72 = CARTESIAN_POINT ( 'NONE',  ( -0.1489999999999999900, 3.491483361109370700E-017, 0.02000000000000000000 ) ) ;
#73 = AXIS2_PLACEMENT_3D ( 'NONE', #72, #71, #70 ) ;
#74 = CARTESIAN_POINT ( 'NONE',  ( 0.4155000000000002600, -0.05999999999999992100, -0.2964999999999999300 ) ) ;
#75 = CARTESIAN_POINT ( 'NONE',  ( 0.4155000000000002000, -0.03899999999999993700, -0.2964999999999999300 ) ) ;
#76 = LINE ( 'NONE', #74, #121 ) ;
#77 = DIRECTION ( 'NONE',  ( 1.840867920258930300E-016, 1.996964907649320500E-016, 1.000000000000000000 ) ) ;
#78 = VECTOR ( 'NONE', #77, 39.37007874015748100 ) ;
#79 = CARTESIAN_POINT ( 'NONE',  ( 0.4155000000000002000, -0.03899999999999993700, -0.2964999999999999300 ) ) ;
#80 = DIRECTION ( 'NONE',  ( 3.502369222646491400E-015, -1.000000000000000000, 0.0000000000000000000 ) ) ;
#81 = DIRECTION ( 'NONE',  ( -1.000000000000000000, -3.502369222646491400E-015, 1.840867920258937700E-016 ) ) ;
#82 = CARTESIAN_POINT ( 'NONE',  ( 0.4054999999999999700, 0.0000000000000000000, -0.5819999999999999600 ) ) ;
#83 = LINE ( 'NONE', #79, #78 ) ;
#84 = AXIS2_PLACEMENT_3D ( 'NONE', #82, #81, #80 ) ;
#85 = PLANE ( 'NONE',  #84 ) ;
#86 = FACE_OUTER_BOUND ( 'NONE', #1950, .T. ) ;
#87 = DIRECTION ( 'NONE',  ( 1.840867920258937700E-016, -2.146211927752355700E-030, 1.000000000000000000 ) ) ;
#88 = VECTOR ( 'NONE', #87, 39.37007874015748100 ) ;
#89 = CARTESIAN_POINT ( 'NONE',  ( 0.4155000000000000900, -0.03899999999999996500, -0.4964999999999999400 ) ) ;
#90 = LINE ( 'NONE', #89, #88 ) ;
#91 = CARTESIAN_POINT ( 'NONE',  ( 0.4155000000000000900, -0.03899999999999996500, -0.4964999999999999400 ) ) ;
#92 = PLANE ( 'NONE',  #95 ) ;
#93 = LINE ( 'NONE', #152, #151 ) ;
#94 = CARTESIAN_POINT ( 'NONE',  ( 0.4154999999999999800, 3.491483361109382400E-017, -0.5819999999999999600 ) ) ;
#95 = AXIS2_PLACEMENT_3D ( 'NONE', #94, #154, #153 ) ;
#96 = FACE_OUTER_BOUND ( 'NONE', #1976, .T. ) ;
#97 = DIRECTION ( 'NONE',  ( -1.000000000000000000, -3.491483361109382900E-015, 1.840867920258937700E-016 ) ) ;
#98 = VECTOR ( 'NONE', #97, 39.37007874015748100 ) ;
#99 = CARTESIAN_POINT ( 'NONE',  ( 0.4155000000000002000, -0.03899999999999992400, -0.2109999999999998800 ) ) ;
#100 = LINE ( 'NONE', #99, #98 ) ;
#101 = CARTESIAN_POINT ( 'NONE',  ( 0.4155000000000002600, -0.05999999999999995600, -0.4964999999999999400 ) ) ;
#102 = DIRECTION ( 'NONE',  ( 1.840867920258933200E-016, 1.280553747030129500E-016, 1.000000000000000000 ) ) ;
#103 = VECTOR ( 'NONE', #102, 39.37007874015748100 ) ;
#104 = CARTESIAN_POINT ( 'NONE',  ( 0.4155000000000002000, -0.05999999999999994900, -0.4964999999999999400 ) ) ;
#105 = LINE ( 'NONE', #104, #103 ) ;
#106 = DIRECTION ( 'NONE',  ( -1.000000000000000000, -3.491483361109382900E-015, 1.840867920258937700E-016 ) ) ;
#107 = VECTOR ( 'NONE', #106, 39.37007874015748100 ) ;
#108 = CARTESIAN_POINT ( 'NONE',  ( 0.4155000000000000900, -0.03899999999999996500, -0.5819999999999999600 ) ) ;
#109 = LINE ( 'NONE', #108, #107 ) ;
#110 = CARTESIAN_POINT ( 'NONE',  ( 0.4155000000000000900, -0.03899999999999996500, -0.5819999999999999600 ) ) ;
#111 = DIRECTION ( 'NONE',  ( 3.502369222646491400E-015, -1.000000000000000000, -0.0000000000000000000 ) ) ;
#112 = VECTOR ( 'NONE', #111, 39.37007874015748100 ) ;
#113 = CARTESIAN_POINT ( 'NONE',  ( 0.4154999999999999800, 3.491483361109382400E-017, -0.5819999999999999600 ) ) ;
#114 = LINE ( 'NONE', #113, #112 ) ;
#115 = DIRECTION ( 'NONE',  ( 1.840867920258937700E-016, 0.0000000000000000000, 1.000000000000000000 ) ) ;
#116 = VECTOR ( 'NONE', #115, 39.37007874015748100 ) ;
#117 = CARTESIAN_POINT ( 'NONE',  ( 0.4055000000000000300, -0.009999999999999962000, -0.5819999999999999600 ) ) ;
#118 = LINE ( 'NONE', #117, #116 ) ;
#119 = CARTESIAN_POINT ( 'NONE',  ( 0.4155000000000002600, -0.05999999999999995600, -0.2964999999999998700 ) ) ;
#120 = DIRECTION ( 'NONE',  ( -3.502369222646491400E-015, 1.000000000000000000, 4.605285104908644700E-032 ) ) ;
#121 = VECTOR ( 'NONE', #120, 39.37007874015748100 ) ;
#122 = PLANE ( 'NONE',  #19 ) ;
#123 = CYLINDRICAL_SURFACE ( 'NONE', #13, 0.1205000000000000500 ) ;
#124 = FACE_OUTER_BOUND ( 'NONE', #2002, .T. ) ;
#125 = CARTESIAN_POINT ( 'NONE',  ( 0.1489999999999999900, -0.009999999999999906500, 0.01999999999999996900 ) ) ;
#126 = DIRECTION ( 'NONE',  ( 4.216446464779314800E-016, 0.0000000000000000000, -1.000000000000000000 ) ) ;
#127 = DIRECTION ( 'NONE',  ( 1.000000000000000000, -0.0000000000000000000, 4.216446464779314800E-016 ) ) ;
#128 = CARTESIAN_POINT ( 'NONE',  ( 0.1555000000000000300, 0.01000000000000000000, -0.6009999999999999800 ) ) ;
#129 = AXIS2_PLACEMENT_3D ( 'NONE', #128, #127, #126 ) ;
#130 = PLANE ( 'NONE',  #129 ) ;
#131 = FACE_OUTER_BOUND ( 'NONE', #1936, .T. ) ;
#132 = DIRECTION ( 'NONE',  ( -0.0000000000000000000, -1.000000000000000000, -0.0000000000000000000 ) ) ;
#133 = VECTOR ( 'NONE', #132, 39.37007874015748100 ) ;
#134 = CARTESIAN_POINT ( 'NONE',  ( -0.1555000000000000300, 0.01000000000000000000, -0.6009999999999999800 ) ) ;
#135 = LINE ( 'NONE', #134, #133 ) ;
#136 = DIRECTION ( 'NONE',  ( -0.0000000000000000000, -1.000000000000000000, -0.0000000000000000000 ) ) ;
#137 = VECTOR ( 'NONE', #136, 39.37007874015748100 ) ;
#138 = CARTESIAN_POINT ( 'NONE',  ( 0.2805000000000000300, 0.01000000000000000000, -0.6009999999999999800 ) ) ;
#139 = LINE ( 'NONE', #138, #137 ) ;
#140 = DIRECTION ( 'NONE',  ( -1.000000000000000000, -6.445740337399952300E-017, 2.201087457280782100E-016 ) ) ;
#141 = VECTOR ( 'NONE', #140, 39.37007874015748100 ) ;
#142 = CARTESIAN_POINT ( 'NONE',  ( 0.1489999999999999900, -0.009999999999999965500, 0.009999999999999967200 ) ) ;
#143 = LINE ( 'NONE', #142, #141 ) ;
#144 = CARTESIAN_POINT ( 'NONE',  ( 0.4155000000000002000, -0.03899999999999992400, -0.2109999999999998800 ) ) ;
#145 = CARTESIAN_POINT ( 'NONE',  ( 0.4055000000000001400, -0.03899999999999995100, -0.2109999999999998800 ) ) ;
#146 = DIRECTION ( 'NONE',  ( -3.502369222646492200E-015, 1.000000000000000000, -1.751184611323247900E-015 ) ) ;
#147 = VECTOR ( 'NONE', #146, 39.37007874015748100 ) ;
#148 = CARTESIAN_POINT ( 'NONE',  ( 0.4055000000000000300, 6.496894908009252600E-016, -0.2109999999999999400 ) ) ;
#149 = LINE ( 'NONE', #148, #147 ) ;
#150 = DIRECTION ( 'NONE',  ( -1.840867920258937700E-016, -0.0000000000000000000, -1.000000000000000000 ) ) ;
#151 = VECTOR ( 'NONE', #150, 39.37007874015748100 ) ;
#152 = CARTESIAN_POINT ( 'NONE',  ( 0.4154999999999999800, -0.009999999999999927300, -0.5819999999999999600 ) ) ;
#153 = DIRECTION ( 'NONE',  ( 3.502369222646491400E-015, -1.000000000000000000, 0.0000000000000000000 ) ) ;
#154 = DIRECTION ( 'NONE',  ( -1.000000000000000000, -3.502369222646491400E-015, 1.840867920258937700E-016 ) ) ;
#155 = CIRCLE ( 'NONE', #156, 0.009999999999999998500 ) ;
#156 = AXIS2_PLACEMENT_3D ( 'NONE', #178, #177, #308 ) ;
#157 = AXIS2_PLACEMENT_3D ( 'NONE', #179, #158, #180 ) ;
#158 = DIRECTION ( 'NONE',  ( 1.000000000000000000, 0.0000000000000000000, -2.134256245050205900E-016 ) ) ;
#159 = VECTOR ( 'NONE', #229, 39.37007874015748100 ) ;
#160 = CARTESIAN_POINT ( 'NONE',  ( 0.2804999999999992500, -0.03017626630465657400, -0.3021224071105420000 ) ) ;
#161 = LINE ( 'NONE', #160, #159 ) ;
#162 = CARTESIAN_POINT ( 'NONE',  ( 0.2804999999999992500, -0.02017626630465657600, -0.3021224071105420000 ) ) ;
#163 = DIRECTION ( 'NONE',  ( 5.853959986423435000E-015, -0.0000000000000000000, -1.000000000000000000 ) ) ;
#164 = VECTOR ( 'NONE', #163, 39.37007874015748100 ) ;
#165 = CARTESIAN_POINT ( 'NONE',  ( 0.2804999999999995300, -0.02017626630465657600, -0.3546224071105418800 ) ) ;
#166 = DIRECTION ( 'NONE',  ( 0.0000000000000000000, 0.0000000000000000000, -1.000000000000000000 ) ) ;
#167 = DIRECTION ( 'NONE',  ( 1.000000000000000000, 0.0000000000000000000, 0.0000000000000000000 ) ) ;
#168 = CARTESIAN_POINT ( 'NONE',  ( 0.1554999999999995600, -0.03010172782106979000, -0.3558411005445933900 ) ) ;
#169 = LINE ( 'NONE', #165, #164 ) ;
#170 = AXIS2_PLACEMENT_3D ( 'NONE', #168, #167, #166 ) ;
#171 = PLANE ( 'NONE',  #170 ) ;
#172 = FACE_OUTER_BOUND ( 'NONE', #1835, .T. ) ;
#173 = DIRECTION ( 'NONE',  ( -1.000000000000000000, -0.0000000000000000000, -0.0000000000000000000 ) ) ;
#174 = VECTOR ( 'NONE', #173, 39.37007874015748100 ) ;
#175 = CARTESIAN_POINT ( 'NONE',  ( 0.1554999999999995600, -0.03017626630465657400, -0.3546224071105418800 ) ) ;
#176 = PLANE ( 'NONE',  #157 ) ;
#177 = DIRECTION ( 'NONE',  ( -1.000000000000000000, -0.0000000000000000000, 2.134256245050205700E-016 ) ) ;
#178 = CARTESIAN_POINT ( 'NONE',  ( -0.1489999999999999900, -0.009999999999999975900, 3.180041805124806200E-017 ) ) ;
#179 = CARTESIAN_POINT ( 'NONE',  ( -0.1489999999999999900, -0.009999999999999975900, 3.180041805124806200E-017 ) ) ;
#180 = DIRECTION ( 'NONE',  ( -2.134256245050205900E-016, 0.0000000000000000000, -1.000000000000000000 ) ) ;
#181 = CARTESIAN_POINT ( 'NONE',  ( 0.4155000000000002600, -0.07499999999999990000, -0.2964999999999999300 ) ) ;
#182 = LINE ( 'NONE', #181, #2 ) ;
#183 = LINE ( 'NONE', #577, #723 ) ;
#184 = CARTESIAN_POINT ( 'NONE',  ( 0.6055000000000002600, -0.07499999999999990000, -0.2964999999999999900 ) ) ;
#185 = DIRECTION ( 'NONE',  ( 3.414809992080329000E-016, 1.280553747030123100E-016, 1.000000000000000000 ) ) ;
#186 = VECTOR ( 'NONE', #185, 39.37007874015748100 ) ;
#187 = CARTESIAN_POINT ( 'NONE',  ( 0.6055000000000002600, -0.07499999999999990000, -0.2964999999999999900 ) ) ;
#188 = LINE ( 'NONE', #187, #186 ) ;
#189 = CARTESIAN_POINT ( 'NONE',  ( 0.6055000000000001500, -0.07499999999999992800, -0.4965000000000000000 ) ) ;
#190 = DIRECTION ( 'NONE',  ( 1.000000000000000000, 0.0000000000000000000, -3.594536833768768100E-016 ) ) ;
#191 = VECTOR ( 'NONE', #190, 39.37007874015748100 ) ;
#192 = CARTESIAN_POINT ( 'NONE',  ( 0.4155000000000002000, -0.07499999999999992800, -0.4964999999999999400 ) ) ;
#193 = LINE ( 'NONE', #192, #191 ) ;
#194 = DIRECTION ( 'NONE',  ( 0.0000000000000000000, 1.835919350580820700E-016, 1.000000000000000000 ) ) ;
#195 = DIRECTION ( 'NONE',  ( 4.602997611320390400E-032, -1.000000000000000000, 1.280553747030123100E-016 ) ) ;
#196 = AXIS2_PLACEMENT_3D ( 'NONE', #201, #195, #194 ) ;
#197 = CIRCLE ( 'NONE', #196, 0.04650000000000003400 ) ;
#198 = DIRECTION ( 'NONE',  ( -1.000000000000000000, 0.0000000000000000000, 1.840867920258937700E-016 ) ) ;
#199 = DIRECTION ( 'NONE',  ( -1.840867920258937700E-016, -5.986870636381294100E-031, -1.000000000000000000 ) ) ;
#200 = CARTESIAN_POINT ( 'NONE',  ( 0.4155000000000002600, -0.05999999999999994900, -0.4964999999999999400 ) ) ;
#201 = CARTESIAN_POINT ( 'NONE',  ( 0.5105000000000001800, -0.07499999999999991400, -0.3964999999999999100 ) ) ;
#202 = AXIS2_PLACEMENT_3D ( 'NONE', #200, #199, #198 ) ;
#203 = PLANE ( 'NONE',  #202 ) ;
#204 = FACE_OUTER_BOUND ( 'NONE', #2082, .T. ) ;
#205 = DIRECTION ( 'NONE',  ( 3.502369222646491400E-015, -1.000000000000000000, 0.0000000000000000000 ) ) ;
#206 = VECTOR ( 'NONE', #205, 39.37007874015748100 ) ;
#207 = CARTESIAN_POINT ( 'NONE',  ( 0.4054999999999999700, 1.186881025858183100E-048, -0.5819999999999999600 ) ) ;
#208 = LINE ( 'NONE', #207, #206 ) ;
#209 = DIRECTION ( 'NONE',  ( 1.840867920258933200E-016, 1.280553747030129500E-016, 1.000000000000000000 ) ) ;
#210 = VECTOR ( 'NONE', #209, 39.37007874015748100 ) ;
#211 = CARTESIAN_POINT ( 'NONE',  ( 0.4055000000000001400, -0.05999999999999999100, -0.5819999999999999600 ) ) ;
#212 = LINE ( 'NONE', #211, #210 ) ;
#213 = DIRECTION ( 'NONE',  ( 0.0000000000000000000, 0.0000000000000000000, 1.000000000000000000 ) ) ;
#214 = DIRECTION ( 'NONE',  ( 0.0000000000000000000, 1.000000000000000000, 1.387778780781445400E-017 ) ) ;
#215 = CARTESIAN_POINT ( 'NONE',  ( 0.2179999999999991400, -0.03017626630465657400, -0.3021224071105419500 ) ) ;
#216 = AXIS2_PLACEMENT_3D ( 'NONE', #215, #214, #213 ) ;
#217 = DIRECTION ( 'NONE',  ( 0.0000000000000000000, 0.0000000000000000000, 1.000000000000000000 ) ) ;
#218 = DIRECTION ( 'NONE',  ( 0.0000000000000000000, 1.000000000000000000, 1.387778780781445400E-017 ) ) ;
#219 = AXIS2_PLACEMENT_3D ( 'NONE', #221, #218, #217 ) ;
#220 = CIRCLE ( 'NONE', #216, 0.06250000000000001400 ) ;
#221 = CARTESIAN_POINT ( 'NONE',  ( 0.2179999999999991400, -0.03017626630465657400, -0.3021224071105419500 ) ) ;
#222 = CYLINDRICAL_SURFACE ( 'NONE', #219, 0.06250000000000001400 ) ;
#223 = FACE_OUTER_BOUND ( 'NONE', #2050, .T. ) ;
#224 = DIRECTION ( 'NONE',  ( 5.853959986423435000E-015, -0.0000000000000000000, -1.000000000000000000 ) ) ;
#225 = VECTOR ( 'NONE', #224, 39.37007874015748100 ) ;
#226 = CARTESIAN_POINT ( 'NONE',  ( 0.2804999999999995300, -0.03017626630465657400, -0.3546224071105418800 ) ) ;
#227 = LINE ( 'NONE', #226, #225 ) ;
#228 = CARTESIAN_POINT ( 'NONE',  ( 0.2804999999999992500, -0.03017626630465657400, -0.3021224071105420000 ) ) ;
#229 = DIRECTION ( 'NONE',  ( 0.0000000000000000000, 1.000000000000000000, 1.387778780781445400E-017 ) ) ;
#230 = DIRECTION ( 'NONE',  ( 1.000000000000000000, 0.0000000000000000000, 0.0000000000000000000 ) ) ;
#231 = DIRECTION ( 'NONE',  ( 0.0000000000000000000, -0.0000000000000000000, 1.000000000000000000 ) ) ;
#232 = CARTESIAN_POINT ( 'NONE',  ( 0.4205000000000002100, -0.05999999999999992100, -0.2964999999999998700 ) ) ;
#233 = AXIS2_PLACEMENT_3D ( 'NONE', #232, #231, #230 ) ;
#234 = FACE_OUTER_BOUND ( 'NONE', #2071, .T. ) ;
#235 = DIRECTION ( 'NONE',  ( 0.0000000000000000000, -1.000000000000000000, 1.751184611323248600E-015 ) ) ;
#236 = DIRECTION ( 'NONE',  ( 1.840867920258876300E-016, 1.751184611323248600E-015, 1.000000000000000000 ) ) ;
#237 = PLANE ( 'NONE',  #233 ) ;
#238 = CARTESIAN_POINT ( 'NONE',  ( 0.4155000000000002000, -0.03899999999999992400, -0.2109999999999998800 ) ) ;
#239 = AXIS2_PLACEMENT_3D ( 'NONE', #238, #236, #235 ) ;
#240 = FACE_OUTER_BOUND ( 'NONE', #1965, .T. ) ;
#241 = DIRECTION ( 'NONE',  ( -1.000000000000000000, 0.0000000000000000000, 1.840867920258937700E-016 ) ) ;
#242 = DIRECTION ( 'NONE',  ( -1.840867920258937700E-016, -6.447399146872157700E-031, -1.000000000000000000 ) ) ;
#243 = CARTESIAN_POINT ( 'NONE',  ( 0.4154999999999999800, 3.491483361109382400E-017, -0.5819999999999999600 ) ) ;
#244 = CARTESIAN_POINT ( 'NONE',  ( 0.4055000000000002500, -0.06000000000000002600, -0.4964999999999999400 ) ) ;
#245 = DIRECTION ( 'NONE',  ( 3.502369222646491400E-015, -1.000000000000000000, -4.605285104908644700E-032 ) ) ;
#246 = VECTOR ( 'NONE', #245, 39.37007874015748100 ) ;
#247 = CARTESIAN_POINT ( 'NONE',  ( 0.4054999999999999700, 5.118774394106006300E-032, -0.4964999999999999400 ) ) ;
#248 = DIRECTION ( 'NONE',  ( 1.000000000000000000, 3.491483361109382900E-015, 0.0000000000000000000 ) ) ;
#249 = DIRECTION ( 'NONE',  ( 3.491483361109382900E-015, -1.000000000000000000, 1.996964907649314100E-016 ) ) ;
#250 = LINE ( 'NONE', #247, #246 ) ;
#251 = CARTESIAN_POINT ( 'NONE',  ( 0.4155000000000002000, -0.03899999999999993700, -0.2964999999999999300 ) ) ;
#252 = AXIS2_PLACEMENT_3D ( 'NONE', #251, #249, #248 ) ;
#253 = FACE_OUTER_BOUND ( 'NONE', #2077, .T. ) ;
#254 = DIRECTION ( 'NONE',  ( 1.000000000000000000, 3.491483361109382900E-015, 0.0000000000000000000 ) ) ;
#255 = DIRECTION ( 'NONE',  ( 3.491483361109382900E-015, -1.000000000000000000, -2.788947899110767100E-030 ) ) ;
#256 = CARTESIAN_POINT ( 'NONE',  ( 0.4155000000000002000, -0.03899999999999996500, -0.4964999999999999400 ) ) ;
#257 = AXIS2_PLACEMENT_3D ( 'NONE', #256, #255, #254 ) ;
#258 = PLANE ( 'NONE',  #257 ) ;
#259 = PLANE ( 'NONE',  #252 ) ;
#260 = FACE_OUTER_BOUND ( 'NONE', #2148, .T. ) ;
#261 = DIRECTION ( 'NONE',  ( -1.000000000000000000, -3.491483361109382900E-015, 1.840867920258937700E-016 ) ) ;
#262 = VECTOR ( 'NONE', #261, 39.37007874015748100 ) ;
#263 = CARTESIAN_POINT ( 'NONE',  ( 0.4155000000000002600, -0.05999999999999994900, -0.4964999999999999400 ) ) ;
#264 = LINE ( 'NONE', #263, #262 ) ;
#265 = DIRECTION ( 'NONE',  ( -1.000000000000000000, -3.491483361109382900E-015, 1.840867920258937700E-016 ) ) ;
#266 = VECTOR ( 'NONE', #265, 39.37007874015748100 ) ;
#267 = CARTESIAN_POINT ( 'NONE',  ( 0.4155000000000002000, -0.03899999999999996500, -0.4964999999999999400 ) ) ;
#268 = LINE ( 'NONE', #267, #266 ) ;
#269 = DIRECTION ( 'NONE',  ( -1.000000000000000000, -3.491483361109382900E-015, 1.840867920258937700E-016 ) ) ;
#270 = VECTOR ( 'NONE', #269, 39.37007874015748100 ) ;
#271 = CARTESIAN_POINT ( 'NONE',  ( 0.4155000000000002000, -0.03899999999999993700, -0.2964999999999999300 ) ) ;
#272 = LINE ( 'NONE', #271, #270 ) ;
#273 = CARTESIAN_POINT ( 'NONE',  ( 0.4055000000000001400, -0.03899999999999997200, -0.2964999999999999300 ) ) ;
#274 = CARTESIAN_POINT ( 'NONE',  ( 0.4055000000000000800, -0.03900000000000000000, -0.4964999999999999400 ) ) ;
#275 = DIRECTION ( 'NONE',  ( 0.0000000000000000000, 0.0000000000000000000, 1.000000000000000000 ) ) ;
#276 = DIRECTION ( 'NONE',  ( -1.000000000000000000, -0.0000000000000000000, -0.0000000000000000000 ) ) ;
#277 = CARTESIAN_POINT ( 'NONE',  ( 0.1554999999999995600, -0.02017626630465657600, -0.3546224071105418800 ) ) ;
#278 = AXIS2_PLACEMENT_3D ( 'NONE', #277, #276, #275 ) ;
#279 = CIRCLE ( 'NONE', #278, 0.009999999999999962000 ) ;
#280 = LINE ( 'NONE', #175, #174 ) ;
#281 = DIRECTION ( 'NONE',  ( 5.853959986423435000E-015, 0.0000000000000000000, -1.000000000000000000 ) ) ;
#282 = DIRECTION ( 'NONE',  ( 1.000000000000000000, -8.124001452702080700E-032, 5.853959986423435000E-015 ) ) ;
#283 = CARTESIAN_POINT ( 'NONE',  ( 0.2804999999999995300, -0.03017626630465657400, -0.3546224071105418800 ) ) ;
#284 = AXIS2_PLACEMENT_3D ( 'NONE', #283, #282, #281 ) ;
#285 = PLANE ( 'NONE',  #284 ) ;
#286 = FACE_OUTER_BOUND ( 'NONE', #2039, .T. ) ;
#287 = DIRECTION ( 'NONE',  ( -5.853959986423408200E-015, -0.0000000000000000000, 1.000000000000000000 ) ) ;
#288 = VECTOR ( 'NONE', #287, 39.37007874015748100 ) ;
#289 = CARTESIAN_POINT ( 'NONE',  ( 0.1554999999999992200, -0.03017626630465657400, -0.3021224071105417800 ) ) ;
#290 = LINE ( 'NONE', #289, #288 ) ;
#291 = DIRECTION ( 'NONE',  ( 0.0000000000000000000, 3.521522804332839000E-015, 1.000000000000000000 ) ) ;
#292 = DIRECTION ( 'NONE',  ( -1.000000000000000000, -0.0000000000000000000, 2.134256245050205700E-016 ) ) ;
#293 = CARTESIAN_POINT ( 'NONE',  ( -0.1489999999999999900, -0.009999999999999975900, 3.180041805124806200E-017 ) ) ;
#294 = AXIS2_PLACEMENT_3D ( 'NONE', #293, #292, #291 ) ;
#295 = CYLINDRICAL_SURFACE ( 'NONE', #294, 0.02000000000000000000 ) ;
#296 = DIRECTION ( 'NONE',  ( 0.0000000000000000000, 0.0000000000000000000, 1.000000000000000000 ) ) ;
#297 = DIRECTION ( 'NONE',  ( -1.000000000000000000, -0.0000000000000000000, 2.134256245050205700E-016 ) ) ;
#298 = CARTESIAN_POINT ( 'NONE',  ( -0.1489999999999999900, -0.009999999999999975900, 3.180041805124806200E-017 ) ) ;
#299 = AXIS2_PLACEMENT_3D ( 'NONE', #298, #297, #296 ) ;
#300 = CIRCLE ( 'NONE', #299, 0.02000000000000000000 ) ;
#301 = FACE_OUTER_BOUND ( 'NONE', #2023, .T. ) ;
#302 = CARTESIAN_POINT ( 'NONE',  ( -0.1489999999999999900, -0.009999999999999984600, 0.02000000000000003500 ) ) ;
#303 = DIRECTION ( 'NONE',  ( 2.201087457280779800E-016, 1.418763820953981800E-032, 1.000000000000000000 ) ) ;
#304 = VECTOR ( 'NONE', #303, 39.37007874015748100 ) ;
#305 = CARTESIAN_POINT ( 'NONE',  ( -0.1489999999999999900, -0.009999999999999984600, 0.01000000000000003500 ) ) ;
#306 = LINE ( 'NONE', #305, #304 ) ;
#307 = CARTESIAN_POINT ( 'NONE',  ( -0.1489999999999999900, -0.009999999999999943000, 0.01000000000000003000 ) ) ;
#308 = DIRECTION ( 'NONE',  ( 0.0000000000000000000, 0.0000000000000000000, 1.000000000000000000 ) ) ;
#309 = PLANE ( 'NONE',  #239 ) ;
#310 = AXIS2_PLACEMENT_3D ( 'NONE', #243, #242, #241 ) ;
#311 = PLANE ( 'NONE',  #310 ) ;
#312 = FACE_OUTER_BOUND ( 'NONE', #1773, .T. ) ;
#313 = DIRECTION ( 'NONE',  ( -3.502369222646492200E-015, 1.000000000000000000, -1.751184611323247900E-015 ) ) ;
#314 = VECTOR ( 'NONE', #313, 39.37007874015748100 ) ;
#315 = CARTESIAN_POINT ( 'NONE',  ( 0.4155000000000002000, -0.03899999999999992400, -0.2109999999999998800 ) ) ;
#316 = LINE ( 'NONE', #315, #314 ) ;
#317 = DIRECTION ( 'NONE',  ( 1.000000000000000000, 3.521522804332852400E-015, 0.0000000000000000000 ) ) ;
#318 = DIRECTION ( 'NONE',  ( 0.0000000000000000000, 0.0000000000000000000, 1.000000000000000000 ) ) ;
#319 = AXIS2_PLACEMENT_3D ( 'NONE', #320, #318, #317 ) ;
#320 = CARTESIAN_POINT ( 'NONE',  ( 0.3955000000000000700, -0.009999999999999995000, -0.2109999999999999400 ) ) ;
#321 = CYLINDRICAL_SURFACE ( 'NONE', #319, 0.01999999999999992400 ) ;
#322 = FACE_OUTER_BOUND ( 'NONE', #2064, .T. ) ;
#323 = DIRECTION ( 'NONE',  ( 1.000000000000000000, 0.0000000000000000000, 0.0000000000000000000 ) ) ;
#324 = DIRECTION ( 'NONE',  ( 0.0000000000000000000, 0.0000000000000000000, 1.000000000000000000 ) ) ;
#325 = CARTESIAN_POINT ( 'NONE',  ( 0.3955000000000000700, -0.009999999999999995000, -0.2109999999999999400 ) ) ;
#326 = AXIS2_PLACEMENT_3D ( 'NONE', #325, #324, #323 ) ;
#327 = CIRCLE ( 'NONE', #326, 0.01999999999999992400 ) ;
#328 = CARTESIAN_POINT ( 'NONE',  ( 0.4155000000000000900, -0.009999999999999927300, -0.2109999999999999400 ) ) ;
#329 = DIRECTION ( 'NONE',  ( 1.000000000000000000, 3.502369222646492200E-015, -1.840867920258937700E-016 ) ) ;
#330 = VECTOR ( 'NONE', #329, 39.37007874015748100 ) ;
#331 = CARTESIAN_POINT ( 'NONE',  ( 0.4055000000000000800, -0.009999999999999962000, -0.2109999999999999400 ) ) ;
#332 = LINE ( 'NONE', #331, #330 ) ;
#333 = DIRECTION ( 'NONE',  ( 1.000000000000000000, 0.0000000000000000000, 0.0000000000000000000 ) ) ;
#334 = DIRECTION ( 'NONE',  ( 0.0000000000000000000, 0.0000000000000000000, 1.000000000000000000 ) ) ;
#335 = CARTESIAN_POINT ( 'NONE',  ( 0.3955000000000000700, -0.009999999999999995000, -0.2109999999999999400 ) ) ;
#336 = AXIS2_PLACEMENT_3D ( 'NONE', #335, #334, #333 ) ;
#337 = CIRCLE ( 'NONE', #336, 0.009999999999999892700 ) ;
#338 = CARTESIAN_POINT ( 'NONE',  ( -0.4055000000000000800, -0.03900000000000000000, -0.5819999999999999600 ) ) ;
#339 = DIRECTION ( 'NONE',  ( -3.502369222646491400E-015, -1.000000000000000000, -0.0000000000000000000 ) ) ;
#340 = VECTOR ( 'NONE', #339, 39.37007874015748100 ) ;
#341 = CARTESIAN_POINT ( 'NONE',  ( -0.4054999999999999700, -1.088586153711935300E-019, -0.5819999999999999600 ) ) ;
#342 = LINE ( 'NONE', #341, #340 ) ;
#343 = CARTESIAN_POINT ( 'NONE',  ( -0.4055000000000000800, -0.03900000000000000000, -0.4964999999999999400 ) ) ;
#344 = CARTESIAN_POINT ( 'NONE',  ( -0.4055000000000001400, -0.05999999999999998400, -0.4964999999999999400 ) ) ;
#345 = DIRECTION ( 'NONE',  ( -1.840867920258933200E-016, 1.280553747030129500E-016, 1.000000000000000000 ) ) ;
#346 = VECTOR ( 'NONE', #345, 39.37007874015748100 ) ;
#347 = CARTESIAN_POINT ( 'NONE',  ( -0.4055000000000001400, -0.05999999999999998400, -0.4964999999999999400 ) ) ;
#348 = DIRECTION ( 'NONE',  ( 0.0000000000000000000, -1.000000000000000000, 0.0000000000000000000 ) ) ;
#349 = DIRECTION ( 'NONE',  ( 0.0000000000000000000, 0.0000000000000000000, -1.000000000000000000 ) ) ;
#350 = FACE_OUTER_BOUND ( 'NONE', #2078, .T. ) ;
#351 = DIRECTION ( 'NONE',  ( -1.000000000000000000, -3.491483361109382900E-015, 1.840867920258937700E-016 ) ) ;
#352 = VECTOR ( 'NONE', #351, 39.37007874015748100 ) ;
#353 = CARTESIAN_POINT ( 'NONE',  ( 0.4155000000000003100, -0.05999999999999992100, -0.2964999999999999300 ) ) ;
#354 = LINE ( 'NONE', #353, #352 ) ;
#355 = DIRECTION ( 'NONE',  ( 5.463695987328528400E-016, 0.0000000000000000000, 1.000000000000000000 ) ) ;
#356 = DIRECTION ( 'NONE',  ( -1.000000000000000000, 0.0000000000000000000, 5.463695987328528400E-016 ) ) ;
#357 = CARTESIAN_POINT ( 'NONE',  ( -0.1555000000000000300, 0.01000000000000001200, -0.6010000000000002000 ) ) ;
#358 = AXIS2_PLACEMENT_3D ( 'NONE', #357, #356, #355 ) ;
#359 = PLANE ( 'NONE',  #358 ) ;
#360 = FACE_OUTER_BOUND ( 'NONE', #2189, .T. ) ;
#361 = CARTESIAN_POINT ( 'NONE',  ( -0.2804999999999995300, -0.03010172782106979000, -0.3558411005445933900 ) ) ;
#362 = DIRECTION ( 'NONE',  ( -1.935519833567797400E-015, 0.1218693434051409300, -0.9925461516413227600 ) ) ;
#363 = VECTOR ( 'NONE', #362, 39.37007874015748900 ) ;
#364 = CARTESIAN_POINT ( 'NONE',  ( -0.1555000000000000300, 0.009925461516413238600, -0.5997813065659487500 ) ) ;
#365 = LINE ( 'NONE', #364, #363 ) ;
#366 = DIRECTION ( 'NONE',  ( -6.658570425410308300E-017, -0.9925461516413227600, -0.1218693434051409300 ) ) ;
#367 = VECTOR ( 'NONE', #366, 39.37007874015748900 ) ;
#368 = CARTESIAN_POINT ( 'NONE',  ( -0.2804999999999995300, -0.02017626630465657600, -0.3546224071105418800 ) ) ;
#369 = LINE ( 'NONE', #368, #367 ) ;
#370 = DIRECTION ( 'NONE',  ( 1.797268416884383600E-015, -0.1218693434051409500, 0.9925461516413227600 ) ) ;
#371 = VECTOR ( 'NONE', #370, 39.37007874015748900 ) ;
#372 = CARTESIAN_POINT ( 'NONE',  ( -0.2804999999999995300, -0.02017626630465657600, -0.3546224071105418800 ) ) ;
#373 = LINE ( 'NONE', #372, #371 ) ;
#374 = DIRECTION ( 'NONE',  ( 1.840867920258930300E-016, 1.996964907649320500E-016, 1.000000000000000000 ) ) ;
#375 = CARTESIAN_POINT ( 'NONE',  ( 0.4055000000000000800, -0.03900000000000003500, -0.5819999999999999600 ) ) ;
#376 = LINE ( 'NONE', #375, #422 ) ;
#377 = CARTESIAN_POINT ( 'NONE',  ( 0.6055000000000001500, -0.06499999999999993300, -0.4965000000000000000 ) ) ;
#378 = VECTOR ( 'NONE', #409, 39.37007874015748100 ) ;
#379 = DIRECTION ( 'NONE',  ( 1.000000000000000000, 0.0000000000000000000, -3.594536833768768100E-016 ) ) ;
#380 = DIRECTION ( 'NONE',  ( 3.594536833768768100E-016, 1.280553747030123100E-016, 1.000000000000000000 ) ) ;
#381 = CARTESIAN_POINT ( 'NONE',  ( 0.6055000000000001500, -0.07499999999999992800, -0.4965000000000000000 ) ) ;
#382 = FACE_OUTER_BOUND ( 'NONE', #2133, .T. ) ;
#383 = PLANE ( 'NONE',  #426 ) ;
#384 = CYLINDRICAL_SURFACE ( 'NONE', #386, 0.01499999999999997700 ) ;
#385 = CARTESIAN_POINT ( 'NONE',  ( 0.4205000000000002100, -0.05999999999999992100, -0.4964999999999999400 ) ) ;
#386 = AXIS2_PLACEMENT_3D ( 'NONE', #385, #349, #348 ) ;
#387 = FACE_OUTER_BOUND ( 'NONE', #2140, .T. ) ;
#388 = CARTESIAN_POINT ( 'NONE',  ( 0.4205000000000002100, -0.05999999999999992100, -0.4964999999999999400 ) ) ;
#389 = CYLINDRICAL_SURFACE ( 'NONE', #431, 0.004999999999999981000 ) ;
#390 = DIRECTION ( 'NONE',  ( 3.414809992080328500E-016, 1.280553747030123100E-016, 1.000000000000000000 ) ) ;
#391 = VECTOR ( 'NONE', #390, 39.37007874015748100 ) ;
#392 = CARTESIAN_POINT ( 'NONE',  ( 0.4205000000000002100, -0.07499999999999990000, -0.2964999999999999900 ) ) ;
#393 = LINE ( 'NONE', #392, #391 ) ;
#394 = DIRECTION ( 'NONE',  ( 0.0000000000000000000, 1.835919350580820700E-016, 1.000000000000000000 ) ) ;
#395 = DIRECTION ( 'NONE',  ( 4.602997611320390400E-032, -1.000000000000000000, 1.280553747030123100E-016 ) ) ;
#396 = CARTESIAN_POINT ( 'NONE',  ( 0.5105000000000001800, -0.06499999999999991900, -0.3964999999999999100 ) ) ;
#397 = DIRECTION ( 'NONE',  ( -1.000000000000000000, -0.0000000000000000000, 3.594536833768768100E-016 ) ) ;
#398 = VECTOR ( 'NONE', #397, 39.37007874015748100 ) ;
#399 = CARTESIAN_POINT ( 'NONE',  ( 0.4155000000000002600, -0.06499999999999990500, -0.2964999999999999300 ) ) ;
#400 = LINE ( 'NONE', #399, #398 ) ;
#401 = AXIS2_PLACEMENT_3D ( 'NONE', #381, #380, #379 ) ;
#402 = PLANE ( 'NONE',  #401 ) ;
#403 = FACE_OUTER_BOUND ( 'NONE', #2130, .T. ) ;
#404 = DIRECTION ( 'NONE',  ( 3.414809992080329000E-016, 1.280553747030123100E-016, 1.000000000000000000 ) ) ;
#405 = VECTOR ( 'NONE', #404, 39.37007874015748100 ) ;
#406 = CARTESIAN_POINT ( 'NONE',  ( 0.6055000000000002600, -0.06499999999999990500, -0.2964999999999999900 ) ) ;
#407 = LINE ( 'NONE', #406, #405 ) ;
#408 = CARTESIAN_POINT ( 'NONE',  ( 0.6055000000000002600, -0.06499999999999990500, -0.2964999999999999900 ) ) ;
#409 = DIRECTION ( 'NONE',  ( 1.000000000000000000, -0.0000000000000000000, -3.594536833768768100E-016 ) ) ;
#410 = CARTESIAN_POINT ( 'NONE',  ( 0.6055000000000001500, -0.06499999999999993300, -0.4965000000000000000 ) ) ;
#411 = DIRECTION ( 'NONE',  ( 0.0000000000000000000, 1.280553747030123100E-016, 1.000000000000000000 ) ) ;
#412 = CARTESIAN_POINT ( 'NONE',  ( 0.4205000000000002100, -0.05999999999999992100, -0.2964999999999998700 ) ) ;
#413 = AXIS2_PLACEMENT_3D ( 'NONE', #412, #469, #468 ) ;
#414 = CIRCLE ( 'NONE', #413, 0.004999999999999946300 ) ;
#415 = CARTESIAN_POINT ( 'NONE',  ( 0.4055000000000000800, -0.03900000000000000000, -0.5819999999999999600 ) ) ;
#416 = LINE ( 'NONE', #410, #378 ) ;
#417 = DIRECTION ( 'NONE',  ( -3.502369222646491400E-015, 1.000000000000000000, 4.605285104908644700E-032 ) ) ;
#418 = VECTOR ( 'NONE', #417, 39.37007874015748100 ) ;
#419 = CARTESIAN_POINT ( 'NONE',  ( 0.4055000000000000300, 1.709251566686859400E-031, -0.2964999999999999300 ) ) ;
#420 = LINE ( 'NONE', #419, #418 ) ;
#421 = AXIS2_PLACEMENT_3D ( 'NONE', #396, #395, #394 ) ;
#422 = VECTOR ( 'NONE', #374, 39.37007874015748100 ) ;
#423 = FACE_OUTER_BOUND ( 'NONE', #2119, .T. ) ;
#424 = FACE_BOUND ( 'NONE', #2114, .T. ) ;
#425 = DIRECTION ( 'NONE',  ( -4.602997611320390900E-032, 1.000000000000000000, -1.280553747030123100E-016 ) ) ;
#426 = AXIS2_PLACEMENT_3D ( 'NONE', #427, #425, #411 ) ;
#427 = CARTESIAN_POINT ( 'NONE',  ( 0.4155000000000002600, -0.06499999999999990500, -0.2964999999999999300 ) ) ;
#428 = CIRCLE ( 'NONE', #421, 0.04650000000000003400 ) ;
#429 = DIRECTION ( 'NONE',  ( 0.0000000000000000000, -1.000000000000000000, 0.0000000000000000000 ) ) ;
#430 = DIRECTION ( 'NONE',  ( 0.0000000000000000000, 0.0000000000000000000, -1.000000000000000000 ) ) ;
#431 = AXIS2_PLACEMENT_3D ( 'NONE', #388, #430, #429 ) ;
#432 = CARTESIAN_POINT ( 'NONE',  ( 0.4055000000000002500, -0.05999999999999995600, -0.2964999999999999300 ) ) ;
#433 = DIRECTION ( 'NONE',  ( -6.658570425410308300E-017, -0.9925461516413227600, -0.1218693434051409300 ) ) ;
#434 = VECTOR ( 'NONE', #433, 39.37007874015748900 ) ;
#435 = CARTESIAN_POINT ( 'NONE',  ( -0.1555000000000000300, 0.009925461516413238600, -0.5997813065659487500 ) ) ;
#436 = LINE ( 'NONE', #435, #434 ) ;
#437 = CARTESIAN_POINT ( 'NONE',  ( -0.1554999999999995600, -0.03010172782106980400, -0.3558411005445932800 ) ) ;
#438 = DIRECTION ( 'NONE',  ( 1.797268416884383600E-015, -0.1218693434051409500, 0.9925461516413227600 ) ) ;
#439 = VECTOR ( 'NONE', #438, 39.37007874015748900 ) ;
#440 = CARTESIAN_POINT ( 'NONE',  ( -0.2804999999999995300, -0.03010172782106980400, -0.3558411005445932800 ) ) ;
#441 = LINE ( 'NONE', #440, #439 ) ;
#442 = FACE_OUTER_BOUND ( 'NONE', #2173, .T. ) ;
#443 = FACE_BOUND ( 'NONE', #2164, .T. ) ;
#444 = DIRECTION ( 'NONE',  ( 6.884946335375903800E-032, -1.000000000000000000, 1.280553747030123100E-016 ) ) ;
#445 = VECTOR ( 'NONE', #444, 39.37007874015748100 ) ;
#446 = CARTESIAN_POINT ( 'NONE',  ( 0.4205000000000001500, -0.06499999999999991900, -0.4964999999999999400 ) ) ;
#447 = LINE ( 'NONE', #446, #445 ) ;
#448 = CARTESIAN_POINT ( 'NONE',  ( 0.4205000000000001500, -0.07499999999999992800, -0.4964999999999999400 ) ) ;
#449 = CARTESIAN_POINT ( 'NONE',  ( 0.4205000000000002100, -0.06499999999999990500, -0.4964999999999999400 ) ) ;
#450 = DIRECTION ( 'NONE',  ( -1.000000000000000000, 0.0000000000000000000, 0.0000000000000000000 ) ) ;
#451 = DIRECTION ( 'NONE',  ( 0.0000000000000000000, 0.0000000000000000000, -1.000000000000000000 ) ) ;
#452 = CARTESIAN_POINT ( 'NONE',  ( 0.4205000000000002100, -0.05999999999999992100, -0.4964999999999999400 ) ) ;
#453 = AXIS2_PLACEMENT_3D ( 'NONE', #452, #451, #450 ) ;
#454 = CIRCLE ( 'NONE', #453, 0.004999999999999946300 ) ;
#455 = DIRECTION ( 'NONE',  ( -1.000000000000000000, 0.0000000000000000000, 0.0000000000000000000 ) ) ;
#456 = DIRECTION ( 'NONE',  ( -1.791986606702704200E-015, 0.0000000000000000000, -1.000000000000000000 ) ) ;
#457 = DIRECTION ( 'NONE',  ( 1.000000000000000000, 1.529425373767596800E-016, -1.791986606702704200E-015 ) ) ;
#458 = CARTESIAN_POINT ( 'NONE',  ( -0.2804999999999995300, -0.02017626630465657600, -0.3546224071105418800 ) ) ;
#459 = AXIS2_PLACEMENT_3D ( 'NONE', #458, #457, #456 ) ;
#460 = PLANE ( 'NONE',  #459 ) ;
#461 = FACE_OUTER_BOUND ( 'NONE', #2188, .T. ) ;
#462 = DIRECTION ( 'NONE',  ( 0.0000000000000000000, 0.0000000000000000000, -1.000000000000000000 ) ) ;
#463 = CARTESIAN_POINT ( 'NONE',  ( 0.4205000000000002100, -0.05999999999999992100, -0.4964999999999999400 ) ) ;
#464 = AXIS2_PLACEMENT_3D ( 'NONE', #463, #462, #455 ) ;
#465 = CIRCLE ( 'NONE', #464, 0.01499999999999997700 ) ;
#466 = CARTESIAN_POINT ( 'NONE',  ( 0.4205000000000002100, -0.07499999999999990000, -0.2964999999999998700 ) ) ;
#467 = CARTESIAN_POINT ( 'NONE',  ( 0.4205000000000002100, -0.06499999999999990500, -0.2964999999999998700 ) ) ;
#468 = DIRECTION ( 'NONE',  ( -1.000000000000000000, 0.0000000000000000000, 0.0000000000000000000 ) ) ;
#469 = DIRECTION ( 'NONE',  ( -0.0000000000000000000, -0.0000000000000000000, 1.000000000000000000 ) ) ;
#470 = LINE ( 'NONE', #347, #346 ) ;
#471 = CARTESIAN_POINT ( 'NONE',  ( -0.4155000000000000900, -0.03899999999999996500, -0.4964999999999999400 ) ) ;
#472 = DIRECTION ( 'NONE',  ( -3.414809992080328500E-016, -1.280553747030123100E-016, -1.000000000000000000 ) ) ;
#473 = VECTOR ( 'NONE', #472, 39.37007874015748100 ) ;
#474 = CARTESIAN_POINT ( 'NONE',  ( 0.4205000000000002100, -0.06499999999999990500, -0.2964999999999999900 ) ) ;
#475 = DIRECTION ( 'NONE',  ( 0.0000000000000000000, 0.1218693434051409500, -0.9925461516413227600 ) ) ;
#476 = DIRECTION ( 'NONE',  ( -6.658570425410310700E-017, -0.9925461516413228700, -0.1218693434051409700 ) ) ;
#477 = CARTESIAN_POINT ( 'NONE',  ( -0.2804999999999999700, 0.009925461516413233400, -0.5997813065659485200 ) ) ;
#478 = LINE ( 'NONE', #474, #473 ) ;
#479 = AXIS2_PLACEMENT_3D ( 'NONE', #477, #476, #475 ) ;
#480 = PLANE ( 'NONE',  #479 ) ;
#481 = FACE_OUTER_BOUND ( 'NONE', #2199, .T. ) ;
#482 = DIRECTION ( 'NONE',  ( -1.935519833567797400E-015, 0.1218693434051409300, -0.9925461516413227600 ) ) ;
#483 = VECTOR ( 'NONE', #482, 39.37007874015748900 ) ;
#484 = CARTESIAN_POINT ( 'NONE',  ( -0.1555000000000000300, 8.537024980200822600E-018, -0.6010000000000000900 ) ) ;
#485 = LINE ( 'NONE', #484, #483 ) ;
#486 = CARTESIAN_POINT ( 'NONE',  ( -0.1554999999999995600, -0.02017626630465657600, -0.3546224071105418800 ) ) ;
#487 = DIRECTION ( 'NONE',  ( 1.000000000000000000, 0.0000000000000000000, -1.840867920258937700E-016 ) ) ;
#488 = DIRECTION ( 'NONE',  ( 1.840867920258937700E-016, 5.986870636381294100E-031, 1.000000000000000000 ) ) ;
#489 = CARTESIAN_POINT ( 'NONE',  ( 0.4155000000000002600, -0.05999999999999992100, -0.2964999999999999300 ) ) ;
#490 = AXIS2_PLACEMENT_3D ( 'NONE', #489, #488, #487 ) ;
#491 = PLANE ( 'NONE',  #490 ) ;
#492 = CARTESIAN_POINT ( 'NONE',  ( -0.2804999999999995300, -0.02017626630465657600, -0.3546224071105418800 ) ) ;
#493 = DIRECTION ( 'NONE',  ( 1.929207518290787800E-015, 0.0000000000000000000, 1.000000000000000000 ) ) ;
#494 = DIRECTION ( 'NONE',  ( -1.000000000000000000, -1.697911467527978900E-016, 1.929207518290787800E-015 ) ) ;
#495 = CARTESIAN_POINT ( 'NONE',  ( -0.1555000000000000300, 0.009925461516413238600, -0.5997813065659487500 ) ) ;
#496 = AXIS2_PLACEMENT_3D ( 'NONE', #495, #494, #493 ) ;
#497 = FACE_OUTER_BOUND ( 'NONE', #2197, .T. ) ;
#498 = DIRECTION ( 'NONE',  ( 1.000000000000000000, 0.0000000000000000000, 0.0000000000000000000 ) ) ;
#499 = DIRECTION ( 'NONE',  ( 0.0000000000000000000, -0.0000000000000000000, 1.000000000000000000 ) ) ;
#500 = CARTESIAN_POINT ( 'NONE',  ( 0.4205000000000002100, -0.05999999999999992100, -0.4964999999999999400 ) ) ;
#501 = PLANE ( 'NONE',  #496 ) ;
#502 = AXIS2_PLACEMENT_3D ( 'NONE', #500, #499, #498 ) ;
#503 = PLANE ( 'NONE',  #502 ) ;
#504 = FACE_OUTER_BOUND ( 'NONE', #2160, .T. ) ;
#505 = DIRECTION ( 'NONE',  ( -1.000000000000000000, 0.0000000000000000000, 0.0000000000000000000 ) ) ;
#506 = DIRECTION ( 'NONE',  ( -0.0000000000000000000, -0.0000000000000000000, 1.000000000000000000 ) ) ;
#507 = CARTESIAN_POINT ( 'NONE',  ( 0.4205000000000002100, -0.05999999999999992100, -0.2964999999999998700 ) ) ;
#508 = AXIS2_PLACEMENT_3D ( 'NONE', #507, #506, #505 ) ;
#509 = CIRCLE ( 'NONE', #508, 0.01499999999999997700 ) ;
#510 = DIRECTION ( 'NONE',  ( -1.000000000000000000, 0.0000000000000000000, 5.463695987328528400E-016 ) ) ;
#511 = VECTOR ( 'NONE', #510, 39.37007874015748100 ) ;
#512 = CARTESIAN_POINT ( 'NONE',  ( -0.2804999999999999700, 0.009925461516413238600, -0.5997813065659486400 ) ) ;
#513 = LINE ( 'NONE', #512, #511 ) ;
#514 = DIRECTION ( 'NONE',  ( 6.884946335375903800E-032, -1.000000000000000000, 1.280553747030123100E-016 ) ) ;
#515 = VECTOR ( 'NONE', #514, 39.37007874015748100 ) ;
#516 = CARTESIAN_POINT ( 'NONE',  ( 0.4205000000000002100, -0.07499999999999990000, -0.2964999999999999300 ) ) ;
#517 = DIRECTION ( 'NONE',  ( 0.0000000000000000000, 1.280553747030123100E-016, 1.000000000000000000 ) ) ;
#518 = DIRECTION ( 'NONE',  ( -4.602997611320390900E-032, 1.000000000000000000, -1.280553747030123100E-016 ) ) ;
#519 = CARTESIAN_POINT ( 'NONE',  ( 0.4155000000000002600, -0.07499999999999990000, -0.2964999999999999300 ) ) ;
#520 = LINE ( 'NONE', #516, #515 ) ;
#521 = AXIS2_PLACEMENT_3D ( 'NONE', #519, #518, #517 ) ;
#522 = PLANE ( 'NONE',  #521 ) ;
#523 = LINE ( 'NONE', #668, #667 ) ;
#524 = DIRECTION ( 'NONE',  ( -1.000000000000000000, 0.0000000000000000000, 0.0000000000000000000 ) ) ;
#525 = DIRECTION ( 'NONE',  ( -0.0000000000000000000, 0.0000000000000000000, -1.000000000000000000 ) ) ;
#526 = CARTESIAN_POINT ( 'NONE',  ( 0.3955000000000000700, -0.009999999999999995000, -0.5819999999999999600 ) ) ;
#527 = AXIS2_PLACEMENT_3D ( 'NONE', #526, #525, #524 ) ;
#528 = CARTESIAN_POINT ( 'NONE',  ( 0.2804999999999999700, 0.009925461516413238600, -0.5997813065659486400 ) ) ;
#529 = LINE ( 'NONE', #533, #532 ) ;
#530 = FACE_OUTER_BOUND ( 'NONE', #1827, .T. ) ;
#531 = DIRECTION ( 'NONE',  ( 1.000000000000000000, -0.0000000000000000000, 5.463695987328528400E-016 ) ) ;
#532 = VECTOR ( 'NONE', #531, 39.37007874015748100 ) ;
#533 = CARTESIAN_POINT ( 'NONE',  ( 0.2804999999999999700, 0.009925461516413238600, -0.5997813065659486400 ) ) ;
#534 = PLANE ( 'NONE',  #619 ) ;
#535 = DIRECTION ( 'NONE',  ( 1.000000000000000000, 0.0000000000000000000, 0.0000000000000000000 ) ) ;
#536 = DIRECTION ( 'NONE',  ( -0.0000000000000000000, -0.0000000000000000000, -1.000000000000000000 ) ) ;
#537 = CARTESIAN_POINT ( 'NONE',  ( 0.3955000000000000700, -0.009999999999999995000, -0.5819999999999999600 ) ) ;
#538 = AXIS2_PLACEMENT_3D ( 'NONE', #537, #536, #535 ) ;
#539 = FACE_OUTER_BOUND ( 'NONE', #1840, .T. ) ;
#540 = LINE ( 'NONE', #554, #563 ) ;
#541 = AXIS2_PLACEMENT_3D ( 'NONE', #555, #571, #569 ) ;
#542 = CIRCLE ( 'NONE', #541, 0.01000000000000003000 ) ;
#543 = CARTESIAN_POINT ( 'NONE',  ( 0.1554999999999995600, -0.03017626630465657400, -0.3546224071105418800 ) ) ;
#544 = CIRCLE ( 'NONE', #538, 0.01999999999999992400 ) ;
#545 = DIRECTION ( 'NONE',  ( 0.0000000000000000000, 1.000000000000000000, 1.387778780781445400E-017 ) ) ;
#546 = VECTOR ( 'NONE', #545, 39.37007874015748100 ) ;
#547 = CARTESIAN_POINT ( 'NONE',  ( 0.1554999999999995600, -0.03017626630465657400, -0.3546224071105418800 ) ) ;
#548 = DIRECTION ( 'NONE',  ( -5.463695987328528400E-016, 0.0000000000000000000, 1.000000000000000000 ) ) ;
#549 = DIRECTION ( 'NONE',  ( -1.000000000000000000, 0.0000000000000000000, -5.463695987328528400E-016 ) ) ;
#550 = CARTESIAN_POINT ( 'NONE',  ( 0.2804999999999999700, 0.01000000000000000400, -0.6010000000000000900 ) ) ;
#551 = AXIS2_PLACEMENT_3D ( 'NONE', #550, #549, #548 ) ;
#552 = PLANE ( 'NONE',  #551 ) ;
#553 = DIRECTION ( 'NONE',  ( 6.658570425410308300E-017, -0.9925461516413227600, -0.1218693434051409300 ) ) ;
#554 = CARTESIAN_POINT ( 'NONE',  ( 0.1555000000000000300, 0.009925461516413238600, -0.5997813065659487500 ) ) ;
#555 = CARTESIAN_POINT ( 'NONE',  ( 0.1555000000000000300, 8.537024980200822600E-018, -0.6010000000000000900 ) ) ;
#556 = CYLINDRICAL_SURFACE ( 'NONE', #621, 0.01000000000000003000 ) ;
#557 = AXIS2_PLACEMENT_3D ( 'NONE', #560, #559, #622 ) ;
#558 = CIRCLE ( 'NONE', #557, 0.009999999999999962000 ) ;
#559 = DIRECTION ( 'NONE',  ( 1.000000000000000000, -0.0000000000000000000, 5.463695987328528400E-016 ) ) ;
#560 = CARTESIAN_POINT ( 'NONE',  ( 0.2804999999999999700, 8.537024980200822600E-018, -0.6009999999999999800 ) ) ;
#561 = DIRECTION ( 'NONE',  ( 1.000000000000000000, -0.0000000000000000000, 5.463695987328528400E-016 ) ) ;
#562 = FACE_OUTER_BOUND ( 'NONE', #1818, .T. ) ;
#563 = VECTOR ( 'NONE', #553, 39.37007874015748900 ) ;
#564 = PLANE ( 'NONE',  #527 ) ;
#565 = DIRECTION ( 'NONE',  ( 0.0000000000000000000, -1.387778780781445400E-017, 1.000000000000000000 ) ) ;
#566 = DIRECTION ( 'NONE',  ( 0.0000000000000000000, 1.000000000000000000, 1.387778780781445400E-017 ) ) ;
#567 = CARTESIAN_POINT ( 'NONE',  ( 0.2179999999999991400, -0.02017626630465657600, -0.3021224071105419500 ) ) ;
#568 = FACE_OUTER_BOUND ( 'NONE', #1854, .T. ) ;
#569 = DIRECTION ( 'NONE',  ( 0.0000000000000000000, 0.0000000000000000000, -1.000000000000000000 ) ) ;
#570 = DIRECTION ( 'NONE',  ( 0.0000000000000000000, 0.0000000000000000000, -1.000000000000000000 ) ) ;
#571 = DIRECTION ( 'NONE',  ( 1.000000000000000000, -0.0000000000000000000, 5.463695987328528400E-016 ) ) ;
#572 = CARTESIAN_POINT ( 'NONE',  ( 0.2804999999999999700, 8.537024980200822600E-018, -0.6009999999999999800 ) ) ;
#573 = CARTESIAN_POINT ( 'NONE',  ( 0.2804999999999999700, 4.268512490100411300E-018, -0.6009999999999999800 ) ) ;
#574 = AXIS2_PLACEMENT_3D ( 'NONE', #573, #18, #67 ) ;
#575 = PLANE ( 'NONE',  #574 ) ;
#576 = CARTESIAN_POINT ( 'NONE',  ( -0.4205000000000002100, -0.05999999999999992100, -0.2964999999999999300 ) ) ;
#577 = CARTESIAN_POINT ( 'NONE',  ( -0.4155000000000002000, -0.03899999999999996500, -0.5819999999999999600 ) ) ;
#578 = FACE_OUTER_BOUND ( 'NONE', #1916, .T. ) ;
#579 = DIRECTION ( 'NONE',  ( -1.000000000000000000, -0.0000000000000000000, -0.0000000000000000000 ) ) ;
#580 = VECTOR ( 'NONE', #579, 39.37007874015748100 ) ;
#581 = CARTESIAN_POINT ( 'NONE',  ( 0.1554999999999995600, -0.02017626630465657600, -0.3546224071105418800 ) ) ;
#582 = DIRECTION ( 'NONE',  ( -1.929207518290787800E-015, 0.0000000000000000000, 1.000000000000000000 ) ) ;
#583 = DIRECTION ( 'NONE',  ( -1.000000000000000000, 1.697911467527978900E-016, -1.929207518290787800E-015 ) ) ;
#584 = CARTESIAN_POINT ( 'NONE',  ( 0.1555000000000000300, 0.009925461516413238600, -0.5997813065659487500 ) ) ;
#585 = LINE ( 'NONE', #581, #580 ) ;
#586 = AXIS2_PLACEMENT_3D ( 'NONE', #584, #583, #582 ) ;
#587 = PLANE ( 'NONE',  #586 ) ;
#588 = DIRECTION ( 'NONE',  ( 0.0000000000000000000, 0.0000000000000000000, -1.000000000000000000 ) ) ;
#589 = DIRECTION ( 'NONE',  ( 1.000000000000000000, 0.0000000000000000000, 0.0000000000000000000 ) ) ;
#590 = CARTESIAN_POINT ( 'NONE',  ( 0.2804999999999995300, -0.03010172782106979000, -0.3558411005445933900 ) ) ;
#591 = FACE_OUTER_BOUND ( 'NONE', #1911, .T. ) ;
#592 = AXIS2_PLACEMENT_3D ( 'NONE', #590, #589, #588 ) ;
#593 = PLANE ( 'NONE',  #592 ) ;
#594 = FACE_OUTER_BOUND ( 'NONE', #1921, .T. ) ;
#595 = CARTESIAN_POINT ( 'NONE',  ( 0.2804999999999995300, -0.03010172782106980400, -0.3558411005445932800 ) ) ;
#596 = DIRECTION ( 'NONE',  ( -1.797268416884383600E-015, -0.1218693434051409500, 0.9925461516413227600 ) ) ;
#597 = VECTOR ( 'NONE', #596, 39.37007874015748900 ) ;
#598 = CARTESIAN_POINT ( 'NONE',  ( 0.2804999999999995300, -0.03010172782106980400, -0.3558411005445932800 ) ) ;
#599 = LINE ( 'NONE', #598, #597 ) ;
#600 = DIRECTION ( 'NONE',  ( 1.791986606702704200E-015, 0.0000000000000000000, -1.000000000000000000 ) ) ;
#601 = DIRECTION ( 'NONE',  ( 1.000000000000000000, -1.529425373767596800E-016, 1.791986606702704200E-015 ) ) ;
#602 = CARTESIAN_POINT ( 'NONE',  ( 0.2804999999999995300, -0.02017626630465657600, -0.3546224071105418800 ) ) ;
#603 = AXIS2_PLACEMENT_3D ( 'NONE', #602, #601, #600 ) ;
#604 = PLANE ( 'NONE',  #603 ) ;
#605 = FACE_OUTER_BOUND ( 'NONE', #1898, .T. ) ;
#606 = DIRECTION ( 'NONE',  ( 1.935519833567797400E-015, 0.1218693434051409300, -0.9925461516413227600 ) ) ;
#607 = DIRECTION ( 'NONE',  ( 1.000000000000000000, 8.537024980200914500E-016, 0.0000000000000000000 ) ) ;
#608 = DIRECTION ( 'NONE',  ( -0.0000000000000000000, -0.0000000000000000000, -1.000000000000000000 ) ) ;
#609 = CARTESIAN_POINT ( 'NONE',  ( 0.3955000000000000700, -0.009999999999999995000, -0.5819999999999999600 ) ) ;
#610 = AXIS2_PLACEMENT_3D ( 'NONE', #609, #608, #607 ) ;
#611 = CIRCLE ( 'NONE', #610, 0.009999999999999892700 ) ;
#612 = CARTESIAN_POINT ( 'NONE',  ( 0.4154999999999999800, -0.009999999999999925600, -0.5819999999999999600 ) ) ;
#613 = AXIS2_PLACEMENT_3D ( 'NONE', #567, #566, #565 ) ;
#614 = PLANE ( 'NONE',  #613 ) ;
#615 = FACE_OUTER_BOUND ( 'NONE', #1847, .T. ) ;
#616 = DIRECTION ( 'NONE',  ( -1.000000000000000000, 0.0000000000000000000, 0.0000000000000000000 ) ) ;
#617 = DIRECTION ( 'NONE',  ( -0.0000000000000000000, 0.0000000000000000000, -1.000000000000000000 ) ) ;
#618 = CARTESIAN_POINT ( 'NONE',  ( 0.3955000000000000700, -0.009999999999999995000, -0.2109999999999999400 ) ) ;
#619 = AXIS2_PLACEMENT_3D ( 'NONE', #618, #617, #616 ) ;
#620 = CARTESIAN_POINT ( 'NONE',  ( 0.4054999999999999700, -0.009999999999999962000, -0.2109999999999999400 ) ) ;
#621 = AXIS2_PLACEMENT_3D ( 'NONE', #572, #561, #570 ) ;
#622 = DIRECTION ( 'NONE',  ( 0.0000000000000000000, 0.0000000000000000000, -1.000000000000000000 ) ) ;
#623 = LINE ( 'NONE', #642, #641 ) ;
#624 = DIRECTION ( 'NONE',  ( 0.0000000000000000000, 0.0000000000000000000, 1.000000000000000000 ) ) ;
#625 = DIRECTION ( 'NONE',  ( 0.0000000000000000000, 1.000000000000000000, 1.387778780781445400E-017 ) ) ;
#626 = CARTESIAN_POINT ( 'NONE',  ( 0.2179999999999991400, -0.02017626630465657600, -0.3021224071105419500 ) ) ;
#627 = AXIS2_PLACEMENT_3D ( 'NONE', #626, #625, #624 ) ;
#628 = CIRCLE ( 'NONE', #627, 0.06250000000000001400 ) ;
#629 = DIRECTION ( 'NONE',  ( 6.658570425410308300E-017, -0.9925461516413227600, -0.1218693434051409300 ) ) ;
#630 = VECTOR ( 'NONE', #629, 39.37007874015748900 ) ;
#631 = CARTESIAN_POINT ( 'NONE',  ( 0.2804999999999999700, 0.009925461516413238600, -0.5997813065659486400 ) ) ;
#632 = LINE ( 'NONE', #631, #630 ) ;
#633 = LINE ( 'NONE', #547, #546 ) ;
#634 = CARTESIAN_POINT ( 'NONE',  ( -0.1489999999999999900, -0.009999999999999975900, 3.180041805124806200E-017 ) ) ;
#635 = AXIS2_PLACEMENT_3D ( 'NONE', #634, #692, #691 ) ;
#636 = FACE_OUTER_BOUND ( 'NONE', #1873, .T. ) ;
#637 = CYLINDRICAL_SURFACE ( 'NONE', #635, 0.009999999999999998500 ) ;
#638 = FACE_OUTER_BOUND ( 'NONE', #1870, .T. ) ;
#639 = CARTESIAN_POINT ( 'NONE',  ( 0.1489999999999999900, -0.04999999999999999600, 0.01000000000000010600 ) ) ;
#640 = DIRECTION ( 'NONE',  ( -0.0000000000000000000, -1.000000000000000000, 3.491483361109382900E-015 ) ) ;
#641 = VECTOR ( 'NONE', #640, 39.37007874015748100 ) ;
#642 = CARTESIAN_POINT ( 'NONE',  ( 0.1489999999999999900, -3.435221924348753300E-031, 0.009999999999999932600 ) ) ;
#643 = CARTESIAN_POINT ( 'NONE',  ( 0.1555000000000000300, 0.009925461516413238600, -0.5997813065659487500 ) ) ;
#644 = VECTOR ( 'NONE', #606, 39.37007874015748900 ) ;
#645 = CARTESIAN_POINT ( 'NONE',  ( 0.1555000000000000300, 0.009925461516413238600, -0.5997813065659487500 ) ) ;
#646 = LINE ( 'NONE', #645, #644 ) ;
#647 = CARTESIAN_POINT ( 'NONE',  ( 0.1554999999999995600, -0.02017626630465657600, -0.3546224071105418800 ) ) ;
#648 = DIRECTION ( 'NONE',  ( 6.658570425410308300E-017, -0.9925461516413227600, -0.1218693434051409300 ) ) ;
#649 = VECTOR ( 'NONE', #648, 39.37007874015748900 ) ;
#650 = CARTESIAN_POINT ( 'NONE',  ( 0.1554999999999995600, -0.02017626630465657600, -0.3546224071105418800 ) ) ;
#651 = LINE ( 'NONE', #650, #649 ) ;
#652 = CARTESIAN_POINT ( 'NONE',  ( 0.1554999999999995600, -0.03010172782106979000, -0.3558411005445933900 ) ) ;
#653 = DIRECTION ( 'NONE',  ( 1.935519833567797400E-015, 0.1218693434051409300, -0.9925461516413227600 ) ) ;
#654 = VECTOR ( 'NONE', #653, 39.37007874015748900 ) ;
#655 = CARTESIAN_POINT ( 'NONE',  ( 0.1555000000000000300, 8.537024980200822600E-018, -0.6010000000000000900 ) ) ;
#656 = DIRECTION ( 'NONE',  ( 0.0000000000000000000, -3.491483361109382900E-015, -1.000000000000000000 ) ) ;
#657 = DIRECTION ( 'NONE',  ( 7.685060233442404700E-031, -1.000000000000000000, 3.491483361109382900E-015 ) ) ;
#658 = LINE ( 'NONE', #655, #654 ) ;
#659 = CARTESIAN_POINT ( 'NONE',  ( -0.1489999999999999900, -0.04999999999999996100, 0.02000000000000017000 ) ) ;
#660 = AXIS2_PLACEMENT_3D ( 'NONE', #659, #657, #656 ) ;
#661 = CARTESIAN_POINT ( 'NONE',  ( 0.4054999999999999700, -0.009999999999999962000, -0.5819999999999999600 ) ) ;
#662 = DIRECTION ( 'NONE',  ( 1.000000000000000000, 3.502369222646492200E-015, -1.840867920258937700E-016 ) ) ;
#663 = VECTOR ( 'NONE', #662, 39.37007874015748100 ) ;
#664 = CARTESIAN_POINT ( 'NONE',  ( 0.4155000000000000400, -0.009999999999999927300, -0.5819999999999999600 ) ) ;
#665 = LINE ( 'NONE', #664, #663 ) ;
#666 = DIRECTION ( 'NONE',  ( 0.0000000000000000000, 1.000000000000000000, 1.387778780781445400E-017 ) ) ;
#667 = VECTOR ( 'NONE', #666, 39.37007874015748100 ) ;
#668 = CARTESIAN_POINT ( 'NONE',  ( 0.2804999999999995300, -0.03017626630465657400, -0.3546224071105418800 ) ) ;
#669 = PLANE ( 'NONE',  #660 ) ;
#670 = DIRECTION ( 'NONE',  ( 0.0000000000000000000, 0.1218693434051409500, -0.9925461516413227600 ) ) ;
#671 = DIRECTION ( 'NONE',  ( 6.658570425410310700E-017, -0.9925461516413228700, -0.1218693434051409700 ) ) ;
#672 = CARTESIAN_POINT ( 'NONE',  ( 0.2804999999999999700, 0.009925461516413233400, -0.5997813065659485200 ) ) ;
#673 = FACE_OUTER_BOUND ( 'NONE', #1888, .T. ) ;
#674 = AXIS2_PLACEMENT_3D ( 'NONE', #672, #671, #670 ) ;
#675 = PLANE ( 'NONE',  #674 ) ;
#676 = FACE_OUTER_BOUND ( 'NONE', #1882, .T. ) ;
#677 = DIRECTION ( 'NONE',  ( 6.658570425410308300E-017, -0.9925461516413227600, -0.1218693434051409300 ) ) ;
#678 = VECTOR ( 'NONE', #677, 39.37007874015748900 ) ;
#679 = CARTESIAN_POINT ( 'NONE',  ( 0.2804999999999995300, -0.02017626630465657600, -0.3546224071105418800 ) ) ;
#680 = LINE ( 'NONE', #679, #678 ) ;
#681 = CARTESIAN_POINT ( 'NONE',  ( 0.2804999999999995300, -0.02017626630465657600, -0.3546224071105418800 ) ) ;
#682 = DIRECTION ( 'NONE',  ( -1.797268416884383600E-015, -0.1218693434051409500, 0.9925461516413227600 ) ) ;
#683 = VECTOR ( 'NONE', #682, 39.37007874015748900 ) ;
#684 = CARTESIAN_POINT ( 'NONE',  ( 0.2804999999999995300, -0.02017626630465657600, -0.3546224071105418800 ) ) ;
#685 = LINE ( 'NONE', #684, #683 ) ;
#686 = DIRECTION ( 'NONE',  ( 0.0000000000000000000, 0.0000000000000000000, 1.000000000000000000 ) ) ;
#687 = DIRECTION ( 'NONE',  ( -1.000000000000000000, -0.0000000000000000000, -0.0000000000000000000 ) ) ;
#688 = AXIS2_PLACEMENT_3D ( 'NONE', #689, #687, #686 ) ;
#689 = CARTESIAN_POINT ( 'NONE',  ( 0.1554999999999995600, -0.02017626630465657600, -0.3546224071105418800 ) ) ;
#690 = CYLINDRICAL_SURFACE ( 'NONE', #688, 0.009999999999999962000 ) ;
#691 = DIRECTION ( 'NONE',  ( 0.0000000000000000000, 3.414809992080329500E-015, 1.000000000000000000 ) ) ;
#692 = DIRECTION ( 'NONE',  ( -1.000000000000000000, -0.0000000000000000000, 2.134256245050205700E-016 ) ) ;
#693 = CARTESIAN_POINT ( 'NONE',  ( -0.4154999999999999800, -0.009999999999999927300, -0.5819999999999999600 ) ) ;
#694 = DIRECTION ( 'NONE',  ( -1.000000000000000000, 3.502369222646492200E-015, -1.840867920258937700E-016 ) ) ;
#695 = VECTOR ( 'NONE', #694, 39.37007874015748100 ) ;
#696 = CARTESIAN_POINT ( 'NONE',  ( -0.4055000000000000300, -0.009999999999999962000, -0.5819999999999999600 ) ) ;
#697 = LINE ( 'NONE', #696, #695 ) ;
#698 = CARTESIAN_POINT ( 'NONE',  ( -0.4055000000000000800, -0.009999999999999962000, -0.2109999999999999100 ) ) ;
#699 = LINE ( 'NONE', #698, #776 ) ;
#700 = DIRECTION ( 'NONE',  ( 1.000000000000000000, -0.0000000000000000000, -0.0000000000000000000 ) ) ;
#701 = VECTOR ( 'NONE', #700, 39.37007874015748100 ) ;
#702 = CARTESIAN_POINT ( 'NONE',  ( -0.1554999999999995600, -0.02017626630465657600, -0.3546224071105418800 ) ) ;
#703 = LINE ( 'NONE', #702, #701 ) ;
#704 = CARTESIAN_POINT ( 'NONE',  ( -0.3955000000000000700, -0.009999999999999995000, -0.5819999999999999600 ) ) ;
#705 = AXIS2_PLACEMENT_3D ( 'NONE', #704, #823, #822 ) ;
#706 = LINE ( 'NONE', #795, #794 ) ;
#707 = CARTESIAN_POINT ( 'NONE',  ( -0.4055000000000001400, -0.03899999999999997200, -0.2964999999999999300 ) ) ;
#708 = DIRECTION ( 'NONE',  ( -1.840867920258930300E-016, 1.996964907649320500E-016, 1.000000000000000000 ) ) ;
#709 = PLANE ( 'NONE',  #705 ) ;
#710 = CARTESIAN_POINT ( 'NONE',  ( -0.4055000000000000800, -0.009999999999999962000, -0.5819999999999999600 ) ) ;
#711 = DIRECTION ( 'NONE',  ( 0.0000000000000000000, 1.000000000000000000, 1.387778780781445400E-017 ) ) ;
#712 = VECTOR ( 'NONE', #711, 39.37007874015748100 ) ;
#713 = CARTESIAN_POINT ( 'NONE',  ( -0.2804999999999995300, -0.03017626630465657400, -0.3546224071105418800 ) ) ;
#714 = LINE ( 'NONE', #713, #712 ) ;
#715 = CARTESIAN_POINT ( 'NONE',  ( -0.3955000000000000700, -0.009999999999999995000, -0.5819999999999999600 ) ) ;
#716 = DIRECTION ( 'NONE',  ( -6.658570425410308300E-017, -0.9925461516413227600, -0.1218693434051409300 ) ) ;
#717 = VECTOR ( 'NONE', #716, 39.37007874015748900 ) ;
#718 = CARTESIAN_POINT ( 'NONE',  ( -0.1554999999999995600, -0.02017626630465657600, -0.3546224071105418800 ) ) ;
#719 = LINE ( 'NONE', #718, #717 ) ;
#720 = DIRECTION ( 'NONE',  ( 0.0000000000000000000, 0.1218693434051409500, -0.9925461516413227600 ) ) ;
#721 = DIRECTION ( 'NONE',  ( -6.658570425410310700E-017, -0.9925461516413228700, -0.1218693434051409700 ) ) ;
#722 = DIRECTION ( 'NONE',  ( 1.000000000000000000, -3.491483361109382900E-015, 1.840867920258937700E-016 ) ) ;
#723 = VECTOR ( 'NONE', #722, 39.37007874015748100 ) ;
#724 = DIRECTION ( 'NONE',  ( -1.000000000000000000, 3.491483361109382900E-015, 0.0000000000000000000 ) ) ;
#725 = DIRECTION ( 'NONE',  ( 3.491483361109382900E-015, 1.000000000000000000, 2.788947899110767100E-030 ) ) ;
#726 = CARTESIAN_POINT ( 'NONE',  ( -0.4155000000000002000, -0.03899999999999996500, -0.4964999999999999400 ) ) ;
#727 = AXIS2_PLACEMENT_3D ( 'NONE', #726, #725, #724 ) ;
#728 = PLANE ( 'NONE',  #727 ) ;
#729 = FACE_OUTER_BOUND ( 'NONE', #2284, .T. ) ;
#730 = DIRECTION ( 'NONE',  ( -1.840867920258937700E-016, -2.146211927752355700E-030, 1.000000000000000000 ) ) ;
#731 = DIRECTION ( 'NONE',  ( -0.0000000000000000000, -0.0000000000000000000, 1.000000000000000000 ) ) ;
#732 = DIRECTION ( 'NONE',  ( 1.000000000000000000, -0.0000000000000000000, -0.0000000000000000000 ) ) ;
#733 = VECTOR ( 'NONE', #732, 39.37007874015748100 ) ;
#734 = CARTESIAN_POINT ( 'NONE',  ( -0.1554999999999995600, -0.03017626630465657400, -0.3546224071105418800 ) ) ;
#735 = DIRECTION ( 'NONE',  ( -3.502369222646491400E-015, -1.000000000000000000, 0.0000000000000000000 ) ) ;
#736 = DIRECTION ( 'NONE',  ( 1.000000000000000000, -3.502369222646491400E-015, 1.840867920258937700E-016 ) ) ;
#737 = CARTESIAN_POINT ( 'NONE',  ( -0.4154999999999999800, 3.491483361109382400E-017, -0.5819999999999999600 ) ) ;
#738 = LINE ( 'NONE', #734, #733 ) ;
#739 = AXIS2_PLACEMENT_3D ( 'NONE', #737, #736, #735 ) ;
#740 = PLANE ( 'NONE',  #739 ) ;
#741 = FACE_OUTER_BOUND ( 'NONE', #2490, .T. ) ;
#742 = DIRECTION ( 'NONE',  ( 3.502369222646492200E-015, 1.000000000000000000, -1.751184611323247900E-015 ) ) ;
#743 = CARTESIAN_POINT ( 'NONE',  ( -0.3955000000000000700, -0.009999999999999995000, -0.5819999999999999600 ) ) ;
#744 = AXIS2_PLACEMENT_3D ( 'NONE', #743, #821, #820 ) ;
#745 = CYLINDRICAL_SURFACE ( 'NONE', #744, 0.01000000000000003000 ) ;
#746 = DIRECTION ( 'NONE',  ( 1.000000000000000000, -3.491483361109382900E-015, 1.840867920258937700E-016 ) ) ;
#747 = VECTOR ( 'NONE', #746, 39.37007874015748100 ) ;
#748 = CARTESIAN_POINT ( 'NONE',  ( -0.4155000000000002600, -0.05999999999999994900, -0.4964999999999999400 ) ) ;
#749 = LINE ( 'NONE', #748, #747 ) ;
#750 = CARTESIAN_POINT ( 'NONE',  ( -0.2804999999999999700, 4.268512490100411300E-018, -0.6009999999999999800 ) ) ;
#751 = AXIS2_PLACEMENT_3D ( 'NONE', #750, #721, #720 ) ;
#752 = FACE_OUTER_BOUND ( 'NONE', #2200, .T. ) ;
#753 = PLANE ( 'NONE',  #751 ) ;
#754 = DIRECTION ( 'NONE',  ( -1.000000000000000000, 0.0000000000000000000, 0.0000000000000000000 ) ) ;
#755 = DIRECTION ( 'NONE',  ( 0.0000000000000000000, 0.0000000000000000000, -1.000000000000000000 ) ) ;
#756 = AXIS2_PLACEMENT_3D ( 'NONE', #715, #755, #754 ) ;
#757 = CIRCLE ( 'NONE', #756, 0.01000000000000003000 ) ;
#758 = CARTESIAN_POINT ( 'NONE',  ( -0.4155000000000002000, -0.05999999999999994900, -0.4964999999999999400 ) ) ;
#759 = DIRECTION ( 'NONE',  ( -3.502369222646491400E-015, -1.000000000000000000, -4.605285104908644700E-032 ) ) ;
#760 = VECTOR ( 'NONE', #759, 39.37007874015748100 ) ;
#761 = CARTESIAN_POINT ( 'NONE',  ( -0.4154999999999999800, 3.491483361109387300E-017, -0.4964999999999999400 ) ) ;
#762 = LINE ( 'NONE', #761, #760 ) ;
#763 = AXIS2_PLACEMENT_3D ( 'NONE', #804, #803, #802 ) ;
#764 = CYLINDRICAL_SURFACE ( 'NONE', #763, 0.02000000000000005900 ) ;
#765 = FACE_OUTER_BOUND ( 'NONE', #2272, .T. ) ;
#766 = DIRECTION ( 'NONE',  ( 1.000000000000000000, -3.491483361109382900E-015, 1.840867920258937700E-016 ) ) ;
#767 = VECTOR ( 'NONE', #766, 39.37007874015748100 ) ;
#768 = CARTESIAN_POINT ( 'NONE',  ( -0.4155000000000002000, -0.03899999999999993700, -0.2964999999999999300 ) ) ;
#769 = LINE ( 'NONE', #768, #767 ) ;
#770 = DIRECTION ( 'NONE',  ( -1.840867920258930300E-016, 1.996964907649320500E-016, 1.000000000000000000 ) ) ;
#771 = VECTOR ( 'NONE', #770, 39.37007874015748100 ) ;
#772 = CARTESIAN_POINT ( 'NONE',  ( -0.4155000000000000900, -0.03900000000000000000, -0.5819999999999999600 ) ) ;
#773 = LINE ( 'NONE', #772, #771 ) ;
#774 = CARTESIAN_POINT ( 'NONE',  ( -0.4155000000000000900, -0.03899999999999996500, -0.5819999999999999600 ) ) ;
#775 = DIRECTION ( 'NONE',  ( 1.840867920258937700E-016, 0.0000000000000000000, -1.000000000000000000 ) ) ;
#776 = VECTOR ( 'NONE', #775, 39.37007874015748100 ) ;
#777 = VECTOR ( 'NONE', #708, 39.37007874015748100 ) ;
#778 = CARTESIAN_POINT ( 'NONE',  ( -0.4055000000000001400, -0.03899999999999997200, -0.2964999999999999300 ) ) ;
#779 = LINE ( 'NONE', #778, #777 ) ;
#780 = DIRECTION ( 'NONE',  ( -3.502369222646491400E-015, -1.000000000000000000, 0.0000000000000000000 ) ) ;
#781 = DIRECTION ( 'NONE',  ( 1.000000000000000000, -3.502369222646491400E-015, 1.840867920258937700E-016 ) ) ;
#782 = CARTESIAN_POINT ( 'NONE',  ( -0.4054999999999999700, 0.0000000000000000000, -0.5819999999999999600 ) ) ;
#783 = FACE_OUTER_BOUND ( 'NONE', #2246, .T. ) ;
#784 = VECTOR ( 'NONE', #730, 39.37007874015748100 ) ;
#785 = CARTESIAN_POINT ( 'NONE',  ( -0.4055000000000000800, -0.03900000000000000000, -0.4964999999999999400 ) ) ;
#786 = LINE ( 'NONE', #785, #784 ) ;
#787 = DIRECTION ( 'NONE',  ( -3.502369222646491400E-015, -1.000000000000000000, -4.605285104908644700E-032 ) ) ;
#788 = VECTOR ( 'NONE', #787, 39.37007874015748100 ) ;
#789 = CARTESIAN_POINT ( 'NONE',  ( -0.4055000000000001400, -0.05999999999999998400, -0.4964999999999999400 ) ) ;
#790 = LINE ( 'NONE', #789, #788 ) ;
#791 = FACE_OUTER_BOUND ( 'NONE', #2230, .T. ) ;
#792 = CARTESIAN_POINT ( 'NONE',  ( -0.4055000000000002500, -0.05999999999999992100, -0.2964999999999999300 ) ) ;
#793 = DIRECTION ( 'NONE',  ( 3.502369222646491400E-015, 1.000000000000000000, 4.605285104908644700E-032 ) ) ;
#794 = VECTOR ( 'NONE', #793, 39.37007874015748100 ) ;
#795 = CARTESIAN_POINT ( 'NONE',  ( -0.4055000000000002500, -0.05999999999999995600, -0.2964999999999999300 ) ) ;
#796 = AXIS2_PLACEMENT_3D ( 'NONE', #782, #781, #780 ) ;
#797 = PLANE ( 'NONE',  #796 ) ;
#798 = FACE_OUTER_BOUND ( 'NONE', #2289, .T. ) ;
#799 = CARTESIAN_POINT ( 'NONE',  ( -0.3955000000000000700, -0.009999999999999995000, -0.5819999999999999600 ) ) ;
#800 = AXIS2_PLACEMENT_3D ( 'NONE', #815, #814, #813 ) ;
#801 = PLANE ( 'NONE',  #800 ) ;
#802 = DIRECTION ( 'NONE',  ( -1.000000000000000000, 3.521522804332828700E-015, 0.0000000000000000000 ) ) ;
#803 = DIRECTION ( 'NONE',  ( 0.0000000000000000000, 0.0000000000000000000, -1.000000000000000000 ) ) ;
#804 = CARTESIAN_POINT ( 'NONE',  ( -0.3955000000000000700, -0.009999999999999995000, -0.5819999999999999600 ) ) ;
#805 = FACE_OUTER_BOUND ( 'NONE', #2300, .T. ) ;
#806 = VECTOR ( 'NONE', #742, 39.37007874015748100 ) ;
#807 = CARTESIAN_POINT ( 'NONE',  ( -0.4055000000000001400, -0.03899999999999995100, -0.2109999999999998800 ) ) ;
#808 = LINE ( 'NONE', #807, #806 ) ;
#809 = DIRECTION ( 'NONE',  ( -1.000000000000000000, 0.0000000000000000000, 0.0000000000000000000 ) ) ;
#810 = DIRECTION ( 'NONE',  ( 0.0000000000000000000, 0.0000000000000000000, -1.000000000000000000 ) ) ;
#811 = AXIS2_PLACEMENT_3D ( 'NONE', #799, #810, #809 ) ;
#812 = CIRCLE ( 'NONE', #811, 0.02000000000000005900 ) ;
#813 = DIRECTION ( 'NONE',  ( -1.000000000000000000, 0.0000000000000000000, -1.840867920258937700E-016 ) ) ;
#814 = DIRECTION ( 'NONE',  ( 1.840867920258937700E-016, -5.986870636381294100E-031, -1.000000000000000000 ) ) ;
#815 = CARTESIAN_POINT ( 'NONE',  ( -0.4155000000000002600, -0.05999999999999992100, -0.2964999999999999300 ) ) ;
#816 = DIRECTION ( 'NONE',  ( -1.840867920258937700E-016, -2.146211927752355700E-030, 1.000000000000000000 ) ) ;
#817 = VECTOR ( 'NONE', #816, 39.37007874015748100 ) ;
#818 = CARTESIAN_POINT ( 'NONE',  ( -0.4155000000000000900, -0.03899999999999996500, -0.5819999999999999600 ) ) ;
#819 = LINE ( 'NONE', #818, #817 ) ;
#820 = DIRECTION ( 'NONE',  ( -1.000000000000000000, 3.414809992080318900E-015, 0.0000000000000000000 ) ) ;
#821 = DIRECTION ( 'NONE',  ( 0.0000000000000000000, 0.0000000000000000000, -1.000000000000000000 ) ) ;
#822 = DIRECTION ( 'NONE',  ( 1.000000000000000000, 0.0000000000000000000, 0.0000000000000000000 ) ) ;
#823 = DIRECTION ( 'NONE',  ( 0.0000000000000000000, -0.0000000000000000000, 1.000000000000000000 ) ) ;
#824 = PLANE ( 'NONE',  #837 ) ;
#825 = PLANE ( 'NONE',  #828 ) ;
#826 = FACE_OUTER_BOUND ( 'NONE', #2417, .T. ) ;
#827 = FACE_OUTER_BOUND ( 'NONE', #2309, .T. ) ;
#828 = AXIS2_PLACEMENT_3D ( 'NONE', #834, #909, #836 ) ;
#829 = LINE ( 'NONE', #843, #842 ) ;
#830 = DIRECTION ( 'NONE',  ( 0.0000000000000000000, 1.000000000000000000, 1.387778780781445400E-017 ) ) ;
#831 = VECTOR ( 'NONE', #830, 39.37007874015748100 ) ;
#832 = CARTESIAN_POINT ( 'NONE',  ( -0.1554999999999991400, -0.03017626630465657400, -0.3021224071105418400 ) ) ;
#833 = DIRECTION ( 'NONE',  ( -1.000000000000000000, 8.537024980200797200E-016, 0.0000000000000000000 ) ) ;
#834 = CARTESIAN_POINT ( 'NONE',  ( -0.2804999999999995300, -0.03010172782106979000, -0.3558411005445933900 ) ) ;
#835 = CARTESIAN_POINT ( 'NONE',  ( -0.2804999999999995300, -0.03017626630465657400, -0.3546224071105418800 ) ) ;
#836 = DIRECTION ( 'NONE',  ( 0.0000000000000000000, 0.0000000000000000000, -1.000000000000000000 ) ) ;
#837 = AXIS2_PLACEMENT_3D ( 'NONE', #835, #868, #848 ) ;
#838 = VECTOR ( 'NONE', #877, 39.37007874015748100 ) ;
#839 = CARTESIAN_POINT ( 'NONE',  ( -0.4155000000000002600, -0.06499999999999990500, -0.2964999999999999300 ) ) ;
#840 = LINE ( 'NONE', #839, #838 ) ;
#841 = DIRECTION ( 'NONE',  ( 5.853959986423408200E-015, 0.0000000000000000000, 1.000000000000000000 ) ) ;
#842 = VECTOR ( 'NONE', #841, 39.37007874015748100 ) ;
#843 = CARTESIAN_POINT ( 'NONE',  ( -0.1554999999999992200, -0.03017626630465657400, -0.3021224071105417800 ) ) ;
#844 = AXIS2_PLACEMENT_3D ( 'NONE', #869, #847, #833 ) ;
#845 = CIRCLE ( 'NONE', #844, 0.01000000000000003000 ) ;
#846 = LINE ( 'NONE', #832, #831 ) ;
#847 = DIRECTION ( 'NONE',  ( -0.0000000000000000000, -0.0000000000000000000, 1.000000000000000000 ) ) ;
#848 = DIRECTION ( 'NONE',  ( -5.853959986423435000E-015, 0.0000000000000000000, -1.000000000000000000 ) ) ;
#849 = CIRCLE ( 'NONE', #3, 0.005000000000000014800 ) ;
#850 = DIRECTION ( 'NONE',  ( -1.000000000000000000, 3.491483361109382900E-015, 0.0000000000000000000 ) ) ;
#851 = DIRECTION ( 'NONE',  ( 3.491483361109382900E-015, 1.000000000000000000, -1.996964907649314100E-016 ) ) ;
#852 = DIRECTION ( 'NONE',  ( 1.000000000000000000, 0.0000000000000000000, 0.0000000000000000000 ) ) ;
#853 = DIRECTION ( 'NONE',  ( -0.0000000000000000000, -0.0000000000000000000, 1.000000000000000000 ) ) ;
#854 = CARTESIAN_POINT ( 'NONE',  ( -0.4205000000000002100, -0.05999999999999992100, -0.2964999999999999300 ) ) ;
#855 = AXIS2_PLACEMENT_3D ( 'NONE', #854, #853, #852 ) ;
#856 = DIRECTION ( 'NONE',  ( -1.000000000000000000, 0.0000000000000000000, -0.0000000000000000000 ) ) ;
#857 = DIRECTION ( 'NONE',  ( 0.0000000000000000000, 0.0000000000000000000, -1.000000000000000000 ) ) ;
#858 = CARTESIAN_POINT ( 'NONE',  ( -0.4205000000000002100, -0.05999999999999992100, -0.2964999999999999300 ) ) ;
#859 = CIRCLE ( 'NONE', #855, 0.01499999999999997700 ) ;
#860 = AXIS2_PLACEMENT_3D ( 'NONE', #858, #857, #856 ) ;
#861 = PLANE ( 'NONE',  #860 ) ;
#862 = FACE_OUTER_BOUND ( 'NONE', #2370, .T. ) ;
#863 = DIRECTION ( 'NONE',  ( 1.000000000000000000, 0.0000000000000000000, 0.0000000000000000000 ) ) ;
#864 = DIRECTION ( 'NONE',  ( 0.0000000000000000000, 0.0000000000000000000, -1.000000000000000000 ) ) ;
#865 = CARTESIAN_POINT ( 'NONE',  ( -0.4205000000000002100, -0.05999999999999992100, -0.4964999999999999400 ) ) ;
#866 = AXIS2_PLACEMENT_3D ( 'NONE', #865, #864, #863 ) ;
#867 = CIRCLE ( 'NONE', #866, 0.01499999999999997700 ) ;
#868 = DIRECTION ( 'NONE',  ( 1.000000000000000000, 8.124001452702080700E-032, -5.853959986423435000E-015 ) ) ;
#869 = CARTESIAN_POINT ( 'NONE',  ( -0.3955000000000000700, -0.009999999999999995000, -0.2110000000000000200 ) ) ;
#870 = PLANE ( 'NONE',  #940 ) ;
#871 = FACE_OUTER_BOUND ( 'NONE', #2332, .T. ) ;
#872 = DIRECTION ( 'NONE',  ( 1.088586153710920700E-017, 1.000000000000000000, -1.280553747030123100E-016 ) ) ;
#873 = VECTOR ( 'NONE', #872, 39.37007874015748100 ) ;
#874 = CARTESIAN_POINT ( 'NONE',  ( -0.6055000000000002600, -0.07499999999999990000, -0.2964999999999999900 ) ) ;
#875 = LINE ( 'NONE', #874, #873 ) ;
#876 = CARTESIAN_POINT ( 'NONE',  ( -0.6055000000000002600, -0.06499999999999990500, -0.2964999999999999900 ) ) ;
#877 = DIRECTION ( 'NONE',  ( 1.000000000000000000, 0.0000000000000000000, 3.594536833768768100E-016 ) ) ;
#878 = DIRECTION ( 'NONE',  ( -6.884946335375903800E-032, -1.000000000000000000, 1.280553747030123100E-016 ) ) ;
#879 = VECTOR ( 'NONE', #878, 39.37007874015748100 ) ;
#880 = CARTESIAN_POINT ( 'NONE',  ( -0.4205000000000002100, -0.06499999999999993300, -0.2964999999999999300 ) ) ;
#881 = LINE ( 'NONE', #880, #879 ) ;
#882 = DIRECTION ( 'NONE',  ( 3.414809992080328500E-016, -1.280553747030123100E-016, -1.000000000000000000 ) ) ;
#883 = VECTOR ( 'NONE', #882, 39.37007874015748100 ) ;
#884 = CARTESIAN_POINT ( 'NONE',  ( -0.4205000000000001500, -0.07499999999999992800, -0.4965000000000000000 ) ) ;
#885 = LINE ( 'NONE', #884, #883 ) ;
#886 = CARTESIAN_POINT ( 'NONE',  ( -0.4205000000000002100, -0.06499999999999993300, -0.4964999999999999400 ) ) ;
#887 = CARTESIAN_POINT ( 'NONE',  ( -0.4205000000000002100, -0.07499999999999992800, -0.4964999999999999400 ) ) ;
#888 = CARTESIAN_POINT ( 'NONE',  ( -0.4205000000000002100, -0.07499999999999990000, -0.2964999999999999300 ) ) ;
#889 = DIRECTION ( 'NONE',  ( -3.414809992080328500E-016, 1.280553747030123100E-016, 1.000000000000000000 ) ) ;
#890 = VECTOR ( 'NONE', #889, 39.37007874015748100 ) ;
#891 = CARTESIAN_POINT ( 'NONE',  ( -0.4205000000000001500, -0.06499999999999993300, -0.4965000000000000000 ) ) ;
#892 = LINE ( 'NONE', #891, #890 ) ;
#893 = DIRECTION ( 'NONE',  ( 0.0000000000000000000, -1.000000000000000000, 0.0000000000000000000 ) ) ;
#894 = DIRECTION ( 'NONE',  ( -0.0000000000000000000, -0.0000000000000000000, 1.000000000000000000 ) ) ;
#895 = AXIS2_PLACEMENT_3D ( 'NONE', #896, #894, #893 ) ;
#896 = CARTESIAN_POINT ( 'NONE',  ( -0.4205000000000002100, -0.05999999999999992100, -0.2964999999999998700 ) ) ;
#897 = CYLINDRICAL_SURFACE ( 'NONE', #895, 0.005000000000000006200 ) ;
#898 = FACE_OUTER_BOUND ( 'NONE', #2383, .T. ) ;
#899 = DIRECTION ( 'NONE',  ( 0.0000000000000000000, 1.835919350580820700E-016, 1.000000000000000000 ) ) ;
#900 = DIRECTION ( 'NONE',  ( 4.602997611320390400E-032, 1.000000000000000000, -1.280553747030123100E-016 ) ) ;
#901 = AXIS2_PLACEMENT_3D ( 'NONE', #905, #900, #899 ) ;
#902 = CIRCLE ( 'NONE', #901, 0.04650000000000003400 ) ;
#903 = DIRECTION ( 'NONE',  ( 0.0000000000000000000, 1.280553747030123100E-016, 1.000000000000000000 ) ) ;
#904 = DIRECTION ( 'NONE',  ( 4.602997611320390900E-032, 1.000000000000000000, -1.280553747030123100E-016 ) ) ;
#905 = CARTESIAN_POINT ( 'NONE',  ( -0.5105000000000001800, -0.06499999999999991900, -0.3964999999999999100 ) ) ;
#906 = CARTESIAN_POINT ( 'NONE',  ( -0.4155000000000002600, -0.06499999999999990500, -0.2964999999999999300 ) ) ;
#907 = AXIS2_PLACEMENT_3D ( 'NONE', #906, #904, #903 ) ;
#908 = FACE_OUTER_BOUND ( 'NONE', #2357, .T. ) ;
#909 = DIRECTION ( 'NONE',  ( 1.000000000000000000, 0.0000000000000000000, 0.0000000000000000000 ) ) ;
#910 = FACE_BOUND ( 'NONE', #2353, .T. ) ;
#911 = DIRECTION ( 'NONE',  ( -3.414809992080329000E-016, 1.280553747030123100E-016, 1.000000000000000000 ) ) ;
#912 = VECTOR ( 'NONE', #911, 39.37007874015748100 ) ;
#913 = CARTESIAN_POINT ( 'NONE',  ( -0.6055000000000002600, -0.07499999999999990000, -0.2964999999999999900 ) ) ;
#914 = LINE ( 'NONE', #913, #912 ) ;
#915 = PLANE ( 'NONE',  #907 ) ;
#916 = DIRECTION ( 'NONE',  ( 0.0000000000000000000, 1.835919350580820700E-016, 1.000000000000000000 ) ) ;
#917 = DIRECTION ( 'NONE',  ( 1.088586153710920700E-017, 1.000000000000000000, -1.280553747030123100E-016 ) ) ;
#918 = AXIS2_PLACEMENT_3D ( 'NONE', #919, #917, #916 ) ;
#919 = CARTESIAN_POINT ( 'NONE',  ( -0.5105000000000001800, -0.07499999999999991400, -0.3964999999999999100 ) ) ;
#920 = CYLINDRICAL_SURFACE ( 'NONE', #918, 0.04650000000000003400 ) ;
#921 = DIRECTION ( 'NONE',  ( -3.414809992080329000E-016, 0.0000000000000000000, 1.000000000000000000 ) ) ;
#922 = DIRECTION ( 'NONE',  ( -1.000000000000000000, 1.088586153710916400E-017, -3.414809992080329000E-016 ) ) ;
#923 = CARTESIAN_POINT ( 'NONE',  ( -0.6055000000000002600, -0.07499999999999990000, -0.2964999999999999900 ) ) ;
#924 = FACE_OUTER_BOUND ( 'NONE', #2345, .T. ) ;
#925 = AXIS2_PLACEMENT_3D ( 'NONE', #923, #922, #921 ) ;
#926 = PLANE ( 'NONE',  #925 ) ;
#927 = FACE_OUTER_BOUND ( 'NONE', #2362, .T. ) ;
#928 = DIRECTION ( 'NONE',  ( -3.414809992080329000E-016, 1.280553747030123100E-016, 1.000000000000000000 ) ) ;
#929 = VECTOR ( 'NONE', #928, 39.37007874015748100 ) ;
#930 = CARTESIAN_POINT ( 'NONE',  ( -0.6055000000000002600, -0.06499999999999990500, -0.2964999999999999900 ) ) ;
#931 = LINE ( 'NONE', #930, #929 ) ;
#932 = CARTESIAN_POINT ( 'NONE',  ( -0.6055000000000001500, -0.07499999999999992800, -0.4965000000000000000 ) ) ;
#933 = CARTESIAN_POINT ( 'NONE',  ( -0.6055000000000001500, -0.06499999999999993300, -0.4965000000000000000 ) ) ;
#934 = DIRECTION ( 'NONE',  ( -1.000000000000000000, 0.0000000000000000000, -3.594536833768768100E-016 ) ) ;
#935 = VECTOR ( 'NONE', #934, 39.37007874015748100 ) ;
#936 = CARTESIAN_POINT ( 'NONE',  ( -0.4155000000000002000, -0.06499999999999993300, -0.4964999999999999400 ) ) ;
#937 = DIRECTION ( 'NONE',  ( -1.000000000000000000, 0.0000000000000000000, -3.594536833768768100E-016 ) ) ;
#938 = DIRECTION ( 'NONE',  ( 3.594536833768768100E-016, -1.280553747030123100E-016, -1.000000000000000000 ) ) ;
#939 = CARTESIAN_POINT ( 'NONE',  ( -0.6055000000000001500, -0.07499999999999992800, -0.4965000000000000000 ) ) ;
#940 = AXIS2_PLACEMENT_3D ( 'NONE', #939, #938, #937 ) ;
#941 = LINE ( 'NONE', #936, #935 ) ;
#942 = AXIS2_PLACEMENT_3D ( 'NONE', #944, #949, #943 ) ;
#943 = DIRECTION ( 'NONE',  ( 1.000000000000000000, 0.0000000000000000000, 0.0000000000000000000 ) ) ;
#944 = CARTESIAN_POINT ( 'NONE',  ( -0.4205000000000002100, -0.05999999999999992100, -0.4964999999999999400 ) ) ;
#945 = CARTESIAN_POINT ( 'NONE',  ( -0.4205000000000002100, -0.06499999999999993300, -0.2964999999999999300 ) ) ;
#946 = DIRECTION ( 'NONE',  ( 0.0000000000000000000, -1.000000000000000000, 0.0000000000000000000 ) ) ;
#947 = DIRECTION ( 'NONE',  ( -0.0000000000000000000, -0.0000000000000000000, 1.000000000000000000 ) ) ;
#948 = CIRCLE ( 'NONE', #942, 0.005000000000000014800 ) ;
#949 = DIRECTION ( 'NONE',  ( 0.0000000000000000000, 0.0000000000000000000, -1.000000000000000000 ) ) ;
#950 = CARTESIAN_POINT ( 'NONE',  ( -0.1554999999999995600, -0.02017626630465657600, -0.3546224071105418800 ) ) ;
#951 = DIRECTION ( 'NONE',  ( 1.000000000000000000, 0.0000000000000000000, 0.0000000000000000000 ) ) ;
#952 = FACE_OUTER_BOUND ( 'NONE', #2375, .T. ) ;
#953 = FACE_OUTER_BOUND ( 'NONE', #2407, .T. ) ;
#954 = DIRECTION ( 'NONE',  ( 1.000000000000000000, -3.491483361109382900E-015, 1.840867920258937700E-016 ) ) ;
#955 = VECTOR ( 'NONE', #954, 39.37007874015748100 ) ;
#956 = CARTESIAN_POINT ( 'NONE',  ( -0.4155000000000002000, -0.03899999999999996500, -0.4964999999999999400 ) ) ;
#957 = AXIS2_PLACEMENT_3D ( 'NONE', #1099, #1097, #1096 ) ;
#958 = FACE_OUTER_BOUND ( 'NONE', #2421, .T. ) ;
#959 = DIRECTION ( 'NONE',  ( 0.0000000000000000000, -1.387778780781445400E-017, 1.000000000000000000 ) ) ;
#960 = DIRECTION ( 'NONE',  ( 0.0000000000000000000, 1.000000000000000000, 1.387778780781445400E-017 ) ) ;
#961 = CARTESIAN_POINT ( 'NONE',  ( -0.2179999999999991400, -0.03017626630465657400, -0.3021224071105419500 ) ) ;
#962 = PLANE ( 'NONE',  #957 ) ;
#963 = AXIS2_PLACEMENT_3D ( 'NONE', #961, #960, #959 ) ;
#964 = PLANE ( 'NONE',  #963 ) ;
#965 = FACE_OUTER_BOUND ( 'NONE', #2412, .T. ) ;
#966 = DIRECTION ( 'NONE',  ( 0.0000000000000000000, 0.0000000000000000000, 1.000000000000000000 ) ) ;
#967 = DIRECTION ( 'NONE',  ( -1.000000000000000000, -0.0000000000000000000, -0.0000000000000000000 ) ) ;
#968 = AXIS2_PLACEMENT_3D ( 'NONE', #950, #967, #966 ) ;
#969 = CIRCLE ( 'NONE', #968, 0.009999999999999962000 ) ;
#970 = LINE ( 'NONE', #956, #955 ) ;
#971 = CARTESIAN_POINT ( 'NONE',  ( -0.4205000000000002100, -0.05999999999999992100, -0.2964999999999998700 ) ) ;
#972 = DIRECTION ( 'NONE',  ( -5.853959986423435000E-015, 0.0000000000000000000, -1.000000000000000000 ) ) ;
#973 = VECTOR ( 'NONE', #972, 39.37007874015748100 ) ;
#974 = CARTESIAN_POINT ( 'NONE',  ( -0.2804999999999995300, -0.03017626630465657400, -0.3546224071105418800 ) ) ;
#975 = LINE ( 'NONE', #974, #973 ) ;
#976 = DIRECTION ( 'NONE',  ( 1.000000000000000000, 0.0000000000000000000, 1.840867920258937700E-016 ) ) ;
#977 = DIRECTION ( 'NONE',  ( 4.602997611320390400E-032, 1.000000000000000000, -1.280553747030123100E-016 ) ) ;
#978 = AXIS2_PLACEMENT_3D ( 'NONE', #985, #977, #1071 ) ;
#979 = CIRCLE ( 'NONE', #978, 0.04650000000000003400 ) ;
#980 = DIRECTION ( 'NONE',  ( 0.0000000000000000000, 1.280553747030123100E-016, 1.000000000000000000 ) ) ;
#981 = DIRECTION ( 'NONE',  ( 4.602997611320390900E-032, 1.000000000000000000, -1.280553747030123100E-016 ) ) ;
#982 = CARTESIAN_POINT ( 'NONE',  ( -0.4155000000000002600, -0.07499999999999990000, -0.2964999999999999300 ) ) ;
#983 = AXIS2_PLACEMENT_3D ( 'NONE', #982, #981, #980 ) ;
#984 = PLANE ( 'NONE',  #983 ) ;
#985 = CARTESIAN_POINT ( 'NONE',  ( -0.5105000000000001800, -0.07499999999999991400, -0.3964999999999999100 ) ) ;
#986 = AXIS2_PLACEMENT_3D ( 'NONE', #971, #947, #946 ) ;
#987 = FACE_BOUND ( 'NONE', #2445, .T. ) ;
#988 = FACE_OUTER_BOUND ( 'NONE', #2449, .T. ) ;
#989 = DIRECTION ( 'NONE',  ( 1.088586153710920700E-017, 1.000000000000000000, -1.280553747030123100E-016 ) ) ;
#990 = VECTOR ( 'NONE', #989, 39.37007874015748100 ) ;
#991 = CARTESIAN_POINT ( 'NONE',  ( -0.6055000000000001500, -0.07499999999999992800, -0.4965000000000000000 ) ) ;
#992 = LINE ( 'NONE', #991, #990 ) ;
#993 = DIRECTION ( 'NONE',  ( -1.000000000000000000, -0.0000000000000000000, -3.594536833768768100E-016 ) ) ;
#994 = VECTOR ( 'NONE', #993, 39.37007874015748100 ) ;
#995 = CARTESIAN_POINT ( 'NONE',  ( -0.6055000000000001500, -0.07499999999999992800, -0.4965000000000000000 ) ) ;
#996 = DIRECTION ( 'NONE',  ( 0.0000000000000000000, -1.387778780781445400E-017, 1.000000000000000000 ) ) ;
#997 = DIRECTION ( 'NONE',  ( 0.0000000000000000000, 1.000000000000000000, 1.387778780781445400E-017 ) ) ;
#998 = CARTESIAN_POINT ( 'NONE',  ( -0.2179999999999991400, -0.02017626630465657600, -0.3021224071105419500 ) ) ;
#999 = LINE ( 'NONE', #995, #994 ) ;
#1000 = AXIS2_PLACEMENT_3D ( 'NONE', #998, #997, #996 ) ;
#1001 = PLANE ( 'NONE',  #1000 ) ;
#1002 = FACE_OUTER_BOUND ( 'NONE', #2317, .T. ) ;
#1003 = DIRECTION ( 'NONE',  ( -1.000000000000000000, 0.0000000000000000000, 0.0000000000000000000 ) ) ;
#1004 = DIRECTION ( 'NONE',  ( -0.0000000000000000000, -0.0000000000000000000, 1.000000000000000000 ) ) ;
#1005 = CARTESIAN_POINT ( 'NONE',  ( -0.3955000000000000700, -0.009999999999999995000, -0.2110000000000000200 ) ) ;
#1006 = AXIS2_PLACEMENT_3D ( 'NONE', #1005, #1004, #1003 ) ;
#1007 = CIRCLE ( 'NONE', #1006, 0.02000000000000005900 ) ;
#1008 = DIRECTION ( 'NONE',  ( 0.0000000000000000000, 0.0000000000000000000, 1.000000000000000000 ) ) ;
#1009 = DIRECTION ( 'NONE',  ( -0.0000000000000000000, -1.000000000000000000, -1.387778780781445400E-017 ) ) ;
#1010 = CARTESIAN_POINT ( 'NONE',  ( -0.2179999999999991400, -0.02017626630465657600, -0.3021224071105419500 ) ) ;
#1011 = AXIS2_PLACEMENT_3D ( 'NONE', #1010, #1009, #1008 ) ;
#1012 = DIRECTION ( 'NONE',  ( 5.853959986423408200E-015, 0.0000000000000000000, 1.000000000000000000 ) ) ;
#1013 = DIRECTION ( 'NONE',  ( -1.000000000000000000, -8.124001452702045700E-032, 5.853959986423408200E-015 ) ) ;
#1014 = CARTESIAN_POINT ( 'NONE',  ( -0.1554999999999992200, -0.03017626630465657400, -0.3021224071105417800 ) ) ;
#1015 = CIRCLE ( 'NONE', #1011, 0.06250000000000001400 ) ;
#1016 = AXIS2_PLACEMENT_3D ( 'NONE', #1014, #1013, #1012 ) ;
#1017 = PLANE ( 'NONE',  #1016 ) ;
#1018 = DIRECTION ( 'NONE',  ( 0.0000000000000000000, 0.0000000000000000000, 1.000000000000000000 ) ) ;
#1019 = DIRECTION ( 'NONE',  ( -1.000000000000000000, -0.0000000000000000000, -0.0000000000000000000 ) ) ;
#1020 = AXIS2_PLACEMENT_3D ( 'NONE', #1022, #1019, #1018 ) ;
#1021 = FACE_OUTER_BOUND ( 'NONE', #2322, .T. ) ;
#1022 = CARTESIAN_POINT ( 'NONE',  ( -0.2804999999999995300, -0.02017626630465657600, -0.3546224071105418800 ) ) ;
#1023 = CYLINDRICAL_SURFACE ( 'NONE', #1020, 0.009999999999999962000 ) ;
#1024 = FACE_OUTER_BOUND ( 'NONE', #2431, .T. ) ;
#1025 = CARTESIAN_POINT ( 'NONE',  ( -0.2804999999999995300, -0.03017626630465657400, -0.3546224071105418800 ) ) ;
#1026 = DIRECTION ( 'NONE',  ( 0.0000000000000000000, 0.0000000000000000000, 1.000000000000000000 ) ) ;
#1027 = DIRECTION ( 'NONE',  ( -1.000000000000000000, -0.0000000000000000000, -0.0000000000000000000 ) ) ;
#1028 = CARTESIAN_POINT ( 'NONE',  ( -0.2804999999999995300, -0.02017626630465657600, -0.3546224071105418800 ) ) ;
#1029 = AXIS2_PLACEMENT_3D ( 'NONE', #1028, #1027, #1026 ) ;
#1030 = CIRCLE ( 'NONE', #1029, 0.009999999999999962000 ) ;
#1031 = CARTESIAN_POINT ( 'NONE',  ( -0.1554999999999991400, -0.03017626630465657400, -0.3021224071105418400 ) ) ;
#1032 = CARTESIAN_POINT ( 'NONE',  ( -0.1554999999999991400, -0.02017626630465657600, -0.3021224071105418400 ) ) ;
#1033 = DIRECTION ( 'NONE',  ( 5.853959986423408200E-015, 0.0000000000000000000, 1.000000000000000000 ) ) ;
#1034 = VECTOR ( 'NONE', #1033, 39.37007874015748100 ) ;
#1035 = CARTESIAN_POINT ( 'NONE',  ( -0.1554999999999992200, -0.02017626630465657600, -0.3021224071105417800 ) ) ;
#1036 = LINE ( 'NONE', #1035, #1034 ) ;
#1037 = CARTESIAN_POINT ( 'NONE',  ( -0.1554999999999995600, -0.03017626630465657400, -0.3546224071105418800 ) ) ;
#1038 = DIRECTION ( 'NONE',  ( 1.000000000000000000, -0.0000000000000000000, -0.0000000000000000000 ) ) ;
#1039 = VECTOR ( 'NONE', #1038, 39.37007874015748100 ) ;
#1040 = DIRECTION ( 'NONE',  ( 0.0000000000000000000, 0.0000000000000000000, 1.000000000000000000 ) ) ;
#1041 = DIRECTION ( 'NONE',  ( -0.0000000000000000000, -1.000000000000000000, -1.387778780781445400E-017 ) ) ;
#1042 = CARTESIAN_POINT ( 'NONE',  ( -0.2179999999999991400, -0.03017626630465657400, -0.3021224071105419500 ) ) ;
#1043 = AXIS2_PLACEMENT_3D ( 'NONE', #1042, #1041, #1040 ) ;
#1044 = DIRECTION ( 'NONE',  ( 0.0000000000000000000, 0.0000000000000000000, 1.000000000000000000 ) ) ;
#1045 = DIRECTION ( 'NONE',  ( 0.0000000000000000000, 1.000000000000000000, 1.387778780781445400E-017 ) ) ;
#1046 = AXIS2_PLACEMENT_3D ( 'NONE', #1048, #1045, #1044 ) ;
#1047 = CIRCLE ( 'NONE', #1043, 0.06250000000000001400 ) ;
#1048 = CARTESIAN_POINT ( 'NONE',  ( -0.2179999999999991400, -0.03017626630465657400, -0.3021224071105419500 ) ) ;
#1049 = CYLINDRICAL_SURFACE ( 'NONE', #1046, 0.06250000000000001400 ) ;
#1050 = FACE_OUTER_BOUND ( 'NONE', #2465, .T. ) ;
#1051 = DIRECTION ( 'NONE',  ( 0.0000000000000000000, 1.000000000000000000, 1.387778780781445400E-017 ) ) ;
#1052 = VECTOR ( 'NONE', #1051, 39.37007874015748100 ) ;
#1053 = CARTESIAN_POINT ( 'NONE',  ( -0.1554999999999995600, -0.03017626630465657400, -0.3546224071105418800 ) ) ;
#1054 = LINE ( 'NONE', #1053, #1052 ) ;
#1055 = CARTESIAN_POINT ( 'NONE',  ( -0.4155000000000000900, -0.009999999999999925600, -0.2110000000000000200 ) ) ;
#1056 = CARTESIAN_POINT ( 'NONE',  ( -0.4055000000000000800, -0.009999999999999962000, -0.2110000000000000200 ) ) ;
#1057 = DIRECTION ( 'NONE',  ( -1.000000000000000000, 3.502369222646492200E-015, -1.840867920258937700E-016 ) ) ;
#1058 = VECTOR ( 'NONE', #1057, 39.37007874015748100 ) ;
#1059 = CARTESIAN_POINT ( 'NONE',  ( -0.4155000000000000900, -0.009999999999999927300, -0.2109999999999999100 ) ) ;
#1060 = DIRECTION ( 'NONE',  ( 1.000000000000000000, 0.0000000000000000000, 0.0000000000000000000 ) ) ;
#1061 = DIRECTION ( 'NONE',  ( 0.0000000000000000000, -0.0000000000000000000, 1.000000000000000000 ) ) ;
#1062 = CARTESIAN_POINT ( 'NONE',  ( -0.3955000000000000700, -0.009999999999999995000, -0.2110000000000000200 ) ) ;
#1063 = LINE ( 'NONE', #1059, #1058 ) ;
#1064 = AXIS2_PLACEMENT_3D ( 'NONE', #1062, #1061, #1060 ) ;
#1065 = PLANE ( 'NONE',  #1064 ) ;
#1066 = FACE_OUTER_BOUND ( 'NONE', #2398, .T. ) ;
#1067 = DIRECTION ( 'NONE',  ( -5.853959986423435000E-015, 0.0000000000000000000, -1.000000000000000000 ) ) ;
#1068 = VECTOR ( 'NONE', #1067, 39.37007874015748100 ) ;
#1069 = CARTESIAN_POINT ( 'NONE',  ( -0.2804999999999995300, -0.02017626630465657600, -0.3546224071105418800 ) ) ;
#1070 = LINE ( 'NONE', #1069, #1068 ) ;
#1071 = DIRECTION ( 'NONE',  ( 0.0000000000000000000, 1.835919350580820700E-016, 1.000000000000000000 ) ) ;
#1072 = DIRECTION ( 'NONE',  ( -6.884946335375903800E-032, -1.000000000000000000, 1.280553747030123100E-016 ) ) ;
#1073 = VECTOR ( 'NONE', #1072, 39.37007874015748100 ) ;
#1074 = CARTESIAN_POINT ( 'NONE',  ( -0.4205000000000001500, -0.07499999999999992800, -0.4964999999999999400 ) ) ;
#1075 = LINE ( 'NONE', #1074, #1073 ) ;
#1076 = CARTESIAN_POINT ( 'NONE',  ( 0.06250000000000000000, 0.006999999999999999300, -0.09799999999999993400 ) ) ;
#1077 = CARTESIAN_POINT ( 'NONE',  ( -0.4155000000000002000, -0.03899999999999993700, -0.2964999999999999300 ) ) ;
#1078 = AXIS2_PLACEMENT_3D ( 'NONE', #1077, #851, #850 ) ;
#1079 = FACE_OUTER_BOUND ( 'NONE', #2471, .T. ) ;
#1080 = DIRECTION ( 'NONE',  ( -1.000000000000000000, 0.0000000000000000000, -0.0000000000000000000 ) ) ;
#1081 = DIRECTION ( 'NONE',  ( 0.0000000000000000000, 0.0000000000000000000, -1.000000000000000000 ) ) ;
#1082 = CARTESIAN_POINT ( 'NONE',  ( -0.4205000000000002100, -0.05999999999999992100, -0.4964999999999999400 ) ) ;
#1083 = AXIS2_PLACEMENT_3D ( 'NONE', #1082, #1081, #1080 ) ;
#1084 = PLANE ( 'NONE',  #1083 ) ;
#1085 = PLANE ( 'NONE',  #1078 ) ;
#1086 = FACE_OUTER_BOUND ( 'NONE', #2192, .T. ) ;
#1087 = DIRECTION ( 'NONE',  ( 1.000000000000000000, -3.491483361109382900E-015, 1.840867920258937700E-016 ) ) ;
#1088 = VECTOR ( 'NONE', #1087, 39.37007874015748100 ) ;
#1089 = CARTESIAN_POINT ( 'NONE',  ( -0.4155000000000002600, -0.05999999999999992100, -0.2964999999999999300 ) ) ;
#1090 = LINE ( 'NONE', #1089, #1088 ) ;
#1091 = DIRECTION ( 'NONE',  ( -1.840867920258937700E-016, 5.986870636381294100E-031, 1.000000000000000000 ) ) ;
#1092 = PLANE ( 'NONE',  #1094 ) ;
#1093 = CARTESIAN_POINT ( 'NONE',  ( -0.4155000000000002600, -0.05999999999999994900, -0.4964999999999999400 ) ) ;
#1094 = AXIS2_PLACEMENT_3D ( 'NONE', #1093, #1091, #976 ) ;
#1095 = CARTESIAN_POINT ( 'NONE',  ( -0.1554999999999995600, -0.03010172782106980400, -0.3558411005445932800 ) ) ;
#1096 = DIRECTION ( 'NONE',  ( 0.0000000000000000000, 0.0000000000000000000, -1.000000000000000000 ) ) ;
#1097 = DIRECTION ( 'NONE',  ( 1.000000000000000000, 0.0000000000000000000, 0.0000000000000000000 ) ) ;
#1098 = LINE ( 'NONE', #1095, #1039 ) ;
#1099 = CARTESIAN_POINT ( 'NONE',  ( -0.1554999999999995600, -0.03010172782106979000, -0.3558411005445933900 ) ) ;
#1100 = CYLINDRICAL_SURFACE ( 'NONE', #986, 0.01500000000000001200 ) ;
#1101 = LINE ( 'NONE', #1135, #1134 ) ;
#1102 = CARTESIAN_POINT ( 'NONE',  ( -0.4155000000000002600, -0.05999999999999992100, -0.2964999999999999300 ) ) ;
#1103 = DIRECTION ( 'NONE',  ( -1.840867920258933200E-016, 1.280553747030129500E-016, 1.000000000000000000 ) ) ;
#1104 = VECTOR ( 'NONE', #1103, 39.37007874015748100 ) ;
#1105 = CARTESIAN_POINT ( 'NONE',  ( -0.4155000000000002000, -0.05999999999999995600, -0.5819999999999999600 ) ) ;
#1106 = DIRECTION ( 'NONE',  ( 1.000000000000000000, 0.0000000000000000000, 1.840867920258937700E-016 ) ) ;
#1107 = DIRECTION ( 'NONE',  ( -1.840867920258937700E-016, 6.447399146872157700E-031, 1.000000000000000000 ) ) ;
#1108 = CARTESIAN_POINT ( 'NONE',  ( -0.4154999999999999800, 3.491483361109382400E-017, -0.5819999999999999600 ) ) ;
#1109 = LINE ( 'NONE', #1105, #1104 ) ;
#1110 = AXIS2_PLACEMENT_3D ( 'NONE', #1108, #1107, #1106 ) ;
#1111 = PLANE ( 'NONE',  #1110 ) ;
#1112 = FACE_OUTER_BOUND ( 'NONE', #2496, .T. ) ;
#1113 = DIRECTION ( 'NONE',  ( -1.840867920258937700E-016, -0.0000000000000000000, 1.000000000000000000 ) ) ;
#1114 = VECTOR ( 'NONE', #1113, 39.37007874015748100 ) ;
#1115 = CARTESIAN_POINT ( 'NONE',  ( -0.4155000000000000900, -0.009999999999999927300, -0.2109999999999999100 ) ) ;
#1116 = LINE ( 'NONE', #1115, #1114 ) ;
#1117 = CARTESIAN_POINT ( 'NONE',  ( -0.4055000000000001400, -0.03899999999999995100, -0.2109999999999998800 ) ) ;
#1118 = DIRECTION ( 'NONE',  ( 1.000000000000000000, -3.491483361109382900E-015, 1.840867920258937700E-016 ) ) ;
#1119 = VECTOR ( 'NONE', #1118, 39.37007874015748100 ) ;
#1120 = CARTESIAN_POINT ( 'NONE',  ( -0.4155000000000002000, -0.03899999999999992400, -0.2109999999999998800 ) ) ;
#1121 = LINE ( 'NONE', #1120, #1119 ) ;
#1122 = CARTESIAN_POINT ( 'NONE',  ( -0.4155000000000002000, -0.03899999999999992400, -0.2109999999999998800 ) ) ;
#1123 = DIRECTION ( 'NONE',  ( 3.502369222646492200E-015, 1.000000000000000000, -1.751184611323247900E-015 ) ) ;
#1124 = VECTOR ( 'NONE', #1123, 39.37007874015748100 ) ;
#1125 = CARTESIAN_POINT ( 'NONE',  ( -0.4155000000000000400, 6.846043244120190100E-016, -0.2109999999999999400 ) ) ;
#1126 = LINE ( 'NONE', #1125, #1124 ) ;
#1127 = DIRECTION ( 'NONE',  ( 0.0000000000000000000, 1.000000000000000000, -1.751184611323248600E-015 ) ) ;
#1128 = DIRECTION ( 'NONE',  ( 1.840867920258876300E-016, -1.751184611323248600E-015, -1.000000000000000000 ) ) ;
#1129 = CARTESIAN_POINT ( 'NONE',  ( -0.4155000000000002000, -0.03899999999999992400, -0.2109999999999998800 ) ) ;
#1130 = AXIS2_PLACEMENT_3D ( 'NONE', #1129, #1128, #1127 ) ;
#1131 = PLANE ( 'NONE',  #1130 ) ;
#1132 = FACE_OUTER_BOUND ( 'NONE', #2482, .T. ) ;
#1133 = DIRECTION ( 'NONE',  ( -3.502369222646491400E-015, -1.000000000000000000, 0.0000000000000000000 ) ) ;
#1134 = VECTOR ( 'NONE', #1133, 39.37007874015748100 ) ;
#1135 = CARTESIAN_POINT ( 'NONE',  ( -0.4154999999999999800, 3.491483361109382400E-017, -0.5819999999999999600 ) ) ;
#1136 = LINE ( 'NONE', #1213, #1212 ) ;
#1137 = CARTESIAN_POINT ( 'NONE',  ( 0.06250000000000000000, 0.006999999999999999300, -0.09799999999999993400 ) ) ;
#1138 = DIRECTION ( 'NONE',  ( -1.000000000000000000, 0.0000000000000000000, -2.869588228638932500E-016 ) ) ;
#1139 = VECTOR ( 'NONE', #1138, 39.37007874015748100 ) ;
#1140 = CARTESIAN_POINT ( 'NONE',  ( 0.06250000000000000000, 0.006999999999999999300, -0.09799999999999993400 ) ) ;
#1141 = LINE ( 'NONE', #1140, #1139 ) ;
#1142 = CARTESIAN_POINT ( 'NONE',  ( -0.003000000000000014800, 0.006999999999999999300, -0.1575000000000000000 ) ) ;
#1143 = DIRECTION ( 'NONE',  ( 1.345119482174498500E-016, 0.0000000000000000000, 1.000000000000000000 ) ) ;
#1144 = VECTOR ( 'NONE', #1143, 39.37007874015748100 ) ;
#1145 = CARTESIAN_POINT ( 'NONE',  ( -0.003000000000000014800, 0.006999999999999999300, -0.1575000000000000000 ) ) ;
#1146 = LINE ( 'NONE', #1145, #1144 ) ;
#1147 = CARTESIAN_POINT ( 'NONE',  ( -0.06250000000000000000, 0.006999999999999999300, -0.09799999999999996200 ) ) ;
#1148 = DIRECTION ( 'NONE',  ( -0.0000000000000000000, 1.000000000000000000, -0.0000000000000000000 ) ) ;
#1149 = VECTOR ( 'NONE', #1148, 39.37007874015748100 ) ;
#1150 = CARTESIAN_POINT ( 'NONE',  ( 0.003000000000000007000, 0.006999999999999999300, -0.09799999999999994800 ) ) ;
#1151 = LINE ( 'NONE', #1150, #1149 ) ;
#1152 = CARTESIAN_POINT ( 'NONE',  ( 0.003000000000000007000, 0.006999999999999999300, -0.09799999999999994800 ) ) ;
#1153 = DIRECTION ( 'NONE',  ( -1.000000000000000000, -0.0000000000000000000, -0.0000000000000000000 ) ) ;
#1154 = VECTOR ( 'NONE', #1153, 39.37007874015748100 ) ;
#1155 = CARTESIAN_POINT ( 'NONE',  ( -0.003000000000000014800, 0.006999999999999999300, -0.1575000000000000000 ) ) ;
#1156 = LINE ( 'NONE', #1155, #1154 ) ;
#1157 = DIRECTION ( 'NONE',  ( -0.0000000000000000000, 1.000000000000000000, -0.0000000000000000000 ) ) ;
#1158 = VECTOR ( 'NONE', #1157, 39.37007874015748100 ) ;
#1159 = CARTESIAN_POINT ( 'NONE',  ( -0.003000000000000014800, 0.006999999999999999300, -0.1575000000000000000 ) ) ;
#1160 = LINE ( 'NONE', #1159, #1158 ) ;
#1161 = CARTESIAN_POINT ( 'NONE',  ( -0.4155000000000002000, -0.03899999999999993700, -0.2964999999999999300 ) ) ;
#1162 = DIRECTION ( 'NONE',  ( 3.502369222646491400E-015, 1.000000000000000000, 4.605285104908644700E-032 ) ) ;
#1163 = VECTOR ( 'NONE', #1162, 39.37007874015748100 ) ;
#1164 = CARTESIAN_POINT ( 'NONE',  ( -0.4155000000000000400, 3.491483361109399600E-017, -0.2964999999999999300 ) ) ;
#1165 = LINE ( 'NONE', #1164, #1163 ) ;
#1166 = LINE ( 'NONE', #1076, #1280 ) ;
#1167 = CARTESIAN_POINT ( 'NONE',  ( -0.003000000000000007000, 0.006999999999999999300, -0.09200000000000004000 ) ) ;
#1168 = DIRECTION ( 'NONE',  ( 1.255444850029532000E-016, 0.0000000000000000000, 1.000000000000000000 ) ) ;
#1169 = VECTOR ( 'NONE', #1168, 39.37007874015748100 ) ;
#1170 = CARTESIAN_POINT ( 'NONE',  ( -0.003000000000000007000, 0.006999999999999999300, -0.09200000000000004000 ) ) ;
#1171 = DIRECTION ( 'NONE',  ( 1.255444850029532000E-016, 0.0000000000000000000, 1.000000000000000000 ) ) ;
#1172 = DIRECTION ( 'NONE',  ( -1.000000000000000000, 0.0000000000000000000, 1.255444850029532000E-016 ) ) ;
#1173 = CARTESIAN_POINT ( 'NONE',  ( -0.003000000000000007000, 0.006999999999999999300, -0.09200000000000004000 ) ) ;
#1174 = AXIS2_PLACEMENT_3D ( 'NONE', #1173, #1172, #1171 ) ;
#1175 = PLANE ( 'NONE',  #1174 ) ;
#1176 = LINE ( 'NONE', #1170, #1169 ) ;
#1177 = FACE_OUTER_BOUND ( 'NONE', #2545, .T. ) ;
#1178 = DIRECTION ( 'NONE',  ( -0.0000000000000000000, 1.000000000000000000, -0.0000000000000000000 ) ) ;
#1179 = VECTOR ( 'NONE', #1178, 39.37007874015748100 ) ;
#1180 = CARTESIAN_POINT ( 'NONE',  ( -0.002999999999999999200, 0.006999999999999999300, -0.03250000000000000100 ) ) ;
#1181 = DIRECTION ( 'NONE',  ( 1.000000000000000000, 0.0000000000000000000, -2.869588228638932500E-016 ) ) ;
#1182 = DIRECTION ( 'NONE',  ( 2.869588228638932500E-016, 0.0000000000000000000, 1.000000000000000000 ) ) ;
#1183 = CARTESIAN_POINT ( 'NONE',  ( -0.003000000000000007000, 0.006999999999999999300, -0.09200000000000004000 ) ) ;
#1184 = LINE ( 'NONE', #1180, #1179 ) ;
#1185 = AXIS2_PLACEMENT_3D ( 'NONE', #1183, #1182, #1181 ) ;
#1186 = PLANE ( 'NONE',  #1185 ) ;
#1187 = FACE_OUTER_BOUND ( 'NONE', #2539, .T. ) ;
#1188 = DIRECTION ( 'NONE',  ( -0.0000000000000000000, 1.000000000000000000, -0.0000000000000000000 ) ) ;
#1189 = VECTOR ( 'NONE', #1188, 39.37007874015748100 ) ;
#1190 = CARTESIAN_POINT ( 'NONE',  ( -0.003000000000000007000, 0.006999999999999999300, -0.09200000000000004000 ) ) ;
#1191 = LINE ( 'NONE', #1190, #1189 ) ;
#1192 = DIRECTION ( 'NONE',  ( 1.345119482174498500E-016, 0.0000000000000000000, 1.000000000000000000 ) ) ;
#1193 = DIRECTION ( 'NONE',  ( -1.000000000000000000, 0.0000000000000000000, 1.345119482174498500E-016 ) ) ;
#1194 = CARTESIAN_POINT ( 'NONE',  ( -0.003000000000000007000, 0.006999999999999999300, -0.09799999999999994800 ) ) ;
#1195 = CARTESIAN_POINT ( 'NONE',  ( -0.003000000000000014800, 0.006999999999999999300, -0.1575000000000000000 ) ) ;
#1196 = AXIS2_PLACEMENT_3D ( 'NONE', #1195, #1193, #1192 ) ;
#1197 = FACE_OUTER_BOUND ( 'NONE', #2627, .T. ) ;
#1198 = DIRECTION ( 'NONE',  ( -1.000000000000000000, 0.0000000000000000000, -2.869588228638932500E-016 ) ) ;
#1199 = DIRECTION ( 'NONE',  ( 2.869588228638932500E-016, 0.0000000000000000000, -1.000000000000000000 ) ) ;
#1200 = PLANE ( 'NONE',  #1196 ) ;
#1201 = CARTESIAN_POINT ( 'NONE',  ( -0.003000000000000007000, 0.006999999999999999300, -0.09799999999999994800 ) ) ;
#1202 = AXIS2_PLACEMENT_3D ( 'NONE', #1201, #1199, #1198 ) ;
#1203 = FACE_OUTER_BOUND ( 'NONE', #2532, .T. ) ;
#1204 = DIRECTION ( 'NONE',  ( -1.000000000000000000, 0.0000000000000000000, -2.869588228638932500E-016 ) ) ;
#1205 = DIRECTION ( 'NONE',  ( 2.869588228638932500E-016, 0.0000000000000000000, -1.000000000000000000 ) ) ;
#1206 = CARTESIAN_POINT ( 'NONE',  ( 0.06250000000000000000, 0.006999999999999999300, -0.09799999999999993400 ) ) ;
#1207 = PLANE ( 'NONE',  #1202 ) ;
#1208 = AXIS2_PLACEMENT_3D ( 'NONE', #1206, #1205, #1204 ) ;
#1209 = PLANE ( 'NONE',  #1208 ) ;
#1210 = FACE_OUTER_BOUND ( 'NONE', #2516, .T. ) ;
#1211 = DIRECTION ( 'NONE',  ( 1.345119482174498500E-016, -0.0000000000000000000, -1.000000000000000000 ) ) ;
#1212 = VECTOR ( 'NONE', #1211, 39.37007874015748100 ) ;
#1213 = CARTESIAN_POINT ( 'NONE',  ( 0.003000000000000014800, 0.006999999999999999300, -0.1575000000000000000 ) ) ;
#1214 = DIRECTION ( 'NONE',  ( 0.0000000000000000000, 0.0000000000000000000, -1.000000000000000000 ) ) ;
#1215 = CARTESIAN_POINT ( 'NONE',  ( 0.06250000000000000000, 0.006999999999999999300, -0.09200000000000005400 ) ) ;
#1216 = DIRECTION ( 'NONE',  ( -1.000000000000000000, 0.0000000000000000000, 0.0000000000000000000 ) ) ;
#1217 = CARTESIAN_POINT ( 'NONE',  ( -0.06250000000000000000, 0.006999999999999999300, -0.09799999999999996200 ) ) ;
#1218 = AXIS2_PLACEMENT_3D ( 'NONE', #1217, #1216, #1268 ) ;
#1219 = FACE_OUTER_BOUND ( 'NONE', #2505, .T. ) ;
#1220 = PLANE ( 'NONE',  #1218 ) ;
#1221 = FACE_OUTER_BOUND ( 'NONE', #2631, .T. ) ;
#1222 = DIRECTION ( 'NONE',  ( -6.658570425410308300E-017, -0.9925461516413227600, -0.1218693434051409300 ) ) ;
#1223 = VECTOR ( 'NONE', #1222, 39.37007874015748900 ) ;
#1224 = CARTESIAN_POINT ( 'NONE',  ( -0.2804999999999999700, 0.009925461516413238600, -0.5997813065659486400 ) ) ;
#1225 = LINE ( 'NONE', #1224, #1223 ) ;
#1226 = CARTESIAN_POINT ( 'NONE',  ( -0.1555000000000000300, 0.009925461516413238600, -0.5997813065659487500 ) ) ;
#1227 = DIRECTION ( 'NONE',  ( 0.0000000000000000000, 0.0000000000000000000, -1.000000000000000000 ) ) ;
#1228 = DIRECTION ( 'NONE',  ( 1.000000000000000000, -0.0000000000000000000, -5.463695987328528400E-016 ) ) ;
#1229 = CARTESIAN_POINT ( 'NONE',  ( -0.1555000000000000300, 8.537024980200822600E-018, -0.6010000000000000900 ) ) ;
#1230 = AXIS2_PLACEMENT_3D ( 'NONE', #1229, #1228, #1227 ) ;
#1231 = DIRECTION ( 'NONE',  ( 0.0000000000000000000, 0.0000000000000000000, -1.000000000000000000 ) ) ;
#1232 = DIRECTION ( 'NONE',  ( 1.000000000000000000, -0.0000000000000000000, -5.463695987328528400E-016 ) ) ;
#1233 = AXIS2_PLACEMENT_3D ( 'NONE', #1235, #1232, #1231 ) ;
#1234 = CIRCLE ( 'NONE', #1230, 0.01000000000000003000 ) ;
#1235 = CARTESIAN_POINT ( 'NONE',  ( -0.1555000000000000300, 8.537024980200822600E-018, -0.6010000000000000900 ) ) ;
#1236 = CYLINDRICAL_SURFACE ( 'NONE', #1233, 0.01000000000000003000 ) ;
#1237 = DIRECTION ( 'NONE',  ( 0.0000000000000000000, 1.835919350580820700E-016, 1.000000000000000000 ) ) ;
#1238 = DIRECTION ( 'NONE',  ( -1.088586153710920700E-017, 1.000000000000000000, -1.280553747030123100E-016 ) ) ;
#1239 = AXIS2_PLACEMENT_3D ( 'NONE', #1309, #1238, #1237 ) ;
#1240 = FACE_OUTER_BOUND ( 'NONE', #2725, .T. ) ;
#1241 = CARTESIAN_POINT ( 'NONE',  ( 0.003000000000000014800, 0.006999999999999999300, -0.1575000000000000000 ) ) ;
#1242 = PLANE ( 'NONE',  #1341 ) ;
#1243 = VECTOR ( 'NONE', #1340, 39.37007874015748100 ) ;
#1244 = CARTESIAN_POINT ( 'NONE',  ( 0.6055000000000001500, -0.07499999999999992800, -0.4965000000000000000 ) ) ;
#1245 = LINE ( 'NONE', #1244, #1243 ) ;
#1246 = DIRECTION ( 'NONE',  ( -0.0000000000000000000, 1.000000000000000000, -0.0000000000000000000 ) ) ;
#1247 = VECTOR ( 'NONE', #1246, 39.37007874015748100 ) ;
#1248 = CARTESIAN_POINT ( 'NONE',  ( -0.06250000000000000000, 0.006999999999999999300, -0.09200000000000001200 ) ) ;
#1249 = LINE ( 'NONE', #1248, #1247 ) ;
#1250 = CARTESIAN_POINT ( 'NONE',  ( -0.06250000000000000000, 0.006999999999999999300, -0.09200000000000001200 ) ) ;
#1251 = DIRECTION ( 'NONE',  ( 1.000000000000000000, 0.0000000000000000000, -2.869588228638932500E-016 ) ) ;
#1252 = DIRECTION ( 'NONE',  ( 2.869588228638932500E-016, 0.0000000000000000000, 1.000000000000000000 ) ) ;
#1253 = CARTESIAN_POINT ( 'NONE',  ( 0.06250000000000000000, 0.006999999999999999300, -0.09200000000000005400 ) ) ;
#1254 = AXIS2_PLACEMENT_3D ( 'NONE', #1253, #1252, #1251 ) ;
#1255 = PLANE ( 'NONE',  #1254 ) ;
#1256 = CARTESIAN_POINT ( 'NONE',  ( 0.06250000000000000000, 0.006999999999999999300, -0.09200000000000005400 ) ) ;
#1257 = LINE ( 'NONE', #1256, #1365 ) ;
#1258 = FACE_OUTER_BOUND ( 'NONE', #2758, .T. ) ;
#1259 = DIRECTION ( 'NONE',  ( -1.000000000000000000, 0.0000000000000000000, -2.869588228638932500E-016 ) ) ;
#1260 = VECTOR ( 'NONE', #1259, 39.37007874015748100 ) ;
#1261 = CARTESIAN_POINT ( 'NONE',  ( -0.003000000000000007000, 0.006999999999999999300, -0.09799999999999994800 ) ) ;
#1262 = LINE ( 'NONE', #1261, #1260 ) ;
#1263 = DIRECTION ( 'NONE',  ( -1.000000000000000000, 0.0000000000000000000, -0.0000000000000000000 ) ) ;
#1264 = DIRECTION ( 'NONE',  ( 0.0000000000000000000, 0.0000000000000000000, -1.000000000000000000 ) ) ;
#1265 = CARTESIAN_POINT ( 'NONE',  ( -0.003000000000000014800, 0.006999999999999999300, -0.1575000000000000000 ) ) ;
#1266 = AXIS2_PLACEMENT_3D ( 'NONE', #1265, #1264, #1263 ) ;
#1267 = PLANE ( 'NONE',  #1266 ) ;
#1268 = DIRECTION ( 'NONE',  ( 0.0000000000000000000, 0.0000000000000000000, 1.000000000000000000 ) ) ;
#1269 = DIRECTION ( 'NONE',  ( 0.0000000000000000000, -0.0000000000000000000, 1.000000000000000000 ) ) ;
#1270 = DIRECTION ( 'NONE',  ( 0.0000000000000000000, 1.000000000000000000, 0.0000000000000000000 ) ) ;
#1271 = CARTESIAN_POINT ( 'NONE',  ( 0.003000000000000007000, 0.006999999999999999300, -0.09200000000000004000 ) ) ;
#1272 = AXIS2_PLACEMENT_3D ( 'NONE', #1271, #1270, #1269 ) ;
#1273 = PLANE ( 'NONE',  #1272 ) ;
#1274 = FACE_OUTER_BOUND ( 'NONE', #2619, .T. ) ;
#1275 = DIRECTION ( 'NONE',  ( 0.0000000000000000000, 0.0000000000000000000, -1.000000000000000000 ) ) ;
#1276 = VECTOR ( 'NONE', #1275, 39.37007874015748100 ) ;
#1277 = DIRECTION ( 'NONE',  ( 1.000000000000000000, 0.0000000000000000000, 0.0000000000000000000 ) ) ;
#1278 = CARTESIAN_POINT ( 'NONE',  ( 0.003000000000000014800, 0.006999999999999999300, -0.1575000000000000000 ) ) ;
#1279 = PLANE ( 'NONE',  #1296 ) ;
#1280 = VECTOR ( 'NONE', #1281, 39.37007874015748100 ) ;
#1281 = DIRECTION ( 'NONE',  ( -0.0000000000000000000, 1.000000000000000000, -0.0000000000000000000 ) ) ;
#1282 = CARTESIAN_POINT ( 'NONE',  ( 0.06250000000000000000, 0.006999999999999999300, -0.09200000000000005400 ) ) ;
#1283 = LINE ( 'NONE', #1282, #1276 ) ;
#1284 = DIRECTION ( 'NONE',  ( 1.345119482174498500E-016, 0.0000000000000000000, -1.000000000000000000 ) ) ;
#1285 = DIRECTION ( 'NONE',  ( 1.000000000000000000, 0.0000000000000000000, 1.345119482174498500E-016 ) ) ;
#1286 = CARTESIAN_POINT ( 'NONE',  ( -0.003000000000000007000, 0.006999999999999999300, -0.09799999999999994800 ) ) ;
#1287 = LINE ( 'NONE', #1286, #1308 ) ;
#1288 = DIRECTION ( 'NONE',  ( 0.0000000000000000000, 0.0000000000000000000, 1.000000000000000000 ) ) ;
#1289 = VECTOR ( 'NONE', #1288, 39.37007874015748100 ) ;
#1290 = CARTESIAN_POINT ( 'NONE',  ( -0.06250000000000000000, 0.006999999999999999300, -0.09799999999999996200 ) ) ;
#1291 = LINE ( 'NONE', #1290, #1289 ) ;
#1292 = FACE_OUTER_BOUND ( 'NONE', #2613, .T. ) ;
#1293 = FACE_OUTER_BOUND ( 'NONE', #2609, .T. ) ;
#1294 = LINE ( 'NONE', #1241, #1295 ) ;
#1295 = VECTOR ( 'NONE', #1297, 39.37007874015748100 ) ;
#1296 = AXIS2_PLACEMENT_3D ( 'NONE', #1278, #1285, #1284 ) ;
#1297 = DIRECTION ( 'NONE',  ( -0.0000000000000000000, 1.000000000000000000, -0.0000000000000000000 ) ) ;
#1298 = DIRECTION ( 'NONE',  ( 1.000000000000000000, -0.0000000000000000000, -2.869588228638932500E-016 ) ) ;
#1299 = VECTOR ( 'NONE', #1298, 39.37007874015748100 ) ;
#1300 = CARTESIAN_POINT ( 'NONE',  ( -0.003000000000000007000, 0.006999999999999999300, -0.09200000000000004000 ) ) ;
#1301 = LINE ( 'NONE', #1300, #1299 ) ;
#1302 = DIRECTION ( 'NONE',  ( -0.0000000000000000000, 1.000000000000000000, -0.0000000000000000000 ) ) ;
#1303 = VECTOR ( 'NONE', #1302, 39.37007874015748100 ) ;
#1304 = CARTESIAN_POINT ( 'NONE',  ( -0.06250000000000000000, 0.006999999999999999300, -0.09799999999999996200 ) ) ;
#1305 = LINE ( 'NONE', #1304, #1303 ) ;
#1306 = CARTESIAN_POINT ( 'NONE',  ( 0.003000000000000014800, 0.006999999999999999300, -0.1575000000000000000 ) ) ;
#1307 = DIRECTION ( 'NONE',  ( -0.0000000000000000000, 1.000000000000000000, -0.0000000000000000000 ) ) ;
#1308 = VECTOR ( 'NONE', #1307, 39.37007874015748100 ) ;
#1309 = CARTESIAN_POINT ( 'NONE',  ( 0.5105000000000001800, -0.07499999999999991400, -0.3964999999999999100 ) ) ;
#1310 = CYLINDRICAL_SURFACE ( 'NONE', #1239, 0.04650000000000003400 ) ;
#1311 = FACE_OUTER_BOUND ( 'NONE', #2734, .T. ) ;
#1312 = DIRECTION ( 'NONE',  ( 3.414809992080329000E-016, 0.0000000000000000000, 1.000000000000000000 ) ) ;
#1313 = DIRECTION ( 'NONE',  ( -1.000000000000000000, -1.088586153710916400E-017, 3.414809992080329000E-016 ) ) ;
#1314 = CARTESIAN_POINT ( 'NONE',  ( 0.6055000000000002600, -0.07499999999999990000, -0.2964999999999999900 ) ) ;
#1315 = AXIS2_PLACEMENT_3D ( 'NONE', #1314, #1313, #1312 ) ;
#1316 = PLANE ( 'NONE',  #1315 ) ;
#1317 = FACE_OUTER_BOUND ( 'NONE', #2732, .T. ) ;
#1318 = CARTESIAN_POINT ( 'NONE',  ( -0.2804999999999999700, 0.009925461516413238600, -0.5997813065659486400 ) ) ;
#1319 = DIRECTION ( 'NONE',  ( 0.0000000000000000000, 0.0000000000000000000, -1.000000000000000000 ) ) ;
#1320 = DIRECTION ( 'NONE',  ( 1.000000000000000000, -0.0000000000000000000, -5.463695987328528400E-016 ) ) ;
#1321 = CARTESIAN_POINT ( 'NONE',  ( -0.2804999999999999700, 8.537024980200822600E-018, -0.6009999999999999800 ) ) ;
#1322 = AXIS2_PLACEMENT_3D ( 'NONE', #1321, #1320, #1319 ) ;
#1323 = CIRCLE ( 'NONE', #1322, 0.009999999999999962000 ) ;
#1324 = DIRECTION ( 'NONE',  ( -1.088586153710920700E-017, 1.000000000000000000, -1.280553747030123100E-016 ) ) ;
#1325 = VECTOR ( 'NONE', #1324, 39.37007874015748100 ) ;
#1326 = CARTESIAN_POINT ( 'NONE',  ( 0.6055000000000002600, -0.07499999999999990000, -0.2964999999999999900 ) ) ;
#1327 = DIRECTION ( 'NONE',  ( -1.000000000000000000, 0.0000000000000000000, 3.594536833768768100E-016 ) ) ;
#1328 = DIRECTION ( 'NONE',  ( -3.594536833768768100E-016, -1.280553747030123100E-016, -1.000000000000000000 ) ) ;
#1329 = LINE ( 'NONE', #1326, #1325 ) ;
#1330 = CARTESIAN_POINT ( 'NONE',  ( 0.4155000000000002600, -0.07499999999999990000, -0.2964999999999999300 ) ) ;
#1331 = AXIS2_PLACEMENT_3D ( 'NONE', #1330, #1328, #1327 ) ;
#1332 = FACE_OUTER_BOUND ( 'NONE', #2721, .T. ) ;
#1333 = DIRECTION ( 'NONE',  ( 5.463695987328528400E-016, 0.0000000000000000000, 1.000000000000000000 ) ) ;
#1334 = DIRECTION ( 'NONE',  ( -1.000000000000000000, 0.0000000000000000000, 5.463695987328528400E-016 ) ) ;
#1335 = CARTESIAN_POINT ( 'NONE',  ( -0.2804999999999999700, 0.01000000000000000400, -0.6010000000000000900 ) ) ;
#1336 = PLANE ( 'NONE',  #1331 ) ;
#1337 = AXIS2_PLACEMENT_3D ( 'NONE', #1335, #1334, #1333 ) ;
#1338 = PLANE ( 'NONE',  #1337 ) ;
#1339 = FACE_OUTER_BOUND ( 'NONE', #2719, .T. ) ;
#1340 = DIRECTION ( 'NONE',  ( -1.088586153710920700E-017, 1.000000000000000000, -1.280553747030123100E-016 ) ) ;
#1341 = AXIS2_PLACEMENT_3D ( 'NONE', #1215, #1277, #1214 ) ;
#1342 = FACE_OUTER_BOUND ( 'NONE', #2774, .T. ) ;
#1343 = DIRECTION ( 'NONE',  ( -0.0000000000000000000, 1.000000000000000000, -0.0000000000000000000 ) ) ;
#1344 = VECTOR ( 'NONE', #1343, 39.37007874015748100 ) ;
#1345 = CARTESIAN_POINT ( 'NONE',  ( 0.003000000000000007000, 0.006999999999999999300, -0.09200000000000004000 ) ) ;
#1346 = LINE ( 'NONE', #1345, #1344 ) ;
#1347 = CARTESIAN_POINT ( 'NONE',  ( -0.6055000000000002600, -0.07499999999999990000, -0.2964999999999999900 ) ) ;
#1348 = DIRECTION ( 'NONE',  ( 1.000000000000000000, -0.0000000000000000000, 3.594536833768768100E-016 ) ) ;
#1349 = VECTOR ( 'NONE', #1348, 39.37007874015748100 ) ;
#1350 = CARTESIAN_POINT ( 'NONE',  ( -0.4155000000000002600, -0.07499999999999990000, -0.2964999999999999300 ) ) ;
#1351 = LINE ( 'NONE', #1350, #1349 ) ;
#1352 = DIRECTION ( 'NONE',  ( 1.000000000000000000, 0.0000000000000000000, 3.594536833768768100E-016 ) ) ;
#1353 = DIRECTION ( 'NONE',  ( -3.594536833768768100E-016, 1.280553747030123100E-016, 1.000000000000000000 ) ) ;
#1354 = CARTESIAN_POINT ( 'NONE',  ( -0.4155000000000002600, -0.07499999999999990000, -0.2964999999999999300 ) ) ;
#1355 = AXIS2_PLACEMENT_3D ( 'NONE', #1354, #1353, #1352 ) ;
#1356 = PLANE ( 'NONE',  #1355 ) ;
#1357 = FACE_OUTER_BOUND ( 'NONE', #2766, .T. ) ;
#1358 = CARTESIAN_POINT ( 'NONE',  ( 0.003000000000000007000, 0.006999999999999999300, -0.09200000000000004000 ) ) ;
#1359 = DIRECTION ( 'NONE',  ( 1.000000000000000000, -0.0000000000000000000, -2.869588228638932500E-016 ) ) ;
#1360 = VECTOR ( 'NONE', #1359, 39.37007874015748100 ) ;
#1361 = CARTESIAN_POINT ( 'NONE',  ( 0.06250000000000000000, 0.006999999999999999300, -0.09200000000000005400 ) ) ;
#1362 = LINE ( 'NONE', #1361, #1360 ) ;
#1363 = CARTESIAN_POINT ( 'NONE',  ( 0.06250000000000000000, 0.006999999999999999300, -0.09200000000000005400 ) ) ;
#1364 = DIRECTION ( 'NONE',  ( -0.0000000000000000000, 1.000000000000000000, -0.0000000000000000000 ) ) ;
#1365 = VECTOR ( 'NONE', #1364, 39.37007874015748100 ) ;
#1366 = PRODUCT_DEFINITION_SHAPE ( 'NONE', 'NONE',  #1367 ) ;
#1367 = PRODUCT_DEFINITION ( 'UNKNOWN', '', #1390, #1368 ) ;
#1368 = PRODUCT_DEFINITION_CONTEXT ( 'detailed design', #1370, 'design' ) ;
#1369 = APPLICATION_PROTOCOL_DEFINITION ( 'draft international standard', 'automotive_design', 1998, #1370 ) ;
#1370 = APPLICATION_CONTEXT ( 'automotive_design' ) ;
#1371 = PRODUCT ( '3078', '3078', '', ( #1372 ) ) ;
#1372 = PRODUCT_CONTEXT ( 'NONE', #1407, 'mechanical' ) ;
#1373 = APPLICATION_PROTOCOL_DEFINITION ( 'draft international standard', 'automotive_design', 1998, #1407 ) ;
#1374 = DIRECTION ( 'NONE',  ( 1.000000000000000000, 0.0000000000000000000, 0.0000000000000000000 ) ) ;
#1375 = DIRECTION ( 'NONE',  ( 0.0000000000000000000, 0.0000000000000000000, 1.000000000000000000 ) ) ;
#1376 = CARTESIAN_POINT ( 'NONE',  ( 0.0000000000000000000, 0.0000000000000000000, 0.0000000000000000000 ) ) ;
#1377 =( GEOMETRIC_REPRESENTATION_CONTEXT ( 3 ) GLOBAL_UNCERTAINTY_ASSIGNED_CONTEXT ( ( #1378 ) ) GLOBAL_UNIT_ASSIGNED_CONTEXT ( ( #1381, #1380, #1379 ) ) REPRESENTATION_CONTEXT ( 'NONE', 'WORKASPACE' ) );
#1378 = UNCERTAINTY_MEASURE_WITH_UNIT (LENGTH_MEASURE( 1.000000000000000100E-005 ), #1381, 'distance_accuracy_value', 'NONE');
#1379 =( NAMED_UNIT ( * ) SI_UNIT ( $, .STERADIAN. ) SOLID_ANGLE_UNIT ( ) );
#1380 =( NAMED_UNIT ( * ) PLANE_ANGLE_UNIT ( ) SI_UNIT ( $, .RADIAN. ) );
#1381 =( CONVERSION_BASED_UNIT ( 'INCH', #1382 ) LENGTH_UNIT ( ) NAMED_UNIT ( #1383 ) );
#1382 = LENGTH_MEASURE_WITH_UNIT ( LENGTH_MEASURE( 0.02539999999999999900 ), #1396 );
#1383 = DIMENSIONAL_EXPONENTS ( 1.000000000000000000, 0.0000000000000000000, 0.0000000000000000000, 0.0000000000000000000, 0.0000000000000000000, 0.0000000000000000000, 0.0000000000000000000 ) ;
#1384 = DIMENSIONAL_EXPONENTS ( 1.000000000000000000, 0.0000000000000000000, 0.0000000000000000000, 0.0000000000000000000, 0.0000000000000000000, 0.0000000000000000000, 0.0000000000000000000 ) ;
#1385 =( LENGTH_UNIT ( ) NAMED_UNIT ( * ) SI_UNIT ( $, .METRE. ) );
#1386 = AXIS2_PLACEMENT_3D ( 'NONE', #1376, #1375, #1374 ) ;
#1387 = CARTESIAN_POINT ( 'NONE',  ( -0.002999999999999999200, 0.006999999999999999300, -0.03250000000000000100 ) ) ;
#1388 = CARTESIAN_POINT ( 'NONE',  ( 0.003000000000000007000, 0.006999999999999999300, -0.09200000000000004000 ) ) ;
#1389 = PRODUCT_RELATED_PRODUCT_CATEGORY ( 'part', '', ( #1371 ) ) ;
#1390 = PRODUCT_DEFINITION_FORMATION_WITH_SPECIFIED_SOURCE ( 'ANY', '', #1371, .NOT_KNOWN. ) ;
#1391 = DIRECTION ( 'NONE',  ( 1.000000000000000000, -0.0000000000000000000, -0.0000000000000000000 ) ) ;
#1392 = VECTOR ( 'NONE', #1391, 39.37007874015748100 ) ;
#1393 = CARTESIAN_POINT ( 'NONE',  ( 0.002999999999999999200, 0.006999999999999999300, -0.03250000000000000100 ) ) ;
#1394 = LINE ( 'NONE', #1393, #1392 ) ;
#1395 = DIRECTION ( 'NONE',  ( 1.000000000000000000, 0.0000000000000000000, -0.0000000000000000000 ) ) ;
#1396 =( LENGTH_UNIT ( ) NAMED_UNIT ( * ) SI_UNIT ( $, .METRE. ) );
#1397 = MECHANICAL_DESIGN_GEOMETRIC_PRESENTATION_REPRESENTATION (  '', ( #1399 ), #1377 ) ;
#1398 = PRESENTATION_LAYER_ASSIGNMENT (  '', '', ( #1399 ) ) ;
#1399 = STYLED_ITEM ( 'NONE', ( #1400 ), #1409 ) ;
#1400 = PRESENTATION_STYLE_ASSIGNMENT (( #1401 ) ) ;
#1401 = SURFACE_STYLE_USAGE ( .BOTH. , #1402 ) ;
#1402 = SURFACE_SIDE_STYLE ('',( #1403 ) ) ;
#1403 = SURFACE_STYLE_FILL_AREA ( #1404 ) ;
#1404 = FILL_AREA_STYLE ('',( #1405 ) ) ;
#1405 = FILL_AREA_STYLE_COLOUR ( '', #1406 ) ;
#1406 = COLOUR_RGB ( '',0.8313725490196077800, 0.8392156862745098200, 0.8274509803921568100 ) ;
#1407 = APPLICATION_CONTEXT ( 'automotive_design' ) ;
#1408 = SHAPE_DEFINITION_REPRESENTATION ( #1366, #1409 ) ;
#1409 = ADVANCED_BREP_SHAPE_REPRESENTATION ( '3078', ( #1537, #1386 ), #1410 ) ;
#1410 =( GEOMETRIC_REPRESENTATION_CONTEXT ( 3 ) GLOBAL_UNCERTAINTY_ASSIGNED_CONTEXT ( ( #1411 ) ) GLOBAL_UNIT_ASSIGNED_CONTEXT ( ( #1414, #1413, #1412 ) ) REPRESENTATION_CONTEXT ( 'NONE', 'WORKASPACE' ) );
#1411 = UNCERTAINTY_MEASURE_WITH_UNIT (LENGTH_MEASURE( 1.000000000000000100E-005 ), #1414, 'distance_accuracy_value', 'NONE');
#1412 =( NAMED_UNIT ( * ) SI_UNIT ( $, .STERADIAN. ) SOLID_ANGLE_UNIT ( ) );
#1413 =( NAMED_UNIT ( * ) PLANE_ANGLE_UNIT ( ) SI_UNIT ( $, .RADIAN. ) );
#1414 =( CONVERSION_BASED_UNIT ( 'INCH', #1415 ) LENGTH_UNIT ( ) NAMED_UNIT ( #1384 ) );
#1415 = LENGTH_MEASURE_WITH_UNIT ( LENGTH_MEASURE( 0.02539999999999999900 ), #1385 );
#1416 = PLANE ( 'NONE',  #1417 ) ;
#1417 = AXIS2_PLACEMENT_3D ( 'NONE', #1388, #1431, #1430 ) ;
#1418 = DIRECTION ( 'NONE',  ( 0.0000000000000000000, 0.0000000000000000000, 1.000000000000000000 ) ) ;
#1419 = PLANE ( 'NONE',  #1421 ) ;
#1420 = CARTESIAN_POINT ( 'NONE',  ( 0.002999999999999999200, 0.006999999999999999300, -0.03250000000000000100 ) ) ;
#1421 = AXIS2_PLACEMENT_3D ( 'NONE', #1420, #1418, #1395 ) ;
#1422 = FACE_OUTER_BOUND ( 'NONE', #2783, .T. ) ;
#1423 = DIRECTION ( 'NONE',  ( -0.0000000000000000000, 1.000000000000000000, -0.0000000000000000000 ) ) ;
#1424 = VECTOR ( 'NONE', #1423, 39.37007874015748100 ) ;
#1425 = CARTESIAN_POINT ( 'NONE',  ( 0.002999999999999999200, 0.006999999999999999300, -0.03250000000000000100 ) ) ;
#1426 = DIRECTION ( 'NONE',  ( 1.255444850029532000E-016, -0.0000000000000000000, -1.000000000000000000 ) ) ;
#1427 = VECTOR ( 'NONE', #1426, 39.37007874015748100 ) ;
#1428 = CARTESIAN_POINT ( 'NONE',  ( 0.003000000000000007000, 0.006999999999999999300, -0.09200000000000004000 ) ) ;
#1429 = LINE ( 'NONE', #1425, #1424 ) ;
#1430 = DIRECTION ( 'NONE',  ( 1.255444850029532000E-016, 0.0000000000000000000, -1.000000000000000000 ) ) ;
#1431 = DIRECTION ( 'NONE',  ( 1.000000000000000000, 0.0000000000000000000, 1.255444850029532000E-016 ) ) ;
#1432 = CARTESIAN_POINT ( 'NONE',  ( 0.002999999999999999200, 0.006999999999999999300, -0.03250000000000000100 ) ) ;
#1433 = LINE ( 'NONE', #1428, #1427 ) ;
#1434 = ORIENTED_EDGE ( 'NONE', *, *, #1508, .F. ) ;
#1435 = ORIENTED_EDGE ( 'NONE', *, *, #1556, .F. ) ;
#1436 = EDGE_CURVE ( 'NONE', #1557, #1443, #2677, .T. ) ;
#1437 = ORIENTED_EDGE ( 'NONE', *, *, #1441, .F. ) ;
#1438 = VERTEX_POINT ( 'NONE', #2672 ) ;
#1439 = ORIENTED_EDGE ( 'NONE', *, *, #1448, .F. ) ;
#1440 = VERTEX_POINT ( 'NONE', #2671 ) ;
#1441 = EDGE_CURVE ( 'NONE', #1462, #1446, #2670, .T. ) ;
#1442 = EDGE_LOOP ( 'NONE', ( #1439, #1445, #1437, #1463 ) ) ;
#1443 = VERTEX_POINT ( 'NONE', #2665 ) ;
#1444 = ORIENTED_EDGE ( 'NONE', *, *, #1436, .F. ) ;
#1445 = ORIENTED_EDGE ( 'NONE', *, *, #1450, .F. ) ;
#1446 = VERTEX_POINT ( 'NONE', #2664 ) ;
#1447 = EDGE_CURVE ( 'NONE', #1622, #1629, #2663, .T. ) ;
#1448 = EDGE_CURVE ( 'NONE', #1440, #1438, #2659, .T. ) ;
#1449 = ORIENTED_EDGE ( 'NONE', *, *, #1447, .T. ) ;
#1450 = EDGE_CURVE ( 'NONE', #1446, #1440, #2655, .T. ) ;
#1451 = VERTEX_POINT ( 'NONE', #2651 ) ;
#1452 = ORIENTED_EDGE ( 'NONE', *, *, #1470, .T. ) ;
#1453 = EDGE_CURVE ( 'NONE', #1486, #1624, #2577, .T. ) ;
#1454 = ORIENTED_EDGE ( 'NONE', *, *, #1499, .T. ) ;
#1455 = EDGE_CURVE ( 'NONE', #1456, #1766, #2573, .T. ) ;
#1456 = VERTEX_POINT ( 'NONE', #2569 ) ;
#1457 = ORIENTED_EDGE ( 'NONE', *, *, #1458, .F. ) ;
#1458 = EDGE_CURVE ( 'NONE', #1578, #1456, #2568, .T. ) ;
#1459 = ORIENTED_EDGE ( 'NONE', *, *, #1531, .F. ) ;
#1460 = ORIENTED_EDGE ( 'NONE', *, *, #1461, .F. ) ;
#1461 = EDGE_CURVE ( 'NONE', #1443, #1533, #2564, .T. ) ;
#1462 = VERTEX_POINT ( 'NONE', #2559 ) ;
#1463 = ORIENTED_EDGE ( 'NONE', *, *, #1464, .F. ) ;
#1464 = EDGE_CURVE ( 'NONE', #1438, #1462, #2558, .T. ) ;
#1465 = ADVANCED_FACE ( 'NONE', ( #2554, #2553, #2552 ), #2650, .T. ) ;
#1466 = EDGE_LOOP ( 'NONE', ( #1467, #1452, #1517, #1520 ) ) ;
#1467 = ORIENTED_EDGE ( 'NONE', *, *, #1468, .T. ) ;
#1468 = EDGE_CURVE ( 'NONE', #1469, #1451, #2645, .T. ) ;
#1469 = VERTEX_POINT ( 'NONE', #2640 ) ;
#1470 = EDGE_CURVE ( 'NONE', #1451, #1471, #2641, .T. ) ;
#1471 = VERTEX_POINT ( 'NONE', #2709 ) ;
#1472 = ORIENTED_EDGE ( 'NONE', *, *, #1453, .T. ) ;
#1473 = VERTEX_POINT ( 'NONE', #2708 ) ;
#1474 = EDGE_CURVE ( 'NONE', #1536, #1473, #2707, .T. ) ;
#1475 = ORIENTED_EDGE ( 'NONE', *, *, #1474, .T. ) ;
#1476 = ORIENTED_EDGE ( 'NONE', *, *, #1630, .F. ) ;
#1477 = EDGE_CURVE ( 'NONE', #1478, #1473, #2703, .T. ) ;
#1478 = VERTEX_POINT ( 'NONE', #2698 ) ;
#1479 = VERTEX_POINT ( 'NONE', #2697 ) ;
#1480 = ORIENTED_EDGE ( 'NONE', *, *, #1806, .F. ) ;
#1481 = ORIENTED_EDGE ( 'NONE', *, *, #1880, .F. ) ;
#1482 = ORIENTED_EDGE ( 'NONE', *, *, #1661, .F. ) ;
#1483 = ORIENTED_EDGE ( 'NONE', *, *, #1485, .T. ) ;
#1484 = ORIENTED_EDGE ( 'NONE', *, *, #1531, .T. ) ;
#1485 = EDGE_CURVE ( 'NONE', #1534, #1533, #2696, .T. ) ;
#1486 = VERTEX_POINT ( 'NONE', #2692 ) ;
#1487 = ADVANCED_FACE ( 'NONE', ( #2691 ), #2690, .T. ) ;
#1488 = EDGE_LOOP ( 'NONE', ( #1489, #1483, #1484, #1532 ) ) ;
#1489 = ORIENTED_EDGE ( 'NONE', *, *, #1535, .F. ) ;
#1490 = EDGE_CURVE ( 'NONE', #1618, #1478, #2685, .T. ) ;
#1491 = ORIENTED_EDGE ( 'NONE', *, *, #1490, .F. ) ;
#1492 = ORIENTED_EDGE ( 'NONE', *, *, #1477, .F. ) ;
#1493 = VERTEX_POINT ( 'NONE', #2681 ) ;
#1494 = ORIENTED_EDGE ( 'NONE', *, *, #1495, .T. ) ;
#1495 = EDGE_CURVE ( 'NONE', #1551, #1497, #2600, .T. ) ;
#1496 = ORIENTED_EDGE ( 'NONE', *, *, #1504, .T. ) ;
#1497 = VERTEX_POINT ( 'NONE', #2595 ) ;
#1498 = VERTEX_POINT ( 'NONE', #2594 ) ;
#1499 = EDGE_CURVE ( 'NONE', #1498, #1500, #2593, .T. ) ;
#1500 = VERTEX_POINT ( 'NONE', #2589 ) ;
#1501 = VERTEX_POINT ( 'NONE', #2588 ) ;
#1502 = ORIENTED_EDGE ( 'NONE', *, *, #1503, .T. ) ;
#1503 = EDGE_CURVE ( 'NONE', #1500, #1550, #2586, .T. ) ;
#1504 = EDGE_CURVE ( 'NONE', #1497, #1534, #2869, .T. ) ;
#1505 = ORIENTED_EDGE ( 'NONE', *, *, #1506, .T. ) ;
#1506 = EDGE_CURVE ( 'NONE', #1479, #1498, #2850, .T. ) ;
#1507 = ORIENTED_EDGE ( 'NONE', *, *, #1619, .T. ) ;
#1508 = EDGE_CURVE ( 'NONE', #1509, #1554, #2851, .T. ) ;
#1509 = VERTEX_POINT ( 'NONE', #2854 ) ;
#1510 = ORIENTED_EDGE ( 'NONE', *, *, #1511, .F. ) ;
#1511 = EDGE_CURVE ( 'NONE', #1512, #1509, #2879, .T. ) ;
#1512 = VERTEX_POINT ( 'NONE', #2845 ) ;
#1513 = ORIENTED_EDGE ( 'NONE', *, *, #1514, .F. ) ;
#1514 = EDGE_CURVE ( 'NONE', #1515, #1512, #2844, .T. ) ;
#1515 = VERTEX_POINT ( 'NONE', #2872 ) ;
#1516 = ORIENTED_EDGE ( 'NONE', *, *, #1535, .T. ) ;
#1517 = ORIENTED_EDGE ( 'NONE', *, *, #1518, .T. ) ;
#1518 = EDGE_CURVE ( 'NONE', #1471, #1519, #2871, .T. ) ;
#1519 = VERTEX_POINT ( 'NONE', #2837 ) ;
#1520 = ORIENTED_EDGE ( 'NONE', *, *, #1521, .T. ) ;
#1521 = EDGE_CURVE ( 'NONE', #1519, #1469, #2836, .T. ) ;
#1522 = EDGE_LOOP ( 'NONE', ( #1523, #1527, #1673, #1763, #1764, #1457, #1459, #1460, #1444, #1435, #1434, #1510, #1513, #1699 ) ) ;
#1523 = ORIENTED_EDGE ( 'NONE', *, *, #1524, .F. ) ;
#1524 = EDGE_CURVE ( 'NONE', #1525, #1526, #2832, .T. ) ;
#1525 = VERTEX_POINT ( 'NONE', #2828 ) ;
#1526 = VERTEX_POINT ( 'NONE', #2827 ) ;
#1527 = ORIENTED_EDGE ( 'NONE', *, *, #1528, .F. ) ;
#1528 = EDGE_CURVE ( 'NONE', #1493, #1525, #2826, .T. ) ;
#1529 = EDGE_CURVE ( 'NONE', #1486, #1578, #2822, .T. ) ;
#1530 = EDGE_LOOP ( 'NONE', ( #1548, #1552, #1555, #1558 ) ) ;
#1531 = EDGE_CURVE ( 'NONE', #1533, #1578, #2818, .T. ) ;
#1532 = ORIENTED_EDGE ( 'NONE', *, *, #1529, .F. ) ;
#1533 = VERTEX_POINT ( 'NONE', #2813 ) ;
#1534 = VERTEX_POINT ( 'NONE', #2812 ) ;
#1535 = EDGE_CURVE ( 'NONE', #1534, #1486, #2810, .T. ) ;
#1536 = VERTEX_POINT ( 'NONE', #2864 ) ;
#1537 = MANIFOLD_SOLID_BREP ( 'NONE', #2747 ) ;
#1538 = ORIENTED_EDGE ( 'NONE', *, *, #1539, .F. ) ;
#1539 = EDGE_CURVE ( 'NONE', #1603, #1604, #2799, .T. ) ;
#1540 = EDGE_CURVE ( 'NONE', #1585, #1586, #2794, .T. ) ;
#1541 = VERTEX_POINT ( 'NONE', #2888 ) ;
#1542 = EDGE_CURVE ( 'NONE', #1543, #1541, #2880, .T. ) ;
#1543 = VERTEX_POINT ( 'NONE', #2887 ) ;
#1544 = ORIENTED_EDGE ( 'NONE', *, *, #1595, .F. ) ;
#1545 = ORIENTED_EDGE ( 'NONE', *, *, #1606, .T. ) ;
#1546 = VERTEX_POINT ( 'NONE', #2884 ) ;
#1547 = ADVANCED_FACE ( 'NONE', ( #2885 ), #2881, .T. ) ;
#1548 = ORIENTED_EDGE ( 'NONE', *, *, #1549, .F. ) ;
#1549 = EDGE_CURVE ( 'NONE', #1550, #1551, #2908, .T. ) ;
#1550 = VERTEX_POINT ( 'NONE', #2903 ) ;
#1551 = VERTEX_POINT ( 'NONE', #2902 ) ;
#1552 = ORIENTED_EDGE ( 'NONE', *, *, #1553, .T. ) ;
#1553 = EDGE_CURVE ( 'NONE', #1550, #1554, #2901, .T. ) ;
#1554 = VERTEX_POINT ( 'NONE', #2897 ) ;
#1555 = ORIENTED_EDGE ( 'NONE', *, *, #1556, .T. ) ;
#1556 = EDGE_CURVE ( 'NONE', #1554, #1557, #2896, .T. ) ;
#1557 = VERTEX_POINT ( 'NONE', #2891 ) ;
#1558 = ORIENTED_EDGE ( 'NONE', *, *, #1559, .F. ) ;
#1559 = EDGE_CURVE ( 'NONE', #1551, #1557, #3006, .T. ) ;
#1560 = ADVANCED_FACE ( 'NONE', ( #3002, #3001, #3000, #2999 ), #2998, .F. ) ;
#1561 = EDGE_LOOP ( 'NONE', ( #1562, #1566, #1569, #1572, #1575, #1482, #1657, #1655, #1649, #1660, #1580, #1653 ) ) ;
#1562 = ORIENTED_EDGE ( 'NONE', *, *, #1563, .F. ) ;
#1563 = EDGE_CURVE ( 'NONE', #1564, #1565, #2993, .T. ) ;
#1564 = VERTEX_POINT ( 'NONE', #2989 ) ;
#1565 = VERTEX_POINT ( 'NONE', #2988 ) ;
#1566 = ORIENTED_EDGE ( 'NONE', *, *, #1567, .F. ) ;
#1567 = EDGE_CURVE ( 'NONE', #1568, #1564, #2987, .T. ) ;
#1568 = VERTEX_POINT ( 'NONE', #2983 ) ;
#1569 = ORIENTED_EDGE ( 'NONE', *, *, #1570, .F. ) ;
#1570 = EDGE_CURVE ( 'NONE', #1571, #1568, #2982, .T. ) ;
#1571 = VERTEX_POINT ( 'NONE', #2978 ) ;
#1572 = ORIENTED_EDGE ( 'NONE', *, *, #1573, .F. ) ;
#1573 = EDGE_CURVE ( 'NONE', #1574, #1571, #2977, .T. ) ;
#1574 = VERTEX_POINT ( 'NONE', #2943 ) ;
#1575 = ORIENTED_EDGE ( 'NONE', *, *, #1576, .F. ) ;
#1576 = EDGE_CURVE ( 'NONE', #1577, #1574, #2942, .T. ) ;
#1577 = VERTEX_POINT ( 'NONE', #2938 ) ;
#1578 = VERTEX_POINT ( 'NONE', #2937 ) ;
#1579 = VERTEX_POINT ( 'NONE', #2936 ) ;
#1580 = ORIENTED_EDGE ( 'NONE', *, *, #1651, .F. ) ;
#1581 = ORIENTED_EDGE ( 'NONE', *, *, #1582, .F. ) ;
#1582 = EDGE_CURVE ( 'NONE', #1612, #1601, #2935, .T. ) ;
#1583 = ADVANCED_FACE ( 'NONE', ( #2931 ), #2930, .T. ) ;
#1584 = EDGE_LOOP ( 'NONE', ( #1616, #1475, #1492, #1491 ) ) ;
#1585 = VERTEX_POINT ( 'NONE', #2928 ) ;
#1586 = VERTEX_POINT ( 'NONE', #2924 ) ;
#1587 = ORIENTED_EDGE ( 'NONE', *, *, #1611, .T. ) ;
#1588 = VERTEX_POINT ( 'NONE', #2923 ) ;
#1589 = ADVANCED_FACE ( 'NONE', ( #2922 ), #2921, .T. ) ;
#1590 = EDGE_CURVE ( 'NONE', #1586, #1546, #2916, .T. ) ;
#1591 = ADVANCED_FACE ( 'NONE', ( #2912 ), #2911, .F. ) ;
#1592 = EDGE_LOOP ( 'NONE', ( #1608, #1614, #1599, #1581 ) ) ;
#1593 = ORIENTED_EDGE ( 'NONE', *, *, #1594, .T. ) ;
#1594 = EDGE_CURVE ( 'NONE', #1541, #1604, #2971, .T. ) ;
#1595 = EDGE_CURVE ( 'NONE', #1543, #1603, #2964, .T. ) ;
#1596 = EDGE_LOOP ( 'NONE', ( #1544, #1610, #1593, #1538 ) ) ;
#1597 = EDGE_CURVE ( 'NONE', #1613, #1598, #2959, .T. ) ;
#1598 = VERTEX_POINT ( 'NONE', #2955 ) ;
#1599 = ORIENTED_EDGE ( 'NONE', *, *, #1600, .F. ) ;
#1600 = EDGE_CURVE ( 'NONE', #1601, #1598, #2954, .T. ) ;
#1601 = VERTEX_POINT ( 'NONE', #2949 ) ;
#1602 = ADVANCED_FACE ( 'NONE', ( #2948 ), #2944, .F. ) ;
#1603 = VERTEX_POINT ( 'NONE', #2945 ) ;
#1604 = VERTEX_POINT ( 'NONE', #3033 ) ;
#1605 = EDGE_LOOP ( 'NONE', ( #1615, #1587, #1545, #1607 ) ) ;
#1606 = EDGE_CURVE ( 'NONE', #1588, #1546, #3031, .T. ) ;
#1607 = ORIENTED_EDGE ( 'NONE', *, *, #1590, .F. ) ;
#1608 = ORIENTED_EDGE ( 'NONE', *, *, #1609, .T. ) ;
#1609 = EDGE_CURVE ( 'NONE', #1612, #1613, #3026, .T. ) ;
#1610 = ORIENTED_EDGE ( 'NONE', *, *, #1542, .T. ) ;
#1611 = EDGE_CURVE ( 'NONE', #1585, #1588, #3022, .T. ) ;
#1612 = VERTEX_POINT ( 'NONE', #3018 ) ;
#1613 = VERTEX_POINT ( 'NONE', #3017 ) ;
#1614 = ORIENTED_EDGE ( 'NONE', *, *, #1597, .T. ) ;
#1615 = ORIENTED_EDGE ( 'NONE', *, *, #1540, .F. ) ;
#1616 = ORIENTED_EDGE ( 'NONE', *, *, #1617, .T. ) ;
#1617 = EDGE_CURVE ( 'NONE', #1618, #1536, #3016, .T. ) ;
#1618 = VERTEX_POINT ( 'NONE', #3011 ) ;
#1619 = EDGE_CURVE ( 'NONE', #1624, #1501, #3010, .T. ) ;
#1620 = ORIENTED_EDGE ( 'NONE', *, *, #1621, .T. ) ;
#1621 = EDGE_CURVE ( 'NONE', #1627, #1622, #2581, .T. ) ;
#1622 = VERTEX_POINT ( 'NONE', #3236 ) ;
#1623 = ORIENTED_EDGE ( 'NONE', *, *, #1549, .T. ) ;
#1624 = VERTEX_POINT ( 'NONE', #3149 ) ;
#1625 = ORIENTED_EDGE ( 'NONE', *, *, #1626, .T. ) ;
#1626 = EDGE_CURVE ( 'NONE', #1501, #1627, #3094, .T. ) ;
#1627 = VERTEX_POINT ( 'NONE', #3112 ) ;
#1628 = EDGE_CURVE ( 'NONE', #1629, #1638, #3148, .T. ) ;
#1629 = VERTEX_POINT ( 'NONE', #3157 ) ;
#1630 = EDGE_CURVE ( 'NONE', #1631, #1641, #3139, .T. ) ;
#1631 = VERTEX_POINT ( 'NONE', #3135 ) ;
#1632 = EDGE_CURVE ( 'NONE', #1643, #1631, #3162, .T. ) ;
#1633 = ORIENTED_EDGE ( 'NONE', *, *, #1628, .T. ) ;
#1634 = EDGE_LOOP ( 'NONE', ( #1633, #1635, #1505, #1454, #1502, #1623, #1494, #1496, #1516, #1472, #1507, #1625, #1620, #1449 ) ) ;
#1635 = ORIENTED_EDGE ( 'NONE', *, *, #1636, .T. ) ;
#1636 = EDGE_CURVE ( 'NONE', #1638, #1479, #3235, .T. ) ;
#1637 = ORIENTED_EDGE ( 'NONE', *, *, #1632, .F. ) ;
#1638 = VERTEX_POINT ( 'NONE', #3179 ) ;
#1639 = EDGE_CURVE ( 'NONE', #1565, #1652, #3121, .T. ) ;
#1640 = VERTEX_POINT ( 'NONE', #3117 ) ;
#1641 = VERTEX_POINT ( 'NONE', #3116 ) ;
#1642 = EDGE_CURVE ( 'NONE', #1640, #1643, #3115, .T. ) ;
#1643 = VERTEX_POINT ( 'NONE', #3109 ) ;
#1644 = EDGE_LOOP ( 'NONE', ( #1647, #1645, #1476, #1637 ) ) ;
#1645 = ORIENTED_EDGE ( 'NONE', *, *, #1646, .F. ) ;
#1646 = EDGE_CURVE ( 'NONE', #1641, #1640, #3134, .T. ) ;
#1647 = ORIENTED_EDGE ( 'NONE', *, *, #1642, .F. ) ;
#1648 = VERTEX_POINT ( 'NONE', #3130 ) ;
#1649 = ORIENTED_EDGE ( 'NONE', *, *, #1656, .F. ) ;
#1650 = VERTEX_POINT ( 'NONE', #3129 ) ;
#1651 = EDGE_CURVE ( 'NONE', #1652, #1648, #3067, .T. ) ;
#1652 = VERTEX_POINT ( 'NONE', #3063 ) ;
#1653 = ORIENTED_EDGE ( 'NONE', *, *, #1639, .F. ) ;
#1654 = EDGE_CURVE ( 'NONE', #1648, #1663, #3145, .T. ) ;
#1655 = ORIENTED_EDGE ( 'NONE', *, *, #1662, .F. ) ;
#1656 = EDGE_CURVE ( 'NONE', #1663, #1579, #3141, .T. ) ;
#1657 = ORIENTED_EDGE ( 'NONE', *, *, #1659, .F. ) ;
#1658 = VERTEX_POINT ( 'NONE', #3154 ) ;
#1659 = EDGE_CURVE ( 'NONE', #1650, #1658, #3153, .T. ) ;
#1660 = ORIENTED_EDGE ( 'NONE', *, *, #1654, .F. ) ;
#1661 = EDGE_CURVE ( 'NONE', #1658, #1577, #3250, .T. ) ;
#1662 = EDGE_CURVE ( 'NONE', #1579, #1650, #3246, .T. ) ;
#1663 = VERTEX_POINT ( 'NONE', #3242 ) ;
#1664 = ADVANCED_FACE ( 'NONE', ( #3241 ), #3240, .F. ) ;
#1665 = EDGE_CURVE ( 'NONE', #1753, #1768, #3126, .T. ) ;
#1666 = VERTEX_POINT ( 'NONE', #3122 ) ;
#1667 = ADVANCED_FACE ( 'NONE', ( #3178 ), #3177, .T. ) ;
#1668 = ORIENTED_EDGE ( 'NONE', *, *, #1690, .T. ) ;
#1669 = EDGE_CURVE ( 'NONE', #1629, #1525, #3172, .T. ) ;
#1670 = ORIENTED_EDGE ( 'NONE', *, *, #1524, .T. ) ;
#1671 = ORIENTED_EDGE ( 'NONE', *, *, #1514, .T. ) ;
#1672 = ADVANCED_FACE ( 'NONE', ( #3168 ), #3167, .F. ) ;
#1673 = ORIENTED_EDGE ( 'NONE', *, *, #1697, .F. ) ;
#1674 = EDGE_LOOP ( 'NONE', ( #1670, #1747, #1762, #1729 ) ) ;
#1675 = ADVANCED_FACE ( 'NONE', ( #3165 ), #3107, .F. ) ;
#1676 = EDGE_LOOP ( 'NONE', ( #1695, #1677, #1679, #1680 ) ) ;
#1677 = ORIENTED_EDGE ( 'NONE', *, *, #1678, .F. ) ;
#1678 = EDGE_CURVE ( 'NONE', #1501, #1766, #3102, .T. ) ;
#1679 = ORIENTED_EDGE ( 'NONE', *, *, #1619, .F. ) ;
#1680 = ORIENTED_EDGE ( 'NONE', *, *, #1685, .T. ) ;
#1681 = ADVANCED_FACE ( 'NONE', ( #3098 ), #3095, .F. ) ;
#1682 = EDGE_LOOP ( 'NONE', ( #1694, #1728, #1683, #1684 ) ) ;
#1683 = ORIENTED_EDGE ( 'NONE', *, *, #1453, .F. ) ;
#1684 = ORIENTED_EDGE ( 'NONE', *, *, #1529, .T. ) ;
#1685 = EDGE_CURVE ( 'NONE', #1624, #1456, #3080, .T. ) ;
#1686 = ORIENTED_EDGE ( 'NONE', *, *, #1470, .F. ) ;
#1687 = ORIENTED_EDGE ( 'NONE', *, *, #1688, .F. ) ;
#1688 = EDGE_CURVE ( 'NONE', #1640, #1451, #3074, .T. ) ;
#1689 = ORIENTED_EDGE ( 'NONE', *, *, #1642, .T. ) ;
#1690 = EDGE_CURVE ( 'NONE', #1768, #1761, #3070, .T. ) ;
#1691 = ADVANCED_FACE ( 'NONE', ( #3091 ), #3090, .F. ) ;
#1692 = ADVANCED_FACE ( 'NONE', ( #3084 ), #3088, .T. ) ;
#1693 = EDGE_LOOP ( 'NONE', ( #1686, #1687, #1689, #1737 ) ) ;
#1694 = ORIENTED_EDGE ( 'NONE', *, *, #1458, .T. ) ;
#1695 = ORIENTED_EDGE ( 'NONE', *, *, #1455, .T. ) ;
#1696 = ORIENTED_EDGE ( 'NONE', *, *, #1745, .F. ) ;
#1697 = EDGE_CURVE ( 'NONE', #1752, #1493, #3207, .T. ) ;
#1698 = EDGE_LOOP ( 'NONE', ( #1732, #1733, #1734, #1735 ) ) ;
#1699 = ORIENTED_EDGE ( 'NONE', *, *, #1709, .F. ) ;
#1700 = ORIENTED_EDGE ( 'NONE', *, *, #1716, .T. ) ;
#1701 = ORIENTED_EDGE ( 'NONE', *, *, #1697, .T. ) ;
#1702 = ORIENTED_EDGE ( 'NONE', *, *, #1703, .F. ) ;
#1703 = EDGE_CURVE ( 'NONE', #1622, #1493, #3201, .T. ) ;
#1704 = ADVANCED_FACE ( 'NONE', ( #3197 ), #3195, .F. ) ;
#1705 = ORIENTED_EDGE ( 'NONE', *, *, #1621, .F. ) ;
#1706 = ORIENTED_EDGE ( 'NONE', *, *, #1707, .T. ) ;
#1707 = EDGE_CURVE ( 'NONE', #1627, #1752, #3196, .T. ) ;
#1708 = ORIENTED_EDGE ( 'NONE', *, *, #1754, .T. ) ;
#1709 = EDGE_CURVE ( 'NONE', #1526, #1515, #3187, .T. ) ;
#1710 = ADVANCED_FACE ( 'NONE', ( #3183 ), #3062, .F. ) ;
#1711 = ORIENTED_EDGE ( 'NONE', *, *, #1436, .T. ) ;
#1712 = ORIENTED_EDGE ( 'NONE', *, *, #1713, .F. ) ;
#1713 = EDGE_CURVE ( 'NONE', #1497, #1443, #3057, .T. ) ;
#1714 = ORIENTED_EDGE ( 'NONE', *, *, #1495, .F. ) ;
#1715 = EDGE_LOOP ( 'NONE', ( #1749, #1756, #1757, #1758 ) ) ;
#1716 = EDGE_CURVE ( 'NONE', #1498, #1512, #3053, .T. ) ;
#1717 = ORIENTED_EDGE ( 'NONE', *, *, #1506, .F. ) ;
#1718 = ORIENTED_EDGE ( 'NONE', *, *, #1719, .T. ) ;
#1719 = EDGE_CURVE ( 'NONE', #1479, #1515, #3049, .T. ) ;
#1720 = ORIENTED_EDGE ( 'NONE', *, *, #1721, .T. ) ;
#1721 = EDGE_CURVE ( 'NONE', #2003, #1722, #3045, .T. ) ;
#1722 = VERTEX_POINT ( 'NONE', #3041 ) ;
#1723 = ORIENTED_EDGE ( 'NONE', *, *, #1724, .T. ) ;
#1724 = EDGE_CURVE ( 'NONE', #1722, #1867, #3040, .T. ) ;
#1725 = ADVANCED_FACE ( 'NONE', ( #3036 ), #3233, .T. ) ;
#1726 = EDGE_LOOP ( 'NONE', ( #1793, #1794, #1792, #1480 ) ) ;
#1727 = EDGE_LOOP ( 'NONE', ( #1701, #1702, #1705, #1706 ) ) ;
#1728 = ORIENTED_EDGE ( 'NONE', *, *, #1685, .F. ) ;
#1729 = ORIENTED_EDGE ( 'NONE', *, *, #1669, .T. ) ;
#1730 = ORIENTED_EDGE ( 'NONE', *, *, #1716, .F. ) ;
#1731 = EDGE_CURVE ( 'NONE', #1766, #1752, #3228, .T. ) ;
#1732 = ORIENTED_EDGE ( 'NONE', *, *, #1553, .F. ) ;
#1733 = ORIENTED_EDGE ( 'NONE', *, *, #1503, .F. ) ;
#1734 = ORIENTED_EDGE ( 'NONE', *, *, #1745, .T. ) ;
#1735 = ORIENTED_EDGE ( 'NONE', *, *, #1508, .T. ) ;
#1736 = EDGE_CURVE ( 'NONE', #1638, #1526, #3224, .T. ) ;
#1737 = ORIENTED_EDGE ( 'NONE', *, *, #1738, .T. ) ;
#1738 = EDGE_CURVE ( 'NONE', #1643, #1471, #3220, .T. ) ;
#1739 = ADVANCED_FACE ( 'NONE', ( #3216 ), #3212, .F. ) ;
#1740 = EDGE_LOOP ( 'NONE', ( #1741, #1742, #1743, #2005 ) ) ;
#1741 = ORIENTED_EDGE ( 'NONE', *, *, #1518, .F. ) ;
#1742 = ORIENTED_EDGE ( 'NONE', *, *, #1738, .F. ) ;
#1743 = ORIENTED_EDGE ( 'NONE', *, *, #1632, .T. ) ;
#1744 = ORIENTED_EDGE ( 'NONE', *, *, #1559, .T. ) ;
#1745 = EDGE_CURVE ( 'NONE', #1500, #1509, #3259, .T. ) ;
#1746 = ORIENTED_EDGE ( 'NONE', *, *, #1499, .F. ) ;
#1747 = ORIENTED_EDGE ( 'NONE', *, *, #1736, .F. ) ;
#1748 = ADVANCED_FACE ( 'NONE', ( #3268 ), #3321, .T. ) ;
#1749 = ORIENTED_EDGE ( 'NONE', *, *, #1485, .F. ) ;
#1750 = EDGE_LOOP ( 'NONE', ( #1751, #1696, #1746, #1700 ) ) ;
#1751 = ORIENTED_EDGE ( 'NONE', *, *, #1511, .T. ) ;
#1752 = VERTEX_POINT ( 'NONE', #3271 ) ;
#1753 = VERTEX_POINT ( 'NONE', #3312 ) ;
#1754 = EDGE_CURVE ( 'NONE', #1666, #1753, #3322, .T. ) ;
#1755 = ORIENTED_EDGE ( 'NONE', *, *, #1760, .T. ) ;
#1756 = ORIENTED_EDGE ( 'NONE', *, *, #1504, .F. ) ;
#1757 = ORIENTED_EDGE ( 'NONE', *, *, #1713, .T. ) ;
#1758 = ORIENTED_EDGE ( 'NONE', *, *, #1461, .T. ) ;
#1759 = EDGE_LOOP ( 'NONE', ( #1755, #1708, #1769, #1668 ) ) ;
#1760 = EDGE_CURVE ( 'NONE', #1761, #1666, #3337, .T. ) ;
#1761 = VERTEX_POINT ( 'NONE', #3263 ) ;
#1762 = ORIENTED_EDGE ( 'NONE', *, *, #1628, .F. ) ;
#1763 = ORIENTED_EDGE ( 'NONE', *, *, #1731, .F. ) ;
#1764 = ORIENTED_EDGE ( 'NONE', *, *, #1455, .F. ) ;
#1765 = EDGE_LOOP ( 'NONE', ( #1671, #1730, #1717, #1718 ) ) ;
#1766 = VERTEX_POINT ( 'NONE', #3262 ) ;
#1767 = EDGE_LOOP ( 'NONE', ( #1711, #1712, #1714, #1744 ) ) ;
#1768 = VERTEX_POINT ( 'NONE', #3261 ) ;
#1769 = ORIENTED_EDGE ( 'NONE', *, *, #1665, .T. ) ;
#1770 = ORIENTED_EDGE ( 'NONE', *, *, #1771, .T. ) ;
#1771 = EDGE_CURVE ( 'NONE', #2146, #2073, #3252, .T. ) ;
#1772 = ADVANCED_FACE ( 'NONE', ( #3256 ), #3253, .F. ) ;
#1773 = EDGE_LOOP ( 'NONE', ( #2074, #2097, #1963, #1968 ) ) ;
#1774 = ORIENTED_EDGE ( 'NONE', *, *, #1804, .T. ) ;
#1775 = ADVANCED_FACE ( 'NONE', ( #3294 ), #3288, .T. ) ;
#1776 = ORIENTED_EDGE ( 'NONE', *, *, #1777, .F. ) ;
#1777 = EDGE_CURVE ( 'NONE', #1893, #1478, #3273, .T. ) ;
#1778 = ORIENTED_EDGE ( 'NONE', *, *, #2036, .F. ) ;
#1779 = ADVANCED_FACE ( 'NONE', ( #3341 ), #3338, .F. ) ;
#1780 = EDGE_CURVE ( 'NONE', #1781, #2003, #3309, .T. ) ;
#1781 = VERTEX_POINT ( 'NONE', #3305 ) ;
#1782 = EDGE_LOOP ( 'NONE', ( #1928, #2024, #2025, #1797 ) ) ;
#1783 = ORIENTED_EDGE ( 'NONE', *, *, #1447, .F. ) ;
#1784 = ORIENTED_EDGE ( 'NONE', *, *, #2020, .F. ) ;
#1785 = ORIENTED_EDGE ( 'NONE', *, *, #1939, .F. ) ;
#1786 = ORIENTED_EDGE ( 'NONE', *, *, #1760, .F. ) ;
#1787 = ORIENTED_EDGE ( 'NONE', *, *, #2010, .T. ) ;
#1788 = ORIENTED_EDGE ( 'NONE', *, *, #1996, .T. ) ;
#1789 = EDGE_CURVE ( 'NONE', #1525, #1781, #3319, .T. ) ;
#1790 = EDGE_CURVE ( 'NONE', #1462, #1768, #3314, .T. ) ;
#1791 = EDGE_LOOP ( 'NONE', ( #1786, #1938, #1992, #1993 ) ) ;
#1792 = ORIENTED_EDGE ( 'NONE', *, *, #1929, .F. ) ;
#1793 = ORIENTED_EDGE ( 'NONE', *, *, #1721, .F. ) ;
#1794 = ORIENTED_EDGE ( 'NONE', *, *, #1939, .T. ) ;
#1795 = EDGE_CURVE ( 'NONE', #1796, #2015, #3285, .T. ) ;
#1796 = VERTEX_POINT ( 'NONE', #3281 ) ;
#1797 = ORIENTED_EDGE ( 'NONE', *, *, #1798, .F. ) ;
#1798 = EDGE_CURVE ( 'NONE', #1930, #1796, #3280, .T. ) ;
#1799 = ADVANCED_FACE ( 'NONE', ( #3335 ), #3334, .T. ) ;
#1800 = EDGE_LOOP ( 'NONE', ( #1801, #1868, #1720, #1723 ) ) ;
#1801 = ORIENTED_EDGE ( 'NONE', *, *, #1866, .F. ) ;
#1802 = ORIENTED_EDGE ( 'NONE', *, *, #1669, .F. ) ;
#1803 = ORIENTED_EDGE ( 'NONE', *, *, #1804, .F. ) ;
#1804 = EDGE_CURVE ( 'NONE', #1901, #1805, #3327, .T. ) ;
#1805 = VERTEX_POINT ( 'NONE', #3328 ) ;
#1806 = EDGE_CURVE ( 'NONE', #1722, #1930, #3303, .T. ) ;
#1807 = ORIENTED_EDGE ( 'NONE', *, *, #1808, .T. ) ;
#1808 = EDGE_CURVE ( 'NONE', #1867, #1796, #3299, .T. ) ;
#1809 = ADVANCED_FACE ( 'NONE', ( #3295 ), #3215, .T. ) ;
#1810 = EDGE_LOOP ( 'NONE', ( #1811, #1814, #1815 ) ) ;
#1811 = ORIENTED_EDGE ( 'NONE', *, *, #1812, .F. ) ;
#1812 = EDGE_CURVE ( 'NONE', #1438, #1813, #542, .T. ) ;
#1813 = VERTEX_POINT ( 'NONE', #643 ) ;
#1814 = ORIENTED_EDGE ( 'NONE', *, *, #1934, .T. ) ;
#1815 = ORIENTED_EDGE ( 'NONE', *, *, #1816, .F. ) ;
#1816 = EDGE_CURVE ( 'NONE', #1813, #1753, #540, .T. ) ;
#1817 = ADVANCED_FACE ( 'NONE', ( #562 ), #556, .T. ) ;
#1818 = EDGE_LOOP ( 'NONE', ( #1819, #1822, #1823, #1824 ) ) ;
#1819 = ORIENTED_EDGE ( 'NONE', *, *, #1820, .F. ) ;
#1820 = EDGE_CURVE ( 'NONE', #1440, #1821, #558, .T. ) ;
#1821 = VERTEX_POINT ( 'NONE', #528 ) ;
#1822 = ORIENTED_EDGE ( 'NONE', *, *, #1448, .T. ) ;
#1823 = ORIENTED_EDGE ( 'NONE', *, *, #1812, .T. ) ;
#1824 = ORIENTED_EDGE ( 'NONE', *, *, #1825, .T. ) ;
#1825 = EDGE_CURVE ( 'NONE', #1813, #1821, #529, .T. ) ;
#1826 = ADVANCED_FACE ( 'NONE', ( #530 ), #552, .F. ) ;
#1827 = EDGE_LOOP ( 'NONE', ( #1828, #1829, #1830 ) ) ;
#1828 = ORIENTED_EDGE ( 'NONE', *, *, #1994, .F. ) ;
#1829 = ORIENTED_EDGE ( 'NONE', *, *, #1820, .T. ) ;
#1830 = ORIENTED_EDGE ( 'NONE', *, *, #1831, .T. ) ;
#1831 = EDGE_CURVE ( 'NONE', #1821, #1666, #632, .T. ) ;
#1832 = EDGE_CURVE ( 'NONE', #1836, #1893, #633, .T. ) ;
#1833 = ORIENTED_EDGE ( 'NONE', *, *, #2036, .T. ) ;
#1834 = ORIENTED_EDGE ( 'NONE', *, *, #1832, .T. ) ;
#1835 = EDGE_LOOP ( 'NONE', ( #2040, #1833, #1834 ) ) ;
#1836 = VERTEX_POINT ( 'NONE', #543 ) ;
#1837 = ORIENTED_EDGE ( 'NONE', *, *, #1838, .T. ) ;
#1838 = EDGE_CURVE ( 'NONE', #1479, #1859, #544, .T. ) ;
#1839 = ADVANCED_FACE ( 'NONE', ( #539 ), #534, .F. ) ;
#1840 = EDGE_LOOP ( 'NONE', ( #2055, #2057, #2060, #2062 ) ) ;
#1841 = VERTEX_POINT ( 'NONE', #620 ) ;
#1842 = ORIENTED_EDGE ( 'NONE', *, *, #2037, .T. ) ;
#1843 = ORIENTED_EDGE ( 'NONE', *, *, #2053, .F. ) ;
#1844 = ORIENTED_EDGE ( 'NONE', *, *, #1617, .F. ) ;
#1845 = ORIENTED_EDGE ( 'NONE', *, *, #2032, .F. ) ;
#1846 = ADVANCED_FACE ( 'NONE', ( #615 ), #614, .T. ) ;
#1847 = EDGE_LOOP ( 'NONE', ( #1848, #1849, #1850, #1851, #1852 ) ) ;
#1848 = ORIENTED_EDGE ( 'NONE', *, *, #1913, .T. ) ;
#1849 = ORIENTED_EDGE ( 'NONE', *, *, #1777, .T. ) ;
#1850 = ORIENTED_EDGE ( 'NONE', *, *, #1477, .T. ) ;
#1851 = ORIENTED_EDGE ( 'NONE', *, *, #1865, .T. ) ;
#1852 = ORIENTED_EDGE ( 'NONE', *, *, #2041, .T. ) ;
#1853 = ADVANCED_FACE ( 'NONE', ( #568 ), #564, .T. ) ;
#1854 = EDGE_LOOP ( 'NONE', ( #1856, #1860, #1862, #1837 ) ) ;
#1855 = EDGE_CURVE ( 'NONE', #1805, #1878, #523, .T. ) ;
#1856 = ORIENTED_EDGE ( 'NONE', *, *, #1857, .F. ) ;
#1857 = EDGE_CURVE ( 'NONE', #1858, #1859, #665, .T. ) ;
#1858 = VERTEX_POINT ( 'NONE', #661 ) ;
#1859 = VERTEX_POINT ( 'NONE', #612 ) ;
#1860 = ORIENTED_EDGE ( 'NONE', *, *, #1861, .F. ) ;
#1861 = EDGE_CURVE ( 'NONE', #1515, #1858, #611, .T. ) ;
#1862 = ORIENTED_EDGE ( 'NONE', *, *, #1719, .F. ) ;
#1863 = ORIENTED_EDGE ( 'NONE', *, *, #2044, .T. ) ;
#1864 = ORIENTED_EDGE ( 'NONE', *, *, #1865, .F. ) ;
#1865 = EDGE_CURVE ( 'NONE', #1473, #2042, #628, .T. ) ;
#1866 = EDGE_CURVE ( 'NONE', #1781, #1867, #623, .T. ) ;
#1867 = VERTEX_POINT ( 'NONE', #639 ) ;
#1868 = ORIENTED_EDGE ( 'NONE', *, *, #1780, .T. ) ;
#1869 = ADVANCED_FACE ( 'NONE', ( #638 ), #637, .F. ) ;
#1870 = EDGE_LOOP ( 'NONE', ( #1987, #1988, #1989, #1991 ) ) ;
#1871 = ORIENTED_EDGE ( 'NONE', *, *, #1441, .T. ) ;
#1872 = EDGE_LOOP ( 'NONE', ( #1776, #2030, #2031, #2033 ) ) ;
#1873 = EDGE_LOOP ( 'NONE', ( #1778, #2054, #1774, #1842 ) ) ;
#1874 = ADVANCED_FACE ( 'NONE', ( #636 ), #690, .T. ) ;
#1875 = ORIENTED_EDGE ( 'NONE', *, *, #1831, .F. ) ;
#1876 = ORIENTED_EDGE ( 'NONE', *, *, #1877, .T. ) ;
#1877 = EDGE_CURVE ( 'NONE', #1821, #1878, #685, .T. ) ;
#1878 = VERTEX_POINT ( 'NONE', #681 ) ;
#1879 = ORIENTED_EDGE ( 'NONE', *, *, #1880, .T. ) ;
#1880 = EDGE_CURVE ( 'NONE', #1878, #1901, #680, .T. ) ;
#1881 = ADVANCED_FACE ( 'NONE', ( #676 ), #675, .F. ) ;
#1882 = EDGE_LOOP ( 'NONE', ( #1883, #1884, #1885, #1914 ) ) ;
#1883 = ORIENTED_EDGE ( 'NONE', *, *, #1825, .F. ) ;
#1884 = ORIENTED_EDGE ( 'NONE', *, *, #1895, .F. ) ;
#1885 = ORIENTED_EDGE ( 'NONE', *, *, #1913, .F. ) ;
#1886 = ORIENTED_EDGE ( 'NONE', *, *, #1795, .T. ) ;
#1887 = ADVANCED_FACE ( 'NONE', ( #673 ), #669, .T. ) ;
#1888 = EDGE_LOOP ( 'NONE', ( #1904, #1905, #1906, #1907 ) ) ;
#1889 = EDGE_CURVE ( 'NONE', #1890, #1753, #658, .T. ) ;
#1890 = VERTEX_POINT ( 'NONE', #652 ) ;
#1891 = ORIENTED_EDGE ( 'NONE', *, *, #1892, .F. ) ;
#1892 = EDGE_CURVE ( 'NONE', #1893, #1890, #651, .T. ) ;
#1893 = VERTEX_POINT ( 'NONE', #647 ) ;
#1894 = ORIENTED_EDGE ( 'NONE', *, *, #1895, .T. ) ;
#1895 = EDGE_CURVE ( 'NONE', #1893, #1813, #646, .T. ) ;
#1896 = ORIENTED_EDGE ( 'NONE', *, *, #1816, .T. ) ;
#1897 = ADVANCED_FACE ( 'NONE', ( #605 ), #604, .T. ) ;
#1898 = EDGE_LOOP ( 'NONE', ( #1899, #1875, #1876, #1879 ) ) ;
#1899 = ORIENTED_EDGE ( 'NONE', *, *, #1900, .F. ) ;
#1900 = EDGE_CURVE ( 'NONE', #1666, #1901, #599, .T. ) ;
#1901 = VERTEX_POINT ( 'NONE', #595 ) ;
#1902 = ORIENTED_EDGE ( 'NONE', *, *, #1990, .F. ) ;
#1903 = ORIENTED_EDGE ( 'NONE', *, *, #1866, .T. ) ;
#1904 = ORIENTED_EDGE ( 'NONE', *, *, #1808, .F. ) ;
#1905 = ORIENTED_EDGE ( 'NONE', *, *, #1724, .F. ) ;
#1906 = ORIENTED_EDGE ( 'NONE', *, *, #1806, .T. ) ;
#1907 = ORIENTED_EDGE ( 'NONE', *, *, #1798, .T. ) ;
#1908 = ORIENTED_EDGE ( 'NONE', *, *, #1889, .T. ) ;
#1909 = ADVANCED_FACE ( 'NONE', ( #594 ), #593, .T. ) ;
#1910 = ADVANCED_FACE ( 'NONE', ( #591 ), #587, .T. ) ;
#1911 = EDGE_LOOP ( 'NONE', ( #1912, #1891, #1894, #1896 ) ) ;
#1912 = ORIENTED_EDGE ( 'NONE', *, *, #1889, .F. ) ;
#1913 = EDGE_CURVE ( 'NONE', #1878, #1893, #585, .T. ) ;
#1914 = ORIENTED_EDGE ( 'NONE', *, *, #1877, .F. ) ;
#1915 = ADVANCED_FACE ( 'NONE', ( #578 ), #575, .T. ) ;
#1916 = EDGE_LOOP ( 'NONE', ( #1917, #1918, #1919, #1908 ) ) ;
#1917 = ORIENTED_EDGE ( 'NONE', *, *, #1754, .F. ) ;
#1918 = ORIENTED_EDGE ( 'NONE', *, *, #1900, .T. ) ;
#1919 = ORIENTED_EDGE ( 'NONE', *, *, #1920, .T. ) ;
#1920 = EDGE_CURVE ( 'NONE', #1901, #1890, #50, .T. ) ;
#1921 = EDGE_LOOP ( 'NONE', ( #1803, #1481, #2029 ) ) ;
#1922 = ADVANCED_FACE ( 'NONE', ( #62 ), #122, .F. ) ;
#1923 = EDGE_LOOP ( 'NONE', ( #1902, #1903, #1807, #1886 ) ) ;
#1924 = ORIENTED_EDGE ( 'NONE', *, *, #1925, .T. ) ;
#1925 = EDGE_CURVE ( 'NONE', #1446, #1761, #48, .T. ) ;
#1926 = ADVANCED_FACE ( 'NONE', ( #22 ), #17, .T. ) ;
#1927 = ADVANCED_FACE ( 'NONE', ( #58 ), #61, .T. ) ;
#1928 = ORIENTED_EDGE ( 'NONE', *, *, #1929, .T. ) ;
#1929 = EDGE_CURVE ( 'NONE', #1930, #2018, #68, .T. ) ;
#1930 = VERTEX_POINT ( 'NONE', #69 ) ;
#1931 = ADVANCED_FACE ( 'NONE', ( #54 ), #53, .T. ) ;
#1932 = EDGE_LOOP ( 'NONE', ( #1935, #2007, #2008, #1788 ) ) ;
#1933 = ORIENTED_EDGE ( 'NONE', *, *, #1934, .F. ) ;
#1934 = EDGE_CURVE ( 'NONE', #1438, #1753, #63, .T. ) ;
#1935 = ORIENTED_EDGE ( 'NONE', *, *, #1521, .F. ) ;
#1936 = EDGE_LOOP ( 'NONE', ( #2006, #1933, #2000, #2001 ) ) ;
#1937 = EDGE_CURVE ( 'NONE', #1631, #1519, #42, .T. ) ;
#1938 = ORIENTED_EDGE ( 'NONE', *, *, #1925, .F. ) ;
#1939 = EDGE_CURVE ( 'NONE', #2003, #2018, #38, .T. ) ;
#1940 = ORIENTED_EDGE ( 'NONE', *, *, #2010, .F. ) ;
#1941 = ADVANCED_FACE ( 'NONE', ( #34 ), #33, .T. ) ;
#1942 = ORIENTED_EDGE ( 'NONE', *, *, #1780, .F. ) ;
#1943 = ORIENTED_EDGE ( 'NONE', *, *, #1944, .F. ) ;
#1944 = EDGE_CURVE ( 'NONE', #1945, #1972, #31, .T. ) ;
#1945 = VERTEX_POINT ( 'NONE', #91 ) ;
#1946 = ORIENTED_EDGE ( 'NONE', *, *, #1947, .F. ) ;
#1947 = EDGE_CURVE ( 'NONE', #1967, #1945, #90, .T. ) ;
#1948 = ORIENTED_EDGE ( 'NONE', *, *, #1964, .F. ) ;
#1949 = ADVANCED_FACE ( 'NONE', ( #86 ), #85, .T. ) ;
#1950 = EDGE_LOOP ( 'NONE', ( #1951, #1985, #1986, #1770, #2091, #2094, #2144, #2076 ) ) ;
#1951 = ORIENTED_EDGE ( 'NONE', *, *, #1981, .T. ) ;
#1952 = ORIENTED_EDGE ( 'NONE', *, *, #1978, .F. ) ;
#1953 = ORIENTED_EDGE ( 'NONE', *, *, #2067, .F. ) ;
#1954 = ORIENTED_EDGE ( 'NONE', *, *, #1955, .F. ) ;
#1955 = EDGE_CURVE ( 'NONE', #1956, #1983, #83, .T. ) ;
#1956 = VERTEX_POINT ( 'NONE', #75 ) ;
#1957 = ORIENTED_EDGE ( 'NONE', *, *, #1958, .F. ) ;
#1958 = EDGE_CURVE ( 'NONE', #1959, #1956, #76, .T. ) ;
#1959 = VERTEX_POINT ( 'NONE', #119 ) ;
#1960 = ORIENTED_EDGE ( 'NONE', *, *, #1861, .T. ) ;
#1961 = EDGE_CURVE ( 'NONE', #1858, #1841, #118, .T. ) ;
#1962 = ORIENTED_EDGE ( 'NONE', *, *, #2056, .T. ) ;
#1963 = ORIENTED_EDGE ( 'NONE', *, *, #1964, .T. ) ;
#1964 = EDGE_CURVE ( 'NONE', #1859, #1967, #114, .T. ) ;
#1965 = EDGE_LOOP ( 'NONE', ( #2089, #1984, #1980, #1973 ) ) ;
#1966 = ORIENTED_EDGE ( 'NONE', *, *, #1961, .T. ) ;
#1967 = VERTEX_POINT ( 'NONE', #110 ) ;
#1968 = ORIENTED_EDGE ( 'NONE', *, *, #1969, .T. ) ;
#1969 = EDGE_CURVE ( 'NONE', #1967, #2146, #109, .T. ) ;
#1970 = ORIENTED_EDGE ( 'NONE', *, *, #1971, .F. ) ;
#1971 = EDGE_CURVE ( 'NONE', #1972, #1959, #105, .T. ) ;
#1972 = VERTEX_POINT ( 'NONE', #101 ) ;
#1973 = ORIENTED_EDGE ( 'NONE', *, *, #1974, .F. ) ;
#1974 = EDGE_CURVE ( 'NONE', #1983, #1982, #100, .T. ) ;
#1975 = ADVANCED_FACE ( 'NONE', ( #96 ), #92, .F. ) ;
#1976 = EDGE_LOOP ( 'NONE', ( #1952, #1953, #1954, #1957, #1970, #1943, #1946, #1948 ) ) ;
#1977 = ORIENTED_EDGE ( 'NONE', *, *, #1838, .F. ) ;
#1978 = EDGE_CURVE ( 'NONE', #2059, #1859, #93, .T. ) ;
#1979 = ORIENTED_EDGE ( 'NONE', *, *, #1709, .T. ) ;
#1980 = ORIENTED_EDGE ( 'NONE', *, *, #1981, .F. ) ;
#1981 = EDGE_CURVE ( 'NONE', #1982, #1841, #149, .T. ) ;
#1982 = VERTEX_POINT ( 'NONE', #145 ) ;
#1983 = VERTEX_POINT ( 'NONE', #144 ) ;
#1984 = ORIENTED_EDGE ( 'NONE', *, *, #2058, .F. ) ;
#1985 = ORIENTED_EDGE ( 'NONE', *, *, #1961, .F. ) ;
#1986 = ORIENTED_EDGE ( 'NONE', *, *, #2096, .T. ) ;
#1987 = ORIENTED_EDGE ( 'NONE', *, *, #1528, .T. ) ;
#1988 = ORIENTED_EDGE ( 'NONE', *, *, #1789, .T. ) ;
#1989 = ORIENTED_EDGE ( 'NONE', *, *, #1990, .T. ) ;
#1990 = EDGE_CURVE ( 'NONE', #1781, #2015, #143, .T. ) ;
#1991 = ORIENTED_EDGE ( 'NONE', *, *, #2014, .T. ) ;
#1992 = ORIENTED_EDGE ( 'NONE', *, *, #1450, .T. ) ;
#1993 = ORIENTED_EDGE ( 'NONE', *, *, #1994, .T. ) ;
#1994 = EDGE_CURVE ( 'NONE', #1440, #1666, #139, .T. ) ;
#1995 = EDGE_LOOP ( 'NONE', ( #1942, #2004, #1802, #1787 ) ) ;
#1996 = EDGE_CURVE ( 'NONE', #1641, #1469, #135, .T. ) ;
#1997 = ORIENTED_EDGE ( 'NONE', *, *, #1690, .F. ) ;
#1998 = ORIENTED_EDGE ( 'NONE', *, *, #1790, .F. ) ;
#1999 = ADVANCED_FACE ( 'NONE', ( #131 ), #130, .T. ) ;
#2000 = ORIENTED_EDGE ( 'NONE', *, *, #1464, .T. ) ;
#2001 = ORIENTED_EDGE ( 'NONE', *, *, #1790, .T. ) ;
#2002 = EDGE_LOOP ( 'NONE', ( #1997, #1998, #1871, #1924 ) ) ;
#2003 = VERTEX_POINT ( 'NONE', #125 ) ;
#2004 = ORIENTED_EDGE ( 'NONE', *, *, #1789, .F. ) ;
#2005 = ORIENTED_EDGE ( 'NONE', *, *, #1937, .T. ) ;
#2006 = ORIENTED_EDGE ( 'NONE', *, *, #1665, .F. ) ;
#2007 = ORIENTED_EDGE ( 'NONE', *, *, #1937, .F. ) ;
#2008 = ORIENTED_EDGE ( 'NONE', *, *, #1630, .T. ) ;
#2009 = ADVANCED_FACE ( 'NONE', ( #124 ), #123, .F. ) ;
#2010 = EDGE_CURVE ( 'NONE', #1629, #2003, #9, .T. ) ;
#2011 = ADVANCED_FACE ( 'NONE', ( #4 ), #176, .F. ) ;
#2012 = EDGE_LOOP ( 'NONE', ( #2013, #2016, #2019, #2021 ) ) ;
#2013 = ORIENTED_EDGE ( 'NONE', *, *, #2014, .F. ) ;
#2014 = EDGE_CURVE ( 'NONE', #2015, #1493, #155, .T. ) ;
#2015 = VERTEX_POINT ( 'NONE', #307 ) ;
#2016 = ORIENTED_EDGE ( 'NONE', *, *, #2017, .T. ) ;
#2017 = EDGE_CURVE ( 'NONE', #2015, #2018, #306, .T. ) ;
#2018 = VERTEX_POINT ( 'NONE', #302 ) ;
#2019 = ORIENTED_EDGE ( 'NONE', *, *, #2020, .T. ) ;
#2020 = EDGE_CURVE ( 'NONE', #2018, #1622, #300, .T. ) ;
#2021 = ORIENTED_EDGE ( 'NONE', *, *, #1703, .T. ) ;
#2022 = ADVANCED_FACE ( 'NONE', ( #301 ), #295, .T. ) ;
#2023 = EDGE_LOOP ( 'NONE', ( #1783, #1784, #1785, #1940 ) ) ;
#2024 = ORIENTED_EDGE ( 'NONE', *, *, #2017, .F. ) ;
#2025 = ORIENTED_EDGE ( 'NONE', *, *, #1795, .F. ) ;
#2026 = EDGE_LOOP ( 'NONE', ( #2027, #2028, #1843, #1844, #1845 ) ) ;
#2027 = ORIENTED_EDGE ( 'NONE', *, *, #2037, .F. ) ;
#2028 = ORIENTED_EDGE ( 'NONE', *, *, #2047, .F. ) ;
#2029 = ORIENTED_EDGE ( 'NONE', *, *, #1855, .F. ) ;
#2030 = ORIENTED_EDGE ( 'NONE', *, *, #1832, .F. ) ;
#2031 = ORIENTED_EDGE ( 'NONE', *, *, #2032, .T. ) ;
#2032 = EDGE_CURVE ( 'NONE', #1836, #1618, #290, .T. ) ;
#2033 = ORIENTED_EDGE ( 'NONE', *, *, #1490, .T. ) ;
#2034 = ADVANCED_FACE ( 'NONE', ( #286 ), #285, .T. ) ;
#2035 = ORIENTED_EDGE ( 'NONE', *, *, #2041, .F. ) ;
#2036 = EDGE_CURVE ( 'NONE', #1890, #1836, #279, .T. ) ;
#2037 = EDGE_CURVE ( 'NONE', #1805, #1836, #280, .T. ) ;
#2038 = ADVANCED_FACE ( 'NONE', ( #172 ), #171, .F. ) ;
#2039 = EDGE_LOOP ( 'NONE', ( #2035, #2043, #2046, #2048 ) ) ;
#2040 = ORIENTED_EDGE ( 'NONE', *, *, #1892, .T. ) ;
#2041 = EDGE_CURVE ( 'NONE', #2042, #1878, #169, .T. ) ;
#2042 = VERTEX_POINT ( 'NONE', #162 ) ;
#2043 = ORIENTED_EDGE ( 'NONE', *, *, #2044, .F. ) ;
#2044 = EDGE_CURVE ( 'NONE', #2045, #2042, #161, .T. ) ;
#2045 = VERTEX_POINT ( 'NONE', #228 ) ;
#2046 = ORIENTED_EDGE ( 'NONE', *, *, #2047, .T. ) ;
#2047 = EDGE_CURVE ( 'NONE', #2045, #1805, #227, .T. ) ;
#2048 = ORIENTED_EDGE ( 'NONE', *, *, #1855, .T. ) ;
#2049 = ADVANCED_FACE ( 'NONE', ( #223 ), #222, .T. ) ;
#2050 = EDGE_LOOP ( 'NONE', ( #2051, #2052, #1863, #1864 ) ) ;
#2051 = ORIENTED_EDGE ( 'NONE', *, *, #1474, .F. ) ;
#2052 = ORIENTED_EDGE ( 'NONE', *, *, #2053, .T. ) ;
#2053 = EDGE_CURVE ( 'NONE', #1536, #2045, #220, .T. ) ;
#2054 = ORIENTED_EDGE ( 'NONE', *, *, #1920, .F. ) ;
#2055 = ORIENTED_EDGE ( 'NONE', *, *, #2056, .F. ) ;
#2056 = EDGE_CURVE ( 'NONE', #1841, #1526, #337, .T. ) ;
#2057 = ORIENTED_EDGE ( 'NONE', *, *, #2058, .T. ) ;
#2058 = EDGE_CURVE ( 'NONE', #1841, #2059, #332, .T. ) ;
#2059 = VERTEX_POINT ( 'NONE', #328 ) ;
#2060 = ORIENTED_EDGE ( 'NONE', *, *, #2061, .T. ) ;
#2061 = EDGE_CURVE ( 'NONE', #2059, #1638, #327, .T. ) ;
#2062 = ORIENTED_EDGE ( 'NONE', *, *, #1736, .T. ) ;
#2063 = ADVANCED_FACE ( 'NONE', ( #322 ), #321, .T. ) ;
#2064 = EDGE_LOOP ( 'NONE', ( #2065, #2066, #2147, #1977 ) ) ;
#2065 = ORIENTED_EDGE ( 'NONE', *, *, #1636, .F. ) ;
#2066 = ORIENTED_EDGE ( 'NONE', *, *, #2061, .F. ) ;
#2067 = EDGE_CURVE ( 'NONE', #1983, #2059, #316, .T. ) ;
#2068 = ADVANCED_FACE ( 'NONE', ( #312 ), #311, .T. ) ;
#2069 = ADVANCED_FACE ( 'NONE', ( #240 ), #309, .T. ) ;
#2070 = ADVANCED_FACE ( 'NONE', ( #234 ), #237, .T. ) ;
#2071 = EDGE_LOOP ( 'NONE', ( #2072, #2174, #2179, #2180 ) ) ;
#2072 = ORIENTED_EDGE ( 'NONE', *, *, #2172, .F. ) ;
#2073 = VERTEX_POINT ( 'NONE', #274 ) ;
#2074 = ORIENTED_EDGE ( 'NONE', *, *, #2096, .F. ) ;
#2075 = VERTEX_POINT ( 'NONE', #273 ) ;
#2076 = ORIENTED_EDGE ( 'NONE', *, *, #2116, .T. ) ;
#2077 = EDGE_LOOP ( 'NONE', ( #2081, #2079, #2175, #2176 ) ) ;
#2078 = EDGE_LOOP ( 'NONE', ( #2158, #2154, #2098, #2099 ) ) ;
#2079 = ORIENTED_EDGE ( 'NONE', *, *, #2080, .F. ) ;
#2080 = EDGE_CURVE ( 'NONE', #1956, #2075, #272, .T. ) ;
#2081 = ORIENTED_EDGE ( 'NONE', *, *, #2116, .F. ) ;
#2082 = EDGE_LOOP ( 'NONE', ( #2101, #2102, #2084, #2085 ) ) ;
#2083 = EDGE_CURVE ( 'NONE', #1945, #2073, #268, .T. ) ;
#2084 = ORIENTED_EDGE ( 'NONE', *, *, #1944, .T. ) ;
#2085 = ORIENTED_EDGE ( 'NONE', *, *, #2086, .T. ) ;
#2086 = EDGE_CURVE ( 'NONE', #1972, #2093, #264, .T. ) ;
#2087 = ADVANCED_FACE ( 'NONE', ( #260 ), #258, .T. ) ;
#2088 = ADVANCED_FACE ( 'NONE', ( #253 ), #259, .T. ) ;
#2089 = ORIENTED_EDGE ( 'NONE', *, *, #2067, .T. ) ;
#2090 = EDGE_LOOP ( 'NONE', ( #1979, #1960, #1966, #1962 ) ) ;
#2091 = ORIENTED_EDGE ( 'NONE', *, *, #2092, .T. ) ;
#2092 = EDGE_CURVE ( 'NONE', #2073, #2093, #250, .T. ) ;
#2093 = VERTEX_POINT ( 'NONE', #244 ) ;
#2094 = ORIENTED_EDGE ( 'NONE', *, *, #2095, .T. ) ;
#2095 = EDGE_CURVE ( 'NONE', #2093, #2143, #212, .T. ) ;
#2096 = EDGE_CURVE ( 'NONE', #1858, #2146, #208, .T. ) ;
#2097 = ORIENTED_EDGE ( 'NONE', *, *, #1857, .T. ) ;
#2098 = ORIENTED_EDGE ( 'NONE', *, *, #1958, .T. ) ;
#2099 = ORIENTED_EDGE ( 'NONE', *, *, #2080, .T. ) ;
#2100 = ADVANCED_FACE ( 'NONE', ( #204 ), #203, .T. ) ;
#2101 = ORIENTED_EDGE ( 'NONE', *, *, #2092, .F. ) ;
#2102 = ORIENTED_EDGE ( 'NONE', *, *, #2083, .F. ) ;
#2103 = EDGE_CURVE ( 'NONE', #1613, #1612, #197, .T. ) ;
#2104 = ORIENTED_EDGE ( 'NONE', *, *, #2137, .F. ) ;
#2105 = ORIENTED_EDGE ( 'NONE', *, *, #2106, .T. ) ;
#2106 = EDGE_CURVE ( 'NONE', #2168, #2107, #193, .T. ) ;
#2107 = VERTEX_POINT ( 'NONE', #189 ) ;
#2108 = ORIENTED_EDGE ( 'NONE', *, *, #2109, .T. ) ;
#2109 = EDGE_CURVE ( 'NONE', #2107, #2110, #188, .T. ) ;
#2110 = VERTEX_POINT ( 'NONE', #184 ) ;
#2111 = ORIENTED_EDGE ( 'NONE', *, *, #2112, .T. ) ;
#2112 = EDGE_CURVE ( 'NONE', #2110, #2156, #182, .T. ) ;
#2113 = ADVANCED_FACE ( 'NONE', ( #424, #423 ), #383, .T. ) ;
#2114 = EDGE_LOOP ( 'NONE', ( #2115, #2117 ) ) ;
#2115 = ORIENTED_EDGE ( 'NONE', *, *, #1600, .T. ) ;
#2116 = EDGE_CURVE ( 'NONE', #2075, #1982, #376, .T. ) ;
#2117 = ORIENTED_EDGE ( 'NONE', *, *, #2118, .T. ) ;
#2118 = EDGE_CURVE ( 'NONE', #1598, #1601, #428, .T. ) ;
#2119 = EDGE_LOOP ( 'NONE', ( #2120, #2123, #2124, #2127 ) ) ;
#2120 = ORIENTED_EDGE ( 'NONE', *, *, #2121, .F. ) ;
#2121 = EDGE_CURVE ( 'NONE', #2166, #2122, #416, .T. ) ;
#2122 = VERTEX_POINT ( 'NONE', #377 ) ;
#2123 = ORIENTED_EDGE ( 'NONE', *, *, #2222, .F. ) ;
#2124 = ORIENTED_EDGE ( 'NONE', *, *, #2125, .F. ) ;
#2125 = EDGE_CURVE ( 'NONE', #2126, #2155, #400, .T. ) ;
#2126 = VERTEX_POINT ( 'NONE', #408 ) ;
#2127 = ORIENTED_EDGE ( 'NONE', *, *, #2128, .F. ) ;
#2128 = EDGE_CURVE ( 'NONE', #2122, #2126, #407, .T. ) ;
#2129 = ADVANCED_FACE ( 'NONE', ( #403 ), #402, .F. ) ;
#2130 = EDGE_LOOP ( 'NONE', ( #2724, #2736, #2727, #2746 ) ) ;
#2131 = ORIENTED_EDGE ( 'NONE', *, *, #2086, .F. ) ;
#2132 = ADVANCED_FACE ( 'NONE', ( #382 ), #384, .T. ) ;
#2133 = EDGE_LOOP ( 'NONE', ( #2134, #2135, #2136, #2138 ) ) ;
#2134 = ORIENTED_EDGE ( 'NONE', *, *, #2095, .F. ) ;
#2135 = ORIENTED_EDGE ( 'NONE', *, *, #2159, .F. ) ;
#2136 = ORIENTED_EDGE ( 'NONE', *, *, #2137, .T. ) ;
#2137 = EDGE_CURVE ( 'NONE', #2168, #2156, #393, .T. ) ;
#2138 = ORIENTED_EDGE ( 'NONE', *, *, #2181, .F. ) ;
#2139 = ADVANCED_FACE ( 'NONE', ( #387 ), #389, .F. ) ;
#2140 = EDGE_LOOP ( 'NONE', ( #2141, #2142, #2157, #2165 ) ) ;
#2141 = ORIENTED_EDGE ( 'NONE', *, *, #1971, .T. ) ;
#2142 = ORIENTED_EDGE ( 'NONE', *, *, #2153, .T. ) ;
#2143 = VERTEX_POINT ( 'NONE', #432 ) ;
#2144 = ORIENTED_EDGE ( 'NONE', *, *, #2145, .T. ) ;
#2145 = EDGE_CURVE ( 'NONE', #2143, #2075, #420, .T. ) ;
#2146 = VERTEX_POINT ( 'NONE', #415 ) ;
#2147 = ORIENTED_EDGE ( 'NONE', *, *, #1978, .T. ) ;
#2148 = EDGE_LOOP ( 'NONE', ( #2149, #2150, #2151, #2152 ) ) ;
#2149 = ORIENTED_EDGE ( 'NONE', *, *, #1771, .F. ) ;
#2150 = ORIENTED_EDGE ( 'NONE', *, *, #1969, .F. ) ;
#2151 = ORIENTED_EDGE ( 'NONE', *, *, #1947, .T. ) ;
#2152 = ORIENTED_EDGE ( 'NONE', *, *, #2083, .T. ) ;
#2153 = EDGE_CURVE ( 'NONE', #1959, #2155, #414, .T. ) ;
#2154 = ORIENTED_EDGE ( 'NONE', *, *, #2207, .F. ) ;
#2155 = VERTEX_POINT ( 'NONE', #467 ) ;
#2156 = VERTEX_POINT ( 'NONE', #466 ) ;
#2157 = ORIENTED_EDGE ( 'NONE', *, *, #2222, .T. ) ;
#2158 = ORIENTED_EDGE ( 'NONE', *, *, #2145, .F. ) ;
#2159 = EDGE_CURVE ( 'NONE', #2168, #2093, #465, .T. ) ;
#2160 = EDGE_LOOP ( 'NONE', ( #2161, #2167, #2169, #2131 ) ) ;
#2161 = ORIENTED_EDGE ( 'NONE', *, *, #2162, .F. ) ;
#2162 = EDGE_CURVE ( 'NONE', #2166, #1972, #454, .T. ) ;
#2163 = ORIENTED_EDGE ( 'NONE', *, *, #1609, .F. ) ;
#2164 = EDGE_LOOP ( 'NONE', ( #2163, #2209 ) ) ;
#2165 = ORIENTED_EDGE ( 'NONE', *, *, #2162, .T. ) ;
#2166 = VERTEX_POINT ( 'NONE', #449 ) ;
#2167 = ORIENTED_EDGE ( 'NONE', *, *, #2170, .T. ) ;
#2168 = VERTEX_POINT ( 'NONE', #448 ) ;
#2169 = ORIENTED_EDGE ( 'NONE', *, *, #2159, .T. ) ;
#2170 = EDGE_CURVE ( 'NONE', #2166, #2168, #447, .T. ) ;
#2171 = ADVANCED_FACE ( 'NONE', ( #443, #442 ), #522, .F. ) ;
#2172 = EDGE_CURVE ( 'NONE', #2155, #2156, #520, .T. ) ;
#2173 = EDGE_LOOP ( 'NONE', ( #2104, #2105, #2108, #2111 ) ) ;
#2174 = ORIENTED_EDGE ( 'NONE', *, *, #2153, .F. ) ;
#2175 = ORIENTED_EDGE ( 'NONE', *, *, #1955, .T. ) ;
#2176 = ORIENTED_EDGE ( 'NONE', *, *, #1974, .T. ) ;
#2177 = ORIENTED_EDGE ( 'NONE', *, *, #1996, .F. ) ;
#2178 = EDGE_CURVE ( 'NONE', #2741, #2728, #513, .T. ) ;
#2179 = ORIENTED_EDGE ( 'NONE', *, *, #2207, .T. ) ;
#2180 = ORIENTED_EDGE ( 'NONE', *, *, #2181, .T. ) ;
#2181 = EDGE_CURVE ( 'NONE', #2143, #2156, #509, .T. ) ;
#2182 = ADVANCED_FACE ( 'NONE', ( #504 ), #503, .F. ) ;
#2183 = ORIENTED_EDGE ( 'NONE', *, *, #2244, .T. ) ;
#2184 = ADVANCED_FACE ( 'NONE', ( #497 ), #501, .F. ) ;
#2185 = ORIENTED_EDGE ( 'NONE', *, *, #2215, .T. ) ;
#2186 = ORIENTED_EDGE ( 'NONE', *, *, #2202, .F. ) ;
#2187 = ORIENTED_EDGE ( 'NONE', *, *, #2744, .T. ) ;
#2188 = EDGE_LOOP ( 'NONE', ( #2196, #2221, #2214, #2187 ) ) ;
#2189 = EDGE_LOOP ( 'NONE', ( #2177, #2204, #2218 ) ) ;
#2190 = VERTEX_POINT ( 'NONE', #492 ) ;
#2191 = EDGE_CURVE ( 'NONE', #1451, #2203, #441, .T. ) ;
#2192 = EDGE_LOOP ( 'NONE', ( #2379, #2395, #2390, #2387 ) ) ;
#2193 = VERTEX_POINT ( 'NONE', #437 ) ;
#2194 = EDGE_CURVE ( 'NONE', #2741, #1469, #436, .T. ) ;
#2195 = ADVANCED_FACE ( 'NONE', ( #461 ), #460, .F. ) ;
#2196 = ORIENTED_EDGE ( 'NONE', *, *, #2191, .T. ) ;
#2197 = EDGE_LOOP ( 'NONE', ( #2185, #2212, #2186, #2183 ) ) ;
#2198 = EDGE_CURVE ( 'NONE', #2728, #2190, #373, .T. ) ;
#2199 = EDGE_LOOP ( 'NONE', ( #2435, #2217, #2323, #2245 ) ) ;
#2200 = EDGE_LOOP ( 'NONE', ( #2210, #2211, #2432, #2430 ) ) ;
#2201 = EDGE_CURVE ( 'NONE', #2190, #2203, #369, .T. ) ;
#2202 = EDGE_CURVE ( 'NONE', #2213, #2741, #365, .T. ) ;
#2203 = VERTEX_POINT ( 'NONE', #361 ) ;
#2204 = ORIENTED_EDGE ( 'NONE', *, *, #2740, .T. ) ;
#2205 = ADVANCED_FACE ( 'NONE', ( #360 ), #359, .F. ) ;
#2206 = ORIENTED_EDGE ( 'NONE', *, *, #2726, .T. ) ;
#2207 = EDGE_CURVE ( 'NONE', #1959, #2143, #354, .T. ) ;
#2208 = ADVANCED_FACE ( 'NONE', ( #350 ), #491, .T. ) ;
#2209 = ORIENTED_EDGE ( 'NONE', *, *, #2103, .F. ) ;
#2210 = ORIENTED_EDGE ( 'NONE', *, *, #1468, .F. ) ;
#2211 = ORIENTED_EDGE ( 'NONE', *, *, #2215, .F. ) ;
#2212 = ORIENTED_EDGE ( 'NONE', *, *, #2194, .F. ) ;
#2213 = VERTEX_POINT ( 'NONE', #486 ) ;
#2214 = ORIENTED_EDGE ( 'NONE', *, *, #2198, .F. ) ;
#2215 = EDGE_CURVE ( 'NONE', #2193, #1469, #485, .T. ) ;
#2216 = ADVANCED_FACE ( 'NONE', ( #481 ), #480, .F. ) ;
#2217 = ORIENTED_EDGE ( 'NONE', *, *, #2198, .T. ) ;
#2218 = ORIENTED_EDGE ( 'NONE', *, *, #2194, .T. ) ;
#2219 = ORIENTED_EDGE ( 'NONE', *, *, #1646, .T. ) ;
#2220 = ORIENTED_EDGE ( 'NONE', *, *, #2178, .F. ) ;
#2221 = ORIENTED_EDGE ( 'NONE', *, *, #2201, .F. ) ;
#2222 = EDGE_CURVE ( 'NONE', #2155, #2166, #478, .T. ) ;
#2223 = ORIENTED_EDGE ( 'NONE', *, *, #2492, .F. ) ;
#2224 = ORIENTED_EDGE ( 'NONE', *, *, #2480, .T. ) ;
#2225 = VERTEX_POINT ( 'NONE', #471 ) ;
#2226 = ORIENTED_EDGE ( 'NONE', *, *, #2227, .F. ) ;
#2227 = EDGE_CURVE ( 'NONE', #2228, #2265, #470, .T. ) ;
#2228 = VERTEX_POINT ( 'NONE', #344 ) ;
#2229 = VERTEX_POINT ( 'NONE', #343 ) ;
#2230 = EDGE_LOOP ( 'NONE', ( #2231, #2232, #2239, #2494 ) ) ;
#2231 = ORIENTED_EDGE ( 'NONE', *, *, #1731, .T. ) ;
#2232 = ORIENTED_EDGE ( 'NONE', *, *, #2312, .T. ) ;
#2233 = ORIENTED_EDGE ( 'NONE', *, *, #2234, .T. ) ;
#2234 = EDGE_CURVE ( 'NONE', #2255, #2235, #342, .T. ) ;
#2235 = VERTEX_POINT ( 'NONE', #338 ) ;
#2236 = ORIENTED_EDGE ( 'NONE', *, *, #2237, .F. ) ;
#2237 = EDGE_CURVE ( 'NONE', #2238, #2235, #183, .T. ) ;
#2238 = VERTEX_POINT ( 'NONE', #774 ) ;
#2239 = ORIENTED_EDGE ( 'NONE', *, *, #2240, .T. ) ;
#2240 = EDGE_CURVE ( 'NONE', #2457, #2255, #699, .T. ) ;
#2241 = ADVANCED_FACE ( 'NONE', ( #783 ), #709, .F. ) ;
#2242 = EDGE_CURVE ( 'NONE', #2190, #2213, #703, .T. ) ;
#2243 = ADVANCED_FACE ( 'NONE', ( #752 ), #753, .T. ) ;
#2244 = EDGE_CURVE ( 'NONE', #2213, #2193, #719, .T. ) ;
#2245 = ORIENTED_EDGE ( 'NONE', *, *, #2202, .T. ) ;
#2246 = EDGE_LOOP ( 'NONE', ( #2247, #2249, #2271, #2270 ) ) ;
#2247 = ORIENTED_EDGE ( 'NONE', *, *, #2248, .F. ) ;
#2248 = EDGE_CURVE ( 'NONE', #2255, #1766, #757, .T. ) ;
#2249 = ORIENTED_EDGE ( 'NONE', *, *, #2250, .T. ) ;
#2250 = EDGE_CURVE ( 'NONE', #2255, #2251, #697, .T. ) ;
#2251 = VERTEX_POINT ( 'NONE', #693 ) ;
#2252 = ORIENTED_EDGE ( 'NONE', *, *, #2428, .T. ) ;
#2253 = ORIENTED_EDGE ( 'NONE', *, *, #2254, .T. ) ;
#2254 = EDGE_CURVE ( 'NONE', #2429, #2190, #714, .T. ) ;
#2255 = VERTEX_POINT ( 'NONE', #710 ) ;
#2256 = ADVANCED_FACE ( 'NONE', ( #798 ), #797, .T. ) ;
#2257 = ORIENTED_EDGE ( 'NONE', *, *, #2234, .F. ) ;
#2258 = ORIENTED_EDGE ( 'NONE', *, *, #2240, .F. ) ;
#2259 = ORIENTED_EDGE ( 'NONE', *, *, #2303, .F. ) ;
#2260 = ORIENTED_EDGE ( 'NONE', *, *, #2261, .F. ) ;
#2261 = EDGE_CURVE ( 'NONE', #2262, #2489, #779, .T. ) ;
#2262 = VERTEX_POINT ( 'NONE', #707 ) ;
#2263 = ORIENTED_EDGE ( 'NONE', *, *, #2264, .F. ) ;
#2264 = EDGE_CURVE ( 'NONE', #2265, #2262, #706, .T. ) ;
#2265 = VERTEX_POINT ( 'NONE', #792 ) ;
#2266 = ORIENTED_EDGE ( 'NONE', *, *, #2280, .T. ) ;
#2267 = ORIENTED_EDGE ( 'NONE', *, *, #2268, .F. ) ;
#2268 = EDGE_CURVE ( 'NONE', #2277, #2228, #749, .T. ) ;
#2269 = ADVANCED_FACE ( 'NONE', ( #791 ), #745, .F. ) ;
#2270 = ORIENTED_EDGE ( 'NONE', *, *, #1678, .T. ) ;
#2271 = ORIENTED_EDGE ( 'NONE', *, *, #2301, .T. ) ;
#2272 = EDGE_LOOP ( 'NONE', ( #2296, #2498, #2491, #2493 ) ) ;
#2273 = ORIENTED_EDGE ( 'NONE', *, *, #2274, .T. ) ;
#2274 = EDGE_CURVE ( 'NONE', #2238, #2225, #819, .T. ) ;
#2275 = ORIENTED_EDGE ( 'NONE', *, *, #2276, .T. ) ;
#2276 = EDGE_CURVE ( 'NONE', #2225, #2277, #762, .T. ) ;
#2277 = VERTEX_POINT ( 'NONE', #758 ) ;
#2278 = ORIENTED_EDGE ( 'NONE', *, *, #2499, .T. ) ;
#2279 = ORIENTED_EDGE ( 'NONE', *, *, #2280, .F. ) ;
#2280 = EDGE_CURVE ( 'NONE', #2229, #2228, #790, .T. ) ;
#2281 = ORIENTED_EDGE ( 'NONE', *, *, #2282, .F. ) ;
#2282 = EDGE_CURVE ( 'NONE', #2235, #2229, #786, .T. ) ;
#2283 = ADVANCED_FACE ( 'NONE', ( #729 ), #728, .F. ) ;
#2284 = EDGE_LOOP ( 'NONE', ( #2285, #2402, #2404, #2405 ) ) ;
#2285 = ORIENTED_EDGE ( 'NONE', *, *, #2282, .T. ) ;
#2286 = ORIENTED_EDGE ( 'NONE', *, *, #2287, .T. ) ;
#2287 = EDGE_CURVE ( 'NONE', #2503, #2486, #773, .T. ) ;
#2288 = ORIENTED_EDGE ( 'NONE', *, *, #2485, .T. ) ;
#2289 = EDGE_LOOP ( 'NONE', ( #2257, #2258, #2259, #2260, #2263, #2226, #2279, #2281 ) ) ;
#2290 = ORIENTED_EDGE ( 'NONE', *, *, #2264, .T. ) ;
#2291 = ORIENTED_EDGE ( 'NONE', *, *, #2292, .F. ) ;
#2292 = EDGE_CURVE ( 'NONE', #2503, #2262, #769, .T. ) ;
#2293 = ORIENTED_EDGE ( 'NONE', *, *, #2502, .F. ) ;
#2294 = ORIENTED_EDGE ( 'NONE', *, *, #2472, .T. ) ;
#2295 = ADVANCED_FACE ( 'NONE', ( #765 ), #764, .T. ) ;
#2296 = ORIENTED_EDGE ( 'NONE', *, *, #1626, .F. ) ;
#2297 = ORIENTED_EDGE ( 'NONE', *, *, #2276, .F. ) ;
#2298 = ORIENTED_EDGE ( 'NONE', *, *, #2403, .T. ) ;
#2299 = ADVANCED_FACE ( 'NONE', ( #805 ), #801, .F. ) ;
#2300 = EDGE_LOOP ( 'NONE', ( #2290, #2291, #2293, #2294 ) ) ;
#2301 = EDGE_CURVE ( 'NONE', #2251, #1501, #812, .T. ) ;
#2302 = ORIENTED_EDGE ( 'NONE', *, *, #2303, .T. ) ;
#2303 = EDGE_CURVE ( 'NONE', #2489, #2457, #808, .T. ) ;
#2304 = ADVANCED_FACE ( 'NONE', ( #741 ), #740, .F. ) ;
#2305 = EDGE_CURVE ( 'NONE', #2429, #2420, #738, .T. ) ;
#2306 = ADVANCED_FACE ( 'NONE', ( #826 ), #825, .F. ) ;
#2307 = ORIENTED_EDGE ( 'NONE', *, *, #2201, .T. ) ;
#2308 = ADVANCED_FACE ( 'NONE', ( #827 ), #824, .F. ) ;
#2309 = EDGE_LOOP ( 'NONE', ( #2310, #2452, #2408, #2410 ) ) ;
#2310 = ORIENTED_EDGE ( 'NONE', *, *, #2451, .T. ) ;
#2311 = ORIENTED_EDGE ( 'NONE', *, *, #2312, .F. ) ;
#2312 = EDGE_CURVE ( 'NONE', #1752, #2457, #845, .T. ) ;
#2313 = EDGE_CURVE ( 'NONE', #2426, #2424, #846, .T. ) ;
#2314 = ORIENTED_EDGE ( 'NONE', *, *, #2315, .F. ) ;
#2315 = EDGE_CURVE ( 'NONE', #2420, #2426, #829, .T. ) ;
#2316 = ORIENTED_EDGE ( 'NONE', *, *, #2462, .T. ) ;
#2317 = EDGE_LOOP ( 'NONE', ( #2318, #2319, #2320, #2321, #2453 ) ) ;
#2318 = ORIENTED_EDGE ( 'NONE', *, *, #2242, .F. ) ;
#2319 = ORIENTED_EDGE ( 'NONE', *, *, #2451, .F. ) ;
#2320 = ORIENTED_EDGE ( 'NONE', *, *, #1606, .F. ) ;
#2321 = ORIENTED_EDGE ( 'NONE', *, *, #2436, .F. ) ;
#2322 = EDGE_LOOP ( 'NONE', ( #2422, #2425, #2314, #2316 ) ) ;
#2323 = ORIENTED_EDGE ( 'NONE', *, *, #2242, .T. ) ;
#2324 = ORIENTED_EDGE ( 'NONE', *, *, #2769, .F. ) ;
#2325 = ORIENTED_EDGE ( 'NONE', *, *, #2381, .F. ) ;
#2326 = ORIENTED_EDGE ( 'NONE', *, *, #2327, .F. ) ;
#2327 = EDGE_CURVE ( 'NONE', #2328, #2389, #840, .T. ) ;
#2328 = VERTEX_POINT ( 'NONE', #876 ) ;
#2329 = ORIENTED_EDGE ( 'NONE', *, *, #2330, .F. ) ;
#2330 = EDGE_CURVE ( 'NONE', #2770, #2328, #875, .T. ) ;
#2331 = ADVANCED_FACE ( 'NONE', ( #871 ), #870, .T. ) ;
#2332 = EDGE_LOOP ( 'NONE', ( #2333, #2336, #2639, #2442 ) ) ;
#2333 = ORIENTED_EDGE ( 'NONE', *, *, #2334, .F. ) ;
#2334 = EDGE_CURVE ( 'NONE', #2376, #2335, #941, .T. ) ;
#2335 = VERTEX_POINT ( 'NONE', #933 ) ;
#2336 = ORIENTED_EDGE ( 'NONE', *, *, #2396, .T. ) ;
#2337 = VERTEX_POINT ( 'NONE', #932 ) ;
#2338 = EDGE_CURVE ( 'NONE', #2335, #2328, #931, .T. ) ;
#2339 = ADVANCED_FACE ( 'NONE', ( #927 ), #926, .T. ) ;
#2340 = ORIENTED_EDGE ( 'NONE', *, *, #2338, .F. ) ;
#2341 = ORIENTED_EDGE ( 'NONE', *, *, #2443, .F. ) ;
#2342 = ORIENTED_EDGE ( 'NONE', *, *, #2350, .T. ) ;
#2343 = ORIENTED_EDGE ( 'NONE', *, *, #2330, .T. ) ;
#2344 = ADVANCED_FACE ( 'NONE', ( #924 ), #920, .F. ) ;
#2345 = EDGE_LOOP ( 'NONE', ( #2346, #2347, #2348, #2756 ) ) ;
#2346 = ORIENTED_EDGE ( 'NONE', *, *, #1542, .F. ) ;
#2347 = ORIENTED_EDGE ( 'NONE', *, *, #2447, .F. ) ;
#2348 = ORIENTED_EDGE ( 'NONE', *, *, #1539, .T. ) ;
#2349 = ORIENTED_EDGE ( 'NONE', *, *, #2350, .F. ) ;
#2350 = EDGE_CURVE ( 'NONE', #2337, #2770, #914, .T. ) ;
#2351 = ORIENTED_EDGE ( 'NONE', *, *, #2441, .F. ) ;
#2352 = ADVANCED_FACE ( 'NONE', ( #910, #908 ), #915, .T. ) ;
#2353 = EDGE_LOOP ( 'NONE', ( #2354, #2356 ) ) ;
#2354 = ORIENTED_EDGE ( 'NONE', *, *, #2355, .F. ) ;
#2355 = EDGE_CURVE ( 'NONE', #1604, #1541, #902, .T. ) ;
#2356 = ORIENTED_EDGE ( 'NONE', *, *, #1594, .F. ) ;
#2357 = EDGE_LOOP ( 'NONE', ( #2358, #2359, #2360, #2361 ) ) ;
#2358 = ORIENTED_EDGE ( 'NONE', *, *, #2327, .T. ) ;
#2359 = ORIENTED_EDGE ( 'NONE', *, *, #2366, .F. ) ;
#2360 = ORIENTED_EDGE ( 'NONE', *, *, #2334, .T. ) ;
#2361 = ORIENTED_EDGE ( 'NONE', *, *, #2338, .T. ) ;
#2362 = EDGE_LOOP ( 'NONE', ( #2340, #2341, #2342, #2343 ) ) ;
#2363 = ORIENTED_EDGE ( 'NONE', *, *, #2384, .F. ) ;
#2364 = ADVANCED_FACE ( 'NONE', ( #898 ), #897, .F. ) ;
#2365 = ORIENTED_EDGE ( 'NONE', *, *, #2366, .T. ) ;
#2366 = EDGE_CURVE ( 'NONE', #2376, #2389, #892, .T. ) ;
#2367 = ORIENTED_EDGE ( 'NONE', *, *, #2388, .T. ) ;
#2368 = ORIENTED_EDGE ( 'NONE', *, *, #2472, .F. ) ;
#2369 = ORIENTED_EDGE ( 'NONE', *, *, #2227, .T. ) ;
#2370 = EDGE_LOOP ( 'NONE', ( #2394, #2380, #2382, #2368 ) ) ;
#2371 = VERTEX_POINT ( 'NONE', #888 ) ;
#2372 = VERTEX_POINT ( 'NONE', #887 ) ;
#2373 = ORIENTED_EDGE ( 'NONE', *, *, #2499, .F. ) ;
#2374 = ORIENTED_EDGE ( 'NONE', *, *, #2391, .T. ) ;
#2375 = EDGE_LOOP ( 'NONE', ( #2369, #2393, #2377, #2363 ) ) ;
#2376 = VERTEX_POINT ( 'NONE', #886 ) ;
#2377 = ORIENTED_EDGE ( 'NONE', *, *, #2378, .T. ) ;
#2378 = EDGE_CURVE ( 'NONE', #2371, #2372, #885, .T. ) ;
#2379 = ORIENTED_EDGE ( 'NONE', *, *, #2396, .F. ) ;
#2380 = ORIENTED_EDGE ( 'NONE', *, *, #2381, .T. ) ;
#2381 = EDGE_CURVE ( 'NONE', #2389, #2371, #881, .T. ) ;
#2382 = ORIENTED_EDGE ( 'NONE', *, *, #2386, .T. ) ;
#2383 = EDGE_LOOP ( 'NONE', ( #2373, #2374, #2365, #2367 ) ) ;
#2384 = EDGE_CURVE ( 'NONE', #2228, #2372, #867, .T. ) ;
#2385 = ADVANCED_FACE ( 'NONE', ( #862 ), #861, .F. ) ;
#2386 = EDGE_CURVE ( 'NONE', #2371, #2265, #859, .T. ) ;
#2387 = ORIENTED_EDGE ( 'NONE', *, *, #2384, .T. ) ;
#2388 = EDGE_CURVE ( 'NONE', #2389, #2500, #849, .T. ) ;
#2389 = VERTEX_POINT ( 'NONE', #945 ) ;
#2390 = ORIENTED_EDGE ( 'NONE', *, *, #2268, .T. ) ;
#2391 = EDGE_CURVE ( 'NONE', #2277, #2376, #948, .T. ) ;
#2392 = ADVANCED_FACE ( 'NONE', ( #952 ), #1100, .T. ) ;
#2393 = ORIENTED_EDGE ( 'NONE', *, *, #2386, .F. ) ;
#2394 = ORIENTED_EDGE ( 'NONE', *, *, #2388, .F. ) ;
#2395 = ORIENTED_EDGE ( 'NONE', *, *, #2391, .F. ) ;
#2396 = EDGE_CURVE ( 'NONE', #2376, #2372, #1075, .T. ) ;
#2397 = ORIENTED_EDGE ( 'NONE', *, *, #2244, .F. ) ;
#2398 = EDGE_LOOP ( 'NONE', ( #2455, #2311, #2437, #2438 ) ) ;
#2399 = ORIENTED_EDGE ( 'NONE', *, *, #2401, .T. ) ;
#2400 = ORIENTED_EDGE ( 'NONE', *, *, #2305, .F. ) ;
#2401 = EDGE_CURVE ( 'NONE', #2193, #2420, #969, .T. ) ;
#2402 = ORIENTED_EDGE ( 'NONE', *, *, #2403, .F. ) ;
#2403 = EDGE_CURVE ( 'NONE', #2225, #2229, #970, .T. ) ;
#2404 = ORIENTED_EDGE ( 'NONE', *, *, #2274, .F. ) ;
#2405 = ORIENTED_EDGE ( 'NONE', *, *, #2237, .T. ) ;
#2406 = ADVANCED_FACE ( 'NONE', ( #953 ), #1092, .F. ) ;
#2407 = EDGE_LOOP ( 'NONE', ( #2266, #2267, #2297, #2298 ) ) ;
#2408 = ORIENTED_EDGE ( 'NONE', *, *, #2409, .F. ) ;
#2409 = EDGE_CURVE ( 'NONE', #1586, #2429, #975, .T. ) ;
#2410 = ORIENTED_EDGE ( 'NONE', *, *, #1590, .T. ) ;
#2411 = ADVANCED_FACE ( 'NONE', ( #965 ), #964, .F. ) ;
#2412 = EDGE_LOOP ( 'NONE', ( #2413, #2414, #2459, #2460, #2461 ) ) ;
#2413 = ORIENTED_EDGE ( 'NONE', *, *, #2305, .T. ) ;
#2414 = ORIENTED_EDGE ( 'NONE', *, *, #2315, .T. ) ;
#2415 = ORIENTED_EDGE ( 'NONE', *, *, #2401, .F. ) ;
#2416 = ORIENTED_EDGE ( 'NONE', *, *, #2419, .T. ) ;
#2417 = EDGE_LOOP ( 'NONE', ( #2307, #2252, #2253 ) ) ;
#2418 = ADVANCED_FACE ( 'NONE', ( #958 ), #962, .T. ) ;
#2419 = EDGE_CURVE ( 'NONE', #2203, #2193, #1098, .T. ) ;
#2420 = VERTEX_POINT ( 'NONE', #1037 ) ;
#2421 = EDGE_LOOP ( 'NONE', ( #2415, #2397, #2463 ) ) ;
#2422 = ORIENTED_EDGE ( 'NONE', *, *, #2423, .T. ) ;
#2423 = EDGE_CURVE ( 'NONE', #2213, #2424, #1036, .T. ) ;
#2424 = VERTEX_POINT ( 'NONE', #1032 ) ;
#2425 = ORIENTED_EDGE ( 'NONE', *, *, #2313, .F. ) ;
#2426 = VERTEX_POINT ( 'NONE', #1031 ) ;
#2427 = ORIENTED_EDGE ( 'NONE', *, *, #2428, .F. ) ;
#2428 = EDGE_CURVE ( 'NONE', #2203, #2429, #1030, .T. ) ;
#2429 = VERTEX_POINT ( 'NONE', #1025 ) ;
#2430 = ORIENTED_EDGE ( 'NONE', *, *, #2191, .F. ) ;
#2431 = EDGE_LOOP ( 'NONE', ( #2427, #2416, #2399, #2400 ) ) ;
#2432 = ORIENTED_EDGE ( 'NONE', *, *, #2419, .F. ) ;
#2433 = ADVANCED_FACE ( 'NONE', ( #1024 ), #1023, .T. ) ;
#2434 = ADVANCED_FACE ( 'NONE', ( #1021 ), #1017, .F. ) ;
#2435 = ORIENTED_EDGE ( 'NONE', *, *, #2178, .T. ) ;
#2436 = EDGE_CURVE ( 'NONE', #2424, #1588, #1015, .T. ) ;
#2437 = ORIENTED_EDGE ( 'NONE', *, *, #1707, .F. ) ;
#2438 = ORIENTED_EDGE ( 'NONE', *, *, #2439, .T. ) ;
#2439 = EDGE_CURVE ( 'NONE', #1627, #2458, #1007, .T. ) ;
#2440 = ADVANCED_FACE ( 'NONE', ( #1002 ), #1001, .T. ) ;
#2441 = EDGE_CURVE ( 'NONE', #2372, #2337, #999, .T. ) ;
#2442 = ORIENTED_EDGE ( 'NONE', *, *, #2443, .T. ) ;
#2443 = EDGE_CURVE ( 'NONE', #2337, #2335, #992, .T. ) ;
#2444 = ADVANCED_FACE ( 'NONE', ( #987, #988 ), #984, .F. ) ;
#2445 = EDGE_LOOP ( 'NONE', ( #2446, #2448 ) ) ;
#2446 = ORIENTED_EDGE ( 'NONE', *, *, #2447, .T. ) ;
#2447 = EDGE_CURVE ( 'NONE', #1603, #1543, #979, .T. ) ;
#2448 = ORIENTED_EDGE ( 'NONE', *, *, #1595, .T. ) ;
#2449 = EDGE_LOOP ( 'NONE', ( #2450, #2324, #2349, #2351 ) ) ;
#2450 = ORIENTED_EDGE ( 'NONE', *, *, #2378, .F. ) ;
#2451 = EDGE_CURVE ( 'NONE', #1546, #2190, #1070, .T. ) ;
#2452 = ORIENTED_EDGE ( 'NONE', *, *, #2254, .F. ) ;
#2453 = ORIENTED_EDGE ( 'NONE', *, *, #2423, .F. ) ;
#2454 = ADVANCED_FACE ( 'NONE', ( #1066 ), #1065, .T. ) ;
#2455 = ORIENTED_EDGE ( 'NONE', *, *, #2456, .F. ) ;
#2456 = EDGE_CURVE ( 'NONE', #2457, #2458, #1063, .T. ) ;
#2457 = VERTEX_POINT ( 'NONE', #1056 ) ;
#2458 = VERTEX_POINT ( 'NONE', #1055 ) ;
#2459 = ORIENTED_EDGE ( 'NONE', *, *, #2468, .T. ) ;
#2460 = ORIENTED_EDGE ( 'NONE', *, *, #1540, .T. ) ;
#2461 = ORIENTED_EDGE ( 'NONE', *, *, #2409, .T. ) ;
#2462 = EDGE_CURVE ( 'NONE', #2420, #2213, #1054, .T. ) ;
#2463 = ORIENTED_EDGE ( 'NONE', *, *, #2462, .F. ) ;
#2464 = ADVANCED_FACE ( 'NONE', ( #1050 ), #1049, .T. ) ;
#2465 = EDGE_LOOP ( 'NONE', ( #2466, #2467, #2469, #2470 ) ) ;
#2466 = ORIENTED_EDGE ( 'NONE', *, *, #1611, .F. ) ;
#2467 = ORIENTED_EDGE ( 'NONE', *, *, #2468, .F. ) ;
#2468 = EDGE_CURVE ( 'NONE', #2426, #1585, #1047, .T. ) ;
#2469 = ORIENTED_EDGE ( 'NONE', *, *, #2313, .T. ) ;
#2470 = ORIENTED_EDGE ( 'NONE', *, *, #2436, .T. ) ;
#2471 = EDGE_LOOP ( 'NONE', ( #2473, #2474, #2475, #2476 ) ) ;
#2472 = EDGE_CURVE ( 'NONE', #2500, #2265, #1090, .T. ) ;
#2473 = ORIENTED_EDGE ( 'NONE', *, *, #2261, .T. ) ;
#2474 = ORIENTED_EDGE ( 'NONE', *, *, #2488, .F. ) ;
#2475 = ORIENTED_EDGE ( 'NONE', *, *, #2287, .F. ) ;
#2476 = ORIENTED_EDGE ( 'NONE', *, *, #2292, .T. ) ;
#2477 = ADVANCED_FACE ( 'NONE', ( #1086 ), #1084, .T. ) ;
#2478 = ADVANCED_FACE ( 'NONE', ( #1079 ), #1085, .F. ) ;
#2479 = ORIENTED_EDGE ( 'NONE', *, *, #2480, .F. ) ;
#2480 = EDGE_CURVE ( 'NONE', #2251, #2238, #1101, .T. ) ;
#2481 = ADVANCED_FACE ( 'NONE', ( #1132 ), #1131, .F. ) ;
#2482 = EDGE_LOOP ( 'NONE', ( #2483, #2484, #2487, #2302 ) ) ;
#2483 = ORIENTED_EDGE ( 'NONE', *, *, #2456, .T. ) ;
#2484 = ORIENTED_EDGE ( 'NONE', *, *, #2485, .F. ) ;
#2485 = EDGE_CURVE ( 'NONE', #2486, #2458, #1126, .T. ) ;
#2486 = VERTEX_POINT ( 'NONE', #1122 ) ;
#2487 = ORIENTED_EDGE ( 'NONE', *, *, #2488, .T. ) ;
#2488 = EDGE_CURVE ( 'NONE', #2486, #2489, #1121, .T. ) ;
#2489 = VERTEX_POINT ( 'NONE', #1117 ) ;
#2490 = EDGE_LOOP ( 'NONE', ( #2223, #2224, #2273, #2275, #2278, #2501, #2286, #2288 ) ) ;
#2491 = ORIENTED_EDGE ( 'NONE', *, *, #2492, .T. ) ;
#2492 = EDGE_CURVE ( 'NONE', #2251, #2458, #1116, .T. ) ;
#2493 = ORIENTED_EDGE ( 'NONE', *, *, #2439, .F. ) ;
#2494 = ORIENTED_EDGE ( 'NONE', *, *, #2248, .T. ) ;
#2495 = ADVANCED_FACE ( 'NONE', ( #1112 ), #1111, .F. ) ;
#2496 = EDGE_LOOP ( 'NONE', ( #2497, #2233, #2236, #2479 ) ) ;
#2497 = ORIENTED_EDGE ( 'NONE', *, *, #2250, .F. ) ;
#2498 = ORIENTED_EDGE ( 'NONE', *, *, #2301, .F. ) ;
#2499 = EDGE_CURVE ( 'NONE', #2277, #2500, #1109, .T. ) ;
#2500 = VERTEX_POINT ( 'NONE', #1102 ) ;
#2501 = ORIENTED_EDGE ( 'NONE', *, *, #2502, .T. ) ;
#2502 = EDGE_CURVE ( 'NONE', #2500, #2503, #1165, .T. ) ;
#2503 = VERTEX_POINT ( 'NONE', #1161 ) ;
#2504 = EDGE_CURVE ( 'NONE', #2522, #1663, #1160, .T. ) ;
#2505 = EDGE_LOOP ( 'NONE', ( #2753, #2628, #2629, #2507 ) ) ;
#2506 = EDGE_CURVE ( 'NONE', #2630, #2522, #1156, .T. ) ;
#2507 = ORIENTED_EDGE ( 'NONE', *, *, #2611, .T. ) ;
#2508 = ORIENTED_EDGE ( 'NONE', *, *, #2638, .F. ) ;
#2509 = ORIENTED_EDGE ( 'NONE', *, *, #1659, .T. ) ;
#2510 = ORIENTED_EDGE ( 'NONE', *, *, #1662, .T. ) ;
#2511 = ORIENTED_EDGE ( 'NONE', *, *, #1651, .T. ) ;
#2512 = ORIENTED_EDGE ( 'NONE', *, *, #2611, .F. ) ;
#2513 = VERTEX_POINT ( 'NONE', #1152 ) ;
#2514 = ORIENTED_EDGE ( 'NONE', *, *, #2515, .T. ) ;
#2515 = EDGE_CURVE ( 'NONE', #2513, #1652, #1151, .T. ) ;
#2516 = EDGE_LOOP ( 'NONE', ( #2530, #2531, #2523, #2606 ) ) ;
#2517 = ORIENTED_EDGE ( 'NONE', *, *, #2633, .T. ) ;
#2518 = VERTEX_POINT ( 'NONE', #1147 ) ;
#2519 = ORIENTED_EDGE ( 'NONE', *, *, #2624, .F. ) ;
#2520 = ORIENTED_EDGE ( 'NONE', *, *, #2521, .F. ) ;
#2521 = EDGE_CURVE ( 'NONE', #2522, #2536, #1146, .T. ) ;
#2522 = VERTEX_POINT ( 'NONE', #1142 ) ;
#2523 = ORIENTED_EDGE ( 'NONE', *, *, #2524, .F. ) ;
#2524 = EDGE_CURVE ( 'NONE', #2525, #2513, #1141, .T. ) ;
#2525 = VERTEX_POINT ( 'NONE', #1137 ) ;
#2526 = ORIENTED_EDGE ( 'NONE', *, *, #2626, .F. ) ;
#2527 = ORIENTED_EDGE ( 'NONE', *, *, #2528, .F. ) ;
#2528 = EDGE_CURVE ( 'NONE', #2513, #2630, #1136, .T. ) ;
#2529 = ADVANCED_FACE ( 'NONE', ( #1210 ), #1209, .F. ) ;
#2530 = ORIENTED_EDGE ( 'NONE', *, *, #1639, .T. ) ;
#2531 = ORIENTED_EDGE ( 'NONE', *, *, #2515, .F. ) ;
#2532 = EDGE_LOOP ( 'NONE', ( #2510, #2755, #2535, #2625 ) ) ;
#2533 = ADVANCED_FACE ( 'NONE', ( #1203 ), #1207, .F. ) ;
#2534 = ADVANCED_FACE ( 'NONE', ( #1197 ), #1200, .F. ) ;
#2535 = ORIENTED_EDGE ( 'NONE', *, *, #2754, .F. ) ;
#2536 = VERTEX_POINT ( 'NONE', #1194 ) ;
#2537 = EDGE_CURVE ( 'NONE', #2550, #1577, #1191, .T. ) ;
#2538 = ADVANCED_FACE ( 'NONE', ( #1187 ), #1186, .F. ) ;
#2539 = EDGE_LOOP ( 'NONE', ( #2540, #2541, #2542, #2637 ) ) ;
#2540 = ORIENTED_EDGE ( 'NONE', *, *, #1661, .T. ) ;
#2541 = ORIENTED_EDGE ( 'NONE', *, *, #2537, .F. ) ;
#2542 = ORIENTED_EDGE ( 'NONE', *, *, #2635, .F. ) ;
#2543 = EDGE_CURVE ( 'NONE', #2788, #1574, #1184, .T. ) ;
#2544 = ADVANCED_FACE ( 'NONE', ( #1177 ), #1175, .F. ) ;
#2545 = EDGE_LOOP ( 'NONE', ( #2546, #2547, #2548, #2551 ) ) ;
#2546 = ORIENTED_EDGE ( 'NONE', *, *, #1576, .T. ) ;
#2547 = ORIENTED_EDGE ( 'NONE', *, *, #2543, .F. ) ;
#2548 = ORIENTED_EDGE ( 'NONE', *, *, #2549, .F. ) ;
#2549 = EDGE_CURVE ( 'NONE', #2550, #2788, #1176, .T. ) ;
#2550 = VERTEX_POINT ( 'NONE', #1167 ) ;
#2551 = ORIENTED_EDGE ( 'NONE', *, *, #2537, .T. ) ;
#2552 = FACE_BOUND ( 'NONE', #1759, .T. ) ;
#2553 = FACE_OUTER_BOUND ( 'NONE', #1522, .T. ) ;
#2554 = FACE_BOUND ( 'NONE', #1466, .T. ) ;
#2555 = DIRECTION ( 'NONE',  ( -4.216446464779314800E-016, 0.0000000000000000000, 1.000000000000000000 ) ) ;
#2556 = VECTOR ( 'NONE', #2555, 39.37007874015748100 ) ;
#2557 = CARTESIAN_POINT ( 'NONE',  ( 0.1555000000000000300, 0.01000000000000000000, -0.6009999999999999800 ) ) ;
#2558 = LINE ( 'NONE', #2557, #2556 ) ;
#2559 = CARTESIAN_POINT ( 'NONE',  ( 0.1554999999999999400, 0.01000000000000000000, -0.4390242689855161600 ) ) ;
#2560 = DIRECTION ( 'NONE',  ( 0.0000000000000000000, 0.0000000000000000000, -1.000000000000000000 ) ) ;
#2561 = DIRECTION ( 'NONE',  ( 0.0000000000000000000, 1.000000000000000000, -0.0000000000000000000 ) ) ;
#2562 = CARTESIAN_POINT ( 'NONE',  ( -0.2757390070338249800, 0.0000000000000000000, -0.6370000000000000100 ) ) ;
#2563 = AXIS2_PLACEMENT_3D ( 'NONE', #2562, #2561, #2560 ) ;
#2564 = CIRCLE ( 'NONE', #2563, 0.1249999999999999000 ) ;
#2565 = DIRECTION ( 'NONE',  ( 1.241749088029208400E-015, -0.0000000000000000000, 1.000000000000000000 ) ) ;
#2566 = VECTOR ( 'NONE', #2565, 39.37007874015748100 ) ;
#2567 = CARTESIAN_POINT ( 'NONE',  ( -0.4007390070338248700, 0.0000000000000000000, -0.5819999999999999600 ) ) ;
#2568 = LINE ( 'NONE', #2567, #2566 ) ;
#2569 = CARTESIAN_POINT ( 'NONE',  ( -0.4007390070338248700, 0.0000000000000000000, -0.5819999999999999600 ) ) ;
#2570 = DIRECTION ( 'NONE',  ( 1.000000000000000000, -0.0000000000000000000, -0.0000000000000000000 ) ) ;
#2571 = VECTOR ( 'NONE', #2570, 39.37007874015748100 ) ;
#2572 = CARTESIAN_POINT ( 'NONE',  ( -0.3954999999999999600, 0.0000000000000000000, -0.5819999999999999600 ) ) ;
#2573 = LINE ( 'NONE', #2572, #2571 ) ;
#2574 = DIRECTION ( 'NONE',  ( 1.241749088029208400E-015, -0.0000000000000000000, 1.000000000000000000 ) ) ;
#2575 = VECTOR ( 'NONE', #2574, 39.37007874015748100 ) ;
#2576 = CARTESIAN_POINT ( 'NONE',  ( -0.4007390070338248700, 0.01000000000000000000, -0.5819999999999999600 ) ) ;
#2577 = LINE ( 'NONE', #2576, #2575 ) ;
#2578 = DIRECTION ( 'NONE',  ( 0.7596915262653136700, 0.0000000000000000000, 0.6502836188315666000 ) ) ;
#2579 = VECTOR ( 'NONE', #2578, 39.37007874015748100 ) ;
#2580 = CARTESIAN_POINT ( 'NONE',  ( -0.3954999999999999100, 0.01000000000000000000, -0.2109999999999998500 ) ) ;
#2581 = LINE ( 'NONE', #2580, #2579 ) ;
#2582 = DIRECTION ( 'NONE',  ( 0.0000000000000000000, 0.0000000000000000000, 1.000000000000000000 ) ) ;
#2583 = DIRECTION ( 'NONE',  ( 0.0000000000000000000, 1.000000000000000000, 0.0000000000000000000 ) ) ;
#2584 = CARTESIAN_POINT ( 'NONE',  ( 0.2757390070338249800, 0.01000000000000000000, -0.6370000000000000100 ) ) ;
#2585 = AXIS2_PLACEMENT_3D ( 'NONE', #2584, #2583, #2582 ) ;
#2586 = CIRCLE ( 'NONE', #2585, 0.1249999999999999000 ) ;
#2587 = DIRECTION ( 'NONE',  ( -1.000000000000000000, 0.0000000000000000000, -5.463695987328528400E-016 ) ) ;
#2588 = CARTESIAN_POINT ( 'NONE',  ( -0.3955000000000000700, 0.01000000000000003500, -0.5819999999999999600 ) ) ;
#2589 = CARTESIAN_POINT ( 'NONE',  ( 0.4007390070338248700, 0.01000000000000000000, -0.6370000000000000100 ) ) ;
#2590 = DIRECTION ( 'NONE',  ( 1.241749088029208400E-015, 0.0000000000000000000, -1.000000000000000000 ) ) ;
#2591 = VECTOR ( 'NONE', #2590, 39.37007874015748100 ) ;
#2592 = CARTESIAN_POINT ( 'NONE',  ( 0.4007390070338248700, 0.01000000000000000000, -0.5819999999999999600 ) ) ;
#2593 = LINE ( 'NONE', #2592, #2591 ) ;
#2594 = CARTESIAN_POINT ( 'NONE',  ( 0.4007390070338248700, 0.01000000000000000000, -0.5819999999999999600 ) ) ;
#2595 = CARTESIAN_POINT ( 'NONE',  ( -0.1908439925529675200, 0.01000000000000000000, -0.7287487684729064800 ) ) ;
#2596 = DIRECTION ( 'NONE',  ( 0.0000000000000000000, 0.0000000000000000000, 1.000000000000000000 ) ) ;
#2597 = DIRECTION ( 'NONE',  ( -0.0000000000000000000, -1.000000000000000000, -0.0000000000000000000 ) ) ;
#2598 = CARTESIAN_POINT ( 'NONE',  ( 0.0000000000000000000, 0.01000000000000000000, -0.9350000000000000500 ) ) ;
#2599 = AXIS2_PLACEMENT_3D ( 'NONE', #2598, #2597, #2596 ) ;
#2600 = CIRCLE ( 'NONE', #2599, 0.2809999999999998100 ) ;
#2601 = ORIENTED_EDGE ( 'NONE', *, *, #2624, .T. ) ;
#2602 = ORIENTED_EDGE ( 'NONE', *, *, #2635, .T. ) ;
#2603 = ORIENTED_EDGE ( 'NONE', *, *, #2521, .T. ) ;
#2604 = ORIENTED_EDGE ( 'NONE', *, *, #2754, .T. ) ;
#2605 = ORIENTED_EDGE ( 'NONE', *, *, #2506, .T. ) ;
#2606 = ORIENTED_EDGE ( 'NONE', *, *, #2607, .T. ) ;
#2607 = EDGE_CURVE ( 'NONE', #2525, #1565, #1166, .T. ) ;
#2608 = ADVANCED_FACE ( 'NONE', ( #1293 ), #1242, .F. ) ;
#2609 = EDGE_LOOP ( 'NONE', ( #2610, #2614, #2615, #2617 ) ) ;
#2610 = ORIENTED_EDGE ( 'NONE', *, *, #1563, .T. ) ;
#2611 = EDGE_CURVE ( 'NONE', #2630, #1648, #1294, .T. ) ;
#2612 = ADVANCED_FACE ( 'NONE', ( #1292 ), #1279, .F. ) ;
#2613 = EDGE_LOOP ( 'NONE', ( #2511, #2512, #2527, #2514 ) ) ;
#2614 = ORIENTED_EDGE ( 'NONE', *, *, #2607, .F. ) ;
#2615 = ORIENTED_EDGE ( 'NONE', *, *, #2616, .F. ) ;
#2616 = EDGE_CURVE ( 'NONE', #2762, #2525, #1283, .T. ) ;
#2617 = ORIENTED_EDGE ( 'NONE', *, *, #2761, .T. ) ;
#2618 = ADVANCED_FACE ( 'NONE', ( #1274 ), #1273, .T. ) ;
#2619 = EDGE_LOOP ( 'NONE', ( #2620, #2621, #2622, #2623, #2605, #2603, #2604, #2601, #2602, #2748, #2749, #2750 ) ) ;
#2620 = ORIENTED_EDGE ( 'NONE', *, *, #2764, .T. ) ;
#2621 = ORIENTED_EDGE ( 'NONE', *, *, #2616, .T. ) ;
#2622 = ORIENTED_EDGE ( 'NONE', *, *, #2524, .T. ) ;
#2623 = ORIENTED_EDGE ( 'NONE', *, *, #2528, .T. ) ;
#2624 = EDGE_CURVE ( 'NONE', #2518, #2636, #1291, .T. ) ;
#2625 = ORIENTED_EDGE ( 'NONE', *, *, #2626, .T. ) ;
#2626 = EDGE_CURVE ( 'NONE', #2536, #1579, #1287, .T. ) ;
#2627 = EDGE_LOOP ( 'NONE', ( #2632, #2526, #2520, #2634 ) ) ;
#2628 = ORIENTED_EDGE ( 'NONE', *, *, #2504, .F. ) ;
#2629 = ORIENTED_EDGE ( 'NONE', *, *, #2506, .F. ) ;
#2630 = VERTEX_POINT ( 'NONE', #1306 ) ;
#2631 = EDGE_LOOP ( 'NONE', ( #2509, #2508, #2519, #2517 ) ) ;
#2632 = ORIENTED_EDGE ( 'NONE', *, *, #1656, .T. ) ;
#2633 = EDGE_CURVE ( 'NONE', #2518, #1650, #1305, .T. ) ;
#2634 = ORIENTED_EDGE ( 'NONE', *, *, #2504, .T. ) ;
#2635 = EDGE_CURVE ( 'NONE', #2636, #2550, #1301, .T. ) ;
#2636 = VERTEX_POINT ( 'NONE', #1250 ) ;
#2637 = ORIENTED_EDGE ( 'NONE', *, *, #2638, .T. ) ;
#2638 = EDGE_CURVE ( 'NONE', #2636, #1658, #1249, .T. ) ;
#2639 = ORIENTED_EDGE ( 'NONE', *, *, #2441, .T. ) ;
#2640 = CARTESIAN_POINT ( 'NONE',  ( -0.1555000000000000300, 0.0000000000000000000, -0.6009999999999999800 ) ) ;
#2641 = LINE ( 'NONE', #2712, #2711 ) ;
#2642 = DIRECTION ( 'NONE',  ( -1.000000000000000000, -0.0000000000000000000, 5.463695987328526400E-016 ) ) ;
#2643 = VECTOR ( 'NONE', #2642, 39.37007874015748100 ) ;
#2644 = CARTESIAN_POINT ( 'NONE',  ( -0.2805000000000000300, 0.0000000000000000000, -0.6009999999999999800 ) ) ;
#2645 = LINE ( 'NONE', #2644, #2643 ) ;
#2646 = DIRECTION ( 'NONE',  ( 0.0000000000000000000, -0.0000000000000000000, -1.000000000000000000 ) ) ;
#2647 = DIRECTION ( 'NONE',  ( 0.0000000000000000000, -1.000000000000000000, 0.0000000000000000000 ) ) ;
#2648 = CARTESIAN_POINT ( 'NONE',  ( -0.2757390070338249800, 0.0000000000000000000, -0.6370000000000000100 ) ) ;
#2649 = AXIS2_PLACEMENT_3D ( 'NONE', #2648, #2647, #2646 ) ;
#2650 = PLANE ( 'NONE',  #2649 ) ;
#2651 = CARTESIAN_POINT ( 'NONE',  ( -0.2804999999999999700, 8.537024980200822600E-018, -0.6009999999999999800 ) ) ;
#2652 = DIRECTION ( 'NONE',  ( -2.108223232389658400E-016, 0.0000000000000000000, -1.000000000000000000 ) ) ;
#2653 = VECTOR ( 'NONE', #2652, 39.37007874015748100 ) ;
#2654 = CARTESIAN_POINT ( 'NONE',  ( 0.2805000000000000300, 0.01000000000000000000, -0.4390242689855161600 ) ) ;
#2655 = LINE ( 'NONE', #2654, #2653 ) ;
#2656 = DIRECTION ( 'NONE',  ( -1.000000000000000000, 0.0000000000000000000, -5.463695987328526400E-016 ) ) ;
#2657 = VECTOR ( 'NONE', #2656, 39.37007874015748100 ) ;
#2658 = CARTESIAN_POINT ( 'NONE',  ( 0.2805000000000000300, 0.01000000000000000000, -0.6009999999999999800 ) ) ;
#2659 = LINE ( 'NONE', #2658, #2657 ) ;
#2660 = DIRECTION ( 'NONE',  ( 1.000000000000000000, 0.0000000000000000000, -2.201087457280779800E-016 ) ) ;
#2661 = VECTOR ( 'NONE', #2660, 39.37007874015748100 ) ;
#2662 = CARTESIAN_POINT ( 'NONE',  ( -0.1489999999999999900, 0.01000000000000000000, 6.559240622696722900E-017 ) ) ;
#2663 = LINE ( 'NONE', #2662, #2661 ) ;
#2664 = CARTESIAN_POINT ( 'NONE',  ( 0.2805000000000000300, 0.01000000000000000000, -0.4390242689855161600 ) ) ;
#2665 = CARTESIAN_POINT ( 'NONE',  ( -0.1908439925529675200, 0.0000000000000000000, -0.7287487684729064800 ) ) ;
#2666 = DIRECTION ( 'NONE',  ( 0.0000000000000000000, 0.0000000000000000000, 1.000000000000000000 ) ) ;
#2667 = DIRECTION ( 'NONE',  ( 0.0000000000000000000, 1.000000000000000000, 0.0000000000000000000 ) ) ;
#2668 = CARTESIAN_POINT ( 'NONE',  ( 0.2179999999999999700, 0.01000000000000000000, -0.3359999999999999100 ) ) ;
#2669 = AXIS2_PLACEMENT_3D ( 'NONE', #2668, #2667, #2666 ) ;
#2670 = CIRCLE ( 'NONE', #2669, 0.1205000000000000500 ) ;
#2671 = CARTESIAN_POINT ( 'NONE',  ( 0.2804999999999999700, 0.01000000000000000400, -0.6010000000000000900 ) ) ;
#2672 = CARTESIAN_POINT ( 'NONE',  ( 0.1555000000000000300, 0.01000000000000001200, -0.6010000000000002000 ) ) ;
#2673 = DIRECTION ( 'NONE',  ( 0.0000000000000000000, 0.0000000000000000000, 1.000000000000000000 ) ) ;
#2674 = DIRECTION ( 'NONE',  ( -0.0000000000000000000, -1.000000000000000000, -0.0000000000000000000 ) ) ;
#2675 = CARTESIAN_POINT ( 'NONE',  ( 0.0000000000000000000, 0.0000000000000000000, -0.9350000000000000500 ) ) ;
#2676 = AXIS2_PLACEMENT_3D ( 'NONE', #2675, #2674, #2673 ) ;
#2677 = CIRCLE ( 'NONE', #2676, 0.2809999999999998100 ) ;
#2678 = ORIENTED_EDGE ( 'NONE', *, *, #2715, .T. ) ;
#2679 = ORIENTED_EDGE ( 'NONE', *, *, #2103, .T. ) ;
#2680 = ORIENTED_EDGE ( 'NONE', *, *, #1597, .F. ) ;
#2681 = CARTESIAN_POINT ( 'NONE',  ( -0.1489999999999999900, 2.134256245050205600E-017, 3.302502440507044100E-017 ) ) ;
#2682 = DIRECTION ( 'NONE',  ( 0.0000000000000000000, 1.000000000000000000, 1.387778780781445400E-017 ) ) ;
#2683 = VECTOR ( 'NONE', #2682, 39.37007874015748100 ) ;
#2684 = CARTESIAN_POINT ( 'NONE',  ( 0.1554999999999991400, -0.03017626630465657400, -0.3021224071105418400 ) ) ;
#2685 = LINE ( 'NONE', #2684, #2683 ) ;
#2686 = DIRECTION ( 'NONE',  ( 0.0000000000000000000, 0.0000000000000000000, -1.000000000000000000 ) ) ;
#2687 = DIRECTION ( 'NONE',  ( -0.0000000000000000000, -1.000000000000000000, -0.0000000000000000000 ) ) ;
#2688 = CARTESIAN_POINT ( 'NONE',  ( -0.2757390070338249800, 0.01000000000000000000, -0.6370000000000000100 ) ) ;
#2689 = AXIS2_PLACEMENT_3D ( 'NONE', #2688, #2687, #2686 ) ;
#2690 = CYLINDRICAL_SURFACE ( 'NONE', #2689, 0.1249999999999999000 ) ;
#2691 = FACE_OUTER_BOUND ( 'NONE', #1488, .T. ) ;
#2692 = CARTESIAN_POINT ( 'NONE',  ( -0.4007390070338249200, 0.01000000000000000000, -0.6370000000000000100 ) ) ;
#2693 = DIRECTION ( 'NONE',  ( -0.0000000000000000000, -1.000000000000000000, -0.0000000000000000000 ) ) ;
#2694 = VECTOR ( 'NONE', #2693, 39.37007874015748100 ) ;
#2695 = CARTESIAN_POINT ( 'NONE',  ( -0.2757390070338249800, 0.01000000000000000000, -0.7620000000000000100 ) ) ;
#2696 = LINE ( 'NONE', #2695, #2694 ) ;
#2697 = CARTESIAN_POINT ( 'NONE',  ( 0.3954999999999999600, 0.01000000000000000000, -0.5819999999999999600 ) ) ;
#2698 = CARTESIAN_POINT ( 'NONE',  ( 0.1554999999999991400, -0.02017626630465657600, -0.3021224071105418400 ) ) ;
#2699 = DIRECTION ( 'NONE',  ( 0.0000000000000000000, 0.0000000000000000000, 1.000000000000000000 ) ) ;
#2700 = DIRECTION ( 'NONE',  ( 0.0000000000000000000, 1.000000000000000000, 1.387778780781445400E-017 ) ) ;
#2701 = CARTESIAN_POINT ( 'NONE',  ( 0.2179999999999991400, -0.02017626630465657600, -0.3021224071105419500 ) ) ;
#2702 = AXIS2_PLACEMENT_3D ( 'NONE', #2701, #2700, #2699 ) ;
#2703 = CIRCLE ( 'NONE', #2702, 0.06250000000000001400 ) ;
#2704 = DIRECTION ( 'NONE',  ( 0.0000000000000000000, 1.000000000000000000, 1.387778780781445400E-017 ) ) ;
#2705 = VECTOR ( 'NONE', #2704, 39.37007874015748100 ) ;
#2706 = CARTESIAN_POINT ( 'NONE',  ( 0.2179999999999991400, -0.03017626630465657400, -0.2396224071105419200 ) ) ;
#2707 = LINE ( 'NONE', #2706, #2705 ) ;
#2708 = CARTESIAN_POINT ( 'NONE',  ( 0.2179999999999991400, -0.02017626630465657600, -0.2396224071105419200 ) ) ;
#2709 = CARTESIAN_POINT ( 'NONE',  ( -0.2805000000000000300, 0.0000000000000000000, -0.4390242689855161600 ) ) ;
#2710 = DIRECTION ( 'NONE',  ( -2.108223232389658400E-016, -0.0000000000000000000, 1.000000000000000000 ) ) ;
#2711 = VECTOR ( 'NONE', #2710, 39.37007874015748100 ) ;
#2712 = CARTESIAN_POINT ( 'NONE',  ( -0.2805000000000000300, 0.0000000000000000000, -0.4390242689855161600 ) ) ;
#2713 = ORIENTED_EDGE ( 'NONE', *, *, #1582, .T. ) ;
#2714 = ORIENTED_EDGE ( 'NONE', *, *, #2109, .F. ) ;
#2715 = EDGE_CURVE ( 'NONE', #2107, #2122, #1245, .T. ) ;
#2716 = ORIENTED_EDGE ( 'NONE', *, *, #1688, .T. ) ;
#2717 = ADVANCED_FACE ( 'NONE', ( #1339 ), #1338, .T. ) ;
#2718 = ORIENTED_EDGE ( 'NONE', *, *, #2726, .F. ) ;
#2719 = EDGE_LOOP ( 'NONE', ( #2718, #2716, #2722 ) ) ;
#2720 = ADVANCED_FACE ( 'NONE', ( #1332 ), #1336, .F. ) ;
#2721 = EDGE_LOOP ( 'NONE', ( #2742, #2729, #2735, #2733 ) ) ;
#2722 = ORIENTED_EDGE ( 'NONE', *, *, #2744, .F. ) ;
#2723 = EDGE_CURVE ( 'NONE', #2110, #2126, #1329, .T. ) ;
#2724 = ORIENTED_EDGE ( 'NONE', *, *, #2170, .F. ) ;
#2725 = EDGE_LOOP ( 'NONE', ( #2739, #2219, #2206, #2220 ) ) ;
#2726 = EDGE_CURVE ( 'NONE', #1640, #2728, #1323, .T. ) ;
#2727 = ORIENTED_EDGE ( 'NONE', *, *, #2715, .F. ) ;
#2728 = VERTEX_POINT ( 'NONE', #1318 ) ;
#2729 = ORIENTED_EDGE ( 'NONE', *, *, #2112, .F. ) ;
#2730 = ADVANCED_FACE ( 'NONE', ( #1317 ), #1316, .F. ) ;
#2731 = ORIENTED_EDGE ( 'NONE', *, *, #2118, .F. ) ;
#2732 = EDGE_LOOP ( 'NONE', ( #2745, #2743, #2714, #2678 ) ) ;
#2733 = ORIENTED_EDGE ( 'NONE', *, *, #2125, .T. ) ;
#2734 = EDGE_LOOP ( 'NONE', ( #2680, #2679, #2713, #2731 ) ) ;
#2735 = ORIENTED_EDGE ( 'NONE', *, *, #2723, .T. ) ;
#2736 = ORIENTED_EDGE ( 'NONE', *, *, #2121, .T. ) ;
#2737 = ADVANCED_FACE ( 'NONE', ( #1311 ), #1310, .F. ) ;
#2738 = ADVANCED_FACE ( 'NONE', ( #1240 ), #1236, .T. ) ;
#2739 = ORIENTED_EDGE ( 'NONE', *, *, #2740, .F. ) ;
#2740 = EDGE_CURVE ( 'NONE', #1641, #2741, #1234, .T. ) ;
#2741 = VERTEX_POINT ( 'NONE', #1226 ) ;
#2742 = ORIENTED_EDGE ( 'NONE', *, *, #2172, .T. ) ;
#2743 = ORIENTED_EDGE ( 'NONE', *, *, #2723, .F. ) ;
#2744 = EDGE_CURVE ( 'NONE', #2728, #1451, #1225, .T. ) ;
#2745 = ORIENTED_EDGE ( 'NONE', *, *, #2128, .T. ) ;
#2746 = ORIENTED_EDGE ( 'NONE', *, *, #2106, .F. ) ;
#2747 = CLOSED_SHELL ( 'NONE', ( #1602, #1589, #1591, #1583, #1487, #1547, #1560, #1465, #1691, #1672, #1664, #1667, #1710, #1748, #1704, #1675, #1681, #1692, #1739, #1931, #1999, #2009, #1926, #1941, #2011, #2022, #1869, #1927, #1799, #1725, #1922, #1887, #1809, #1817, #1826, #1910, #1897, #1881, #1915, #1909, #1874, #2038, #2034, #2049, #1775, #1779, #1846, #1853, #1839, #2063, #1772, #2068, #2069, #1975, #1949, #2088, #2208, #2100, #2087, #2070, #2182, #2132, #2139, #2171, #2113, #2129, #2720, #2730, #2737, #2717, #2738, #2205, #2195, #2184, #2216, #2243, #2418, #2433, #2306, #2434, #2464, #2308, #2411, #2440, #2454, #2241, #2295, #2269, #2495, #2481, #2304, #2256, #2283, #2406, #2299, #2478, #2477, #2385, #2392, #2364, #2767, #2331, #2444, #2352, #2339, #2344, #2757, #2773, #2782, #2544, #2538, #2751, #2533, #2534, #2752, #2612, #2529, #2608, #2618 ) ) ;
#2748 = ORIENTED_EDGE ( 'NONE', *, *, #2549, .T. ) ;
#2749 = ORIENTED_EDGE ( 'NONE', *, *, #2787, .T. ) ;
#2750 = ORIENTED_EDGE ( 'NONE', *, *, #2778, .T. ) ;
#2751 = ADVANCED_FACE ( 'NONE', ( #1221 ), #1220, .F. ) ;
#2752 = ADVANCED_FACE ( 'NONE', ( #1219 ), #1267, .F. ) ;
#2753 = ORIENTED_EDGE ( 'NONE', *, *, #1654, .T. ) ;
#2754 = EDGE_CURVE ( 'NONE', #2536, #2518, #1262, .T. ) ;
#2755 = ORIENTED_EDGE ( 'NONE', *, *, #2633, .F. ) ;
#2756 = ORIENTED_EDGE ( 'NONE', *, *, #2355, .T. ) ;
#2757 = ADVANCED_FACE ( 'NONE', ( #1258 ), #1255, .F. ) ;
#2758 = EDGE_LOOP ( 'NONE', ( #2759, #2760, #2763, #2771 ) ) ;
#2759 = ORIENTED_EDGE ( 'NONE', *, *, #1567, .T. ) ;
#2760 = ORIENTED_EDGE ( 'NONE', *, *, #2761, .F. ) ;
#2761 = EDGE_CURVE ( 'NONE', #2762, #1564, #1257, .T. ) ;
#2762 = VERTEX_POINT ( 'NONE', #1363 ) ;
#2763 = ORIENTED_EDGE ( 'NONE', *, *, #2764, .F. ) ;
#2764 = EDGE_CURVE ( 'NONE', #2765, #2762, #1362, .T. ) ;
#2765 = VERTEX_POINT ( 'NONE', #1358 ) ;
#2766 = EDGE_LOOP ( 'NONE', ( #2768, #2325, #2326, #2329 ) ) ;
#2767 = ADVANCED_FACE ( 'NONE', ( #1357 ), #1356, .T. ) ;
#2768 = ORIENTED_EDGE ( 'NONE', *, *, #2769, .T. ) ;
#2769 = EDGE_CURVE ( 'NONE', #2770, #2371, #1351, .T. ) ;
#2770 = VERTEX_POINT ( 'NONE', #1347 ) ;
#2771 = ORIENTED_EDGE ( 'NONE', *, *, #2772, .T. ) ;
#2772 = EDGE_CURVE ( 'NONE', #2765, #1568, #1346, .T. ) ;
#2773 = ADVANCED_FACE ( 'NONE', ( #1342 ), #1416, .F. ) ;
#2774 = EDGE_LOOP ( 'NONE', ( #2775, #2776, #2777, #2780 ) ) ;
#2775 = ORIENTED_EDGE ( 'NONE', *, *, #1570, .T. ) ;
#2776 = ORIENTED_EDGE ( 'NONE', *, *, #2772, .F. ) ;
#2777 = ORIENTED_EDGE ( 'NONE', *, *, #2778, .F. ) ;
#2778 = EDGE_CURVE ( 'NONE', #2779, #2765, #1433, .T. ) ;
#2779 = VERTEX_POINT ( 'NONE', #1432 ) ;
#2780 = ORIENTED_EDGE ( 'NONE', *, *, #2781, .T. ) ;
#2781 = EDGE_CURVE ( 'NONE', #2779, #1571, #1429, .T. ) ;
#2782 = ADVANCED_FACE ( 'NONE', ( #1422 ), #1419, .F. ) ;
#2783 = EDGE_LOOP ( 'NONE', ( #2784, #2785, #2786, #2789 ) ) ;
#2784 = ORIENTED_EDGE ( 'NONE', *, *, #1573, .T. ) ;
#2785 = ORIENTED_EDGE ( 'NONE', *, *, #2781, .F. ) ;
#2786 = ORIENTED_EDGE ( 'NONE', *, *, #2787, .F. ) ;
#2787 = EDGE_CURVE ( 'NONE', #2788, #2779, #1394, .T. ) ;
#2788 = VERTEX_POINT ( 'NONE', #1387 ) ;
#2789 = ORIENTED_EDGE ( 'NONE', *, *, #2543, .T. ) ;
#2790 = DIRECTION ( 'NONE',  ( 0.0000000000000000000, 0.0000000000000000000, 1.000000000000000000 ) ) ;
#2791 = DIRECTION ( 'NONE',  ( -0.0000000000000000000, -1.000000000000000000, -1.387778780781445400E-017 ) ) ;
#2792 = CARTESIAN_POINT ( 'NONE',  ( -0.2179999999999991400, -0.03017626630465657400, -0.3021224071105419500 ) ) ;
#2793 = AXIS2_PLACEMENT_3D ( 'NONE', #2792, #2791, #2790 ) ;
#2794 = CIRCLE ( 'NONE', #2793, 0.06250000000000001400 ) ;
#2795 = DIRECTION ( 'NONE',  ( -5.463695987328528400E-016, 0.0000000000000000000, 1.000000000000000000 ) ) ;
#2796 = DIRECTION ( 'NONE',  ( 1.088586153710920700E-017, 1.000000000000000000, -1.280553747030123100E-016 ) ) ;
#2797 = VECTOR ( 'NONE', #2796, 39.37007874015748100 ) ;
#2798 = CARTESIAN_POINT ( 'NONE',  ( -0.5105000000000001800, -0.07499999999999991400, -0.3499999999999998700 ) ) ;
#2799 = LINE ( 'NONE', #2798, #2797 ) ;
#2800 =( GEOMETRIC_REPRESENTATION_CONTEXT ( 3 ) GLOBAL_UNCERTAINTY_ASSIGNED_CONTEXT ( ( #2801 ) ) GLOBAL_UNIT_ASSIGNED_CONTEXT ( ( #2804, #2803, #2802 ) ) REPRESENTATION_CONTEXT ( 'NONE', 'WORKASPACE' ) );
#2801 = UNCERTAINTY_MEASURE_WITH_UNIT (LENGTH_MEASURE( 1.000000000000000100E-005 ), #2804, 'distance_accuracy_value', 'NONE');
#2802 =( NAMED_UNIT ( * ) SI_UNIT ( $, .STERADIAN. ) SOLID_ANGLE_UNIT ( ) );
#2803 =( NAMED_UNIT ( * ) PLANE_ANGLE_UNIT ( ) SI_UNIT ( $, .RADIAN. ) );
#2804 =( CONVERSION_BASED_UNIT ( 'INCH', #2805 ) LENGTH_UNIT ( ) NAMED_UNIT ( #2806 ) );
#2805 = LENGTH_MEASURE_WITH_UNIT ( LENGTH_MEASURE( 0.02539999999999999900 ), #2807 );
#2806 = DIMENSIONAL_EXPONENTS ( 1.000000000000000000, 0.0000000000000000000, 0.0000000000000000000, 0.0000000000000000000, 0.0000000000000000000, 0.0000000000000000000, 0.0000000000000000000 ) ;
#2807 =( LENGTH_UNIT ( ) NAMED_UNIT ( * ) SI_UNIT ( $, .METRE. ) );
#2808 = MECHANICAL_DESIGN_GEOMETRIC_PRESENTATION_REPRESENTATION (  '', ( #2857 ), #2800 ) ;
#2809 = VECTOR ( 'NONE', #2849, 39.37007874015748100 ) ;
#2810 = CIRCLE ( 'NONE', #2868, 0.1249999999999999000 ) ;
#2811 = FILL_AREA_STYLE_COLOUR ( '', #2863 ) ;
#2812 = CARTESIAN_POINT ( 'NONE',  ( -0.2757390070338249800, 0.01000000000000000000, -0.7620000000000000100 ) ) ;
#2813 = CARTESIAN_POINT ( 'NONE',  ( -0.2757390070338249800, 0.0000000000000000000, -0.7620000000000000100 ) ) ;
#2814 = DIRECTION ( 'NONE',  ( 0.0000000000000000000, 0.0000000000000000000, -1.000000000000000000 ) ) ;
#2815 = DIRECTION ( 'NONE',  ( 0.0000000000000000000, 1.000000000000000000, -0.0000000000000000000 ) ) ;
#2816 = CARTESIAN_POINT ( 'NONE',  ( -0.2757390070338249800, 0.0000000000000000000, -0.6370000000000000100 ) ) ;
#2817 = AXIS2_PLACEMENT_3D ( 'NONE', #2816, #2815, #2814 ) ;
#2818 = CIRCLE ( 'NONE', #2817, 0.1249999999999999000 ) ;
#2819 = DIRECTION ( 'NONE',  ( -0.0000000000000000000, -1.000000000000000000, -0.0000000000000000000 ) ) ;
#2820 = VECTOR ( 'NONE', #2819, 39.37007874015748100 ) ;
#2821 = CARTESIAN_POINT ( 'NONE',  ( -0.4007390070338249200, 0.01000000000000000000, -0.6370000000000000100 ) ) ;
#2822 = LINE ( 'NONE', #2821, #2820 ) ;
#2823 = DIRECTION ( 'NONE',  ( 1.000000000000000000, 0.0000000000000000000, -2.201087457280779800E-016 ) ) ;
#2824 = VECTOR ( 'NONE', #2823, 39.37007874015748100 ) ;
#2825 = CARTESIAN_POINT ( 'NONE',  ( -0.1489999999999999900, 0.0000000000000000000, 6.559240622696722900E-017 ) ) ;
#2826 = LINE ( 'NONE', #2825, #2824 ) ;
#2827 = CARTESIAN_POINT ( 'NONE',  ( 0.3955000000000000700, -1.024442997624098700E-016, -0.2109999999999999400 ) ) ;
#2828 = CARTESIAN_POINT ( 'NONE',  ( 0.1489999999999999900, 2.134256245050205600E-017, -3.057581169742568900E-017 ) ) ;
#2829 = DIRECTION ( 'NONE',  ( 0.7596915262653137800, -0.0000000000000000000, -0.6502836188315664900 ) ) ;
#2830 = VECTOR ( 'NONE', #2829, 39.37007874015748100 ) ;
#2831 = CARTESIAN_POINT ( 'NONE',  ( 0.3955000000000000700, 0.0000000000000000000, -0.2109999999999999400 ) ) ;
#2832 = LINE ( 'NONE', #2831, #2830 ) ;
#2833 = DIRECTION ( 'NONE',  ( -4.216446464779314800E-016, -0.0000000000000000000, -1.000000000000000000 ) ) ;
#2834 = VECTOR ( 'NONE', #2833, 39.37007874015748100 ) ;
#2835 = CARTESIAN_POINT ( 'NONE',  ( -0.1555000000000000300, 0.0000000000000000000, -0.6009999999999999800 ) ) ;
#2836 = LINE ( 'NONE', #2835, #2834 ) ;
#2837 = CARTESIAN_POINT ( 'NONE',  ( -0.1554999999999999400, 0.0000000000000000000, -0.4390242689855161600 ) ) ;
#2838 = DIRECTION ( 'NONE',  ( 0.0000000000000000000, 0.0000000000000000000, -1.000000000000000000 ) ) ;
#2839 = DIRECTION ( 'NONE',  ( 0.0000000000000000000, 1.000000000000000000, -0.0000000000000000000 ) ) ;
#2840 = CARTESIAN_POINT ( 'NONE',  ( -0.2179999999999999700, 0.0000000000000000000, -0.3359999999999999100 ) ) ;
#2841 = AXIS2_PLACEMENT_3D ( 'NONE', #2840, #2839, #2838 ) ;
#2842 = VECTOR ( 'NONE', #2873, 39.37007874015748100 ) ;
#2843 = CARTESIAN_POINT ( 'NONE',  ( 0.3954999999999999600, 0.0000000000000000000, -0.5819999999999999600 ) ) ;
#2844 = LINE ( 'NONE', #2843, #2842 ) ;
#2845 = CARTESIAN_POINT ( 'NONE',  ( 0.4007390070338248700, 0.0000000000000000000, -0.5819999999999999600 ) ) ;
#2846 = CARTESIAN_POINT ( 'NONE',  ( 0.3954999999999999600, 0.01000000000000000000, -0.5819999999999999600 ) ) ;
#2847 = DIRECTION ( 'NONE',  ( 0.0000000000000000000, 0.0000000000000000000, -1.000000000000000000 ) ) ;
#2848 = AXIS2_PLACEMENT_3D ( 'NONE', #2875, #2874, #2847 ) ;
#2849 = DIRECTION ( 'NONE',  ( 1.000000000000000000, 0.0000000000000000000, 0.0000000000000000000 ) ) ;
#2850 = LINE ( 'NONE', #2846, #2809 ) ;
#2851 = CIRCLE ( 'NONE', #2853, 0.1249999999999999000 ) ;
#2852 = DIRECTION ( 'NONE',  ( 0.0000000000000000000, 0.0000000000000000000, 1.000000000000000000 ) ) ;
#2853 = AXIS2_PLACEMENT_3D ( 'NONE', #2870, #2855, #2852 ) ;
#2854 = CARTESIAN_POINT ( 'NONE',  ( 0.4007390070338248700, 0.0000000000000000000, -0.6370000000000000100 ) ) ;
#2855 = DIRECTION ( 'NONE',  ( 0.0000000000000000000, 1.000000000000000000, 0.0000000000000000000 ) ) ;
#2856 = PRESENTATION_LAYER_ASSIGNMENT (  '', '', ( #2857 ) ) ;
#2857 = STYLED_ITEM ( 'NONE', ( #2858 ), #1537 ) ;
#2858 = PRESENTATION_STYLE_ASSIGNMENT (( #2859 ) ) ;
#2859 = SURFACE_STYLE_USAGE ( .BOTH. , #2860 ) ;
#2860 = SURFACE_SIDE_STYLE ('',( #2861 ) ) ;
#2861 = SURFACE_STYLE_FILL_AREA ( #2862 ) ;
#2862 = FILL_AREA_STYLE ('',( #2811 ) ) ;
#2863 = COLOUR_RGB ( '',0.8313725490196077800, 0.8392156862745098200, 0.8274509803921568100 ) ;
#2864 = CARTESIAN_POINT ( 'NONE',  ( 0.2179999999999991400, -0.03017626630465657400, -0.2396224071105419200 ) ) ;
#2865 = DIRECTION ( 'NONE',  ( 0.0000000000000000000, 0.0000000000000000000, -1.000000000000000000 ) ) ;
#2866 = DIRECTION ( 'NONE',  ( 0.0000000000000000000, 1.000000000000000000, -0.0000000000000000000 ) ) ;
#2867 = CARTESIAN_POINT ( 'NONE',  ( -0.2757390070338249800, 0.01000000000000000000, -0.6370000000000000100 ) ) ;
#2868 = AXIS2_PLACEMENT_3D ( 'NONE', #2867, #2866, #2865 ) ;
#2869 = CIRCLE ( 'NONE', #2848, 0.1249999999999999000 ) ;
#2870 = CARTESIAN_POINT ( 'NONE',  ( 0.2757390070338249800, 0.0000000000000000000, -0.6370000000000000100 ) ) ;
#2871 = CIRCLE ( 'NONE', #2841, 0.1205000000000000500 ) ;
#2872 = CARTESIAN_POINT ( 'NONE',  ( 0.3955000000000000700, -1.024442997624098700E-016, -0.5819999999999999600 ) ) ;
#2873 = DIRECTION ( 'NONE',  ( 1.000000000000000000, 0.0000000000000000000, 0.0000000000000000000 ) ) ;
#2874 = DIRECTION ( 'NONE',  ( 0.0000000000000000000, 1.000000000000000000, -0.0000000000000000000 ) ) ;
#2875 = CARTESIAN_POINT ( 'NONE',  ( -0.2757390070338249800, 0.01000000000000000000, -0.6370000000000000100 ) ) ;
#2876 = DIRECTION ( 'NONE',  ( 1.241749088029208400E-015, 0.0000000000000000000, -1.000000000000000000 ) ) ;
#2877 = VECTOR ( 'NONE', #2876, 39.37007874015748100 ) ;
#2878 = CARTESIAN_POINT ( 'NONE',  ( 0.4007390070338248700, 0.0000000000000000000, -0.5819999999999999600 ) ) ;
#2879 = LINE ( 'NONE', #2878, #2877 ) ;
#2880 = LINE ( 'NONE', #2890, #2886 ) ;
#2881 = CYLINDRICAL_SURFACE ( 'NONE', #2883, 0.1249999999999999000 ) ;
#2882 = CARTESIAN_POINT ( 'NONE',  ( 0.2757390070338249800, 0.01000000000000000000, -0.6370000000000000100 ) ) ;
#2883 = AXIS2_PLACEMENT_3D ( 'NONE', #2882, #2910, #2909 ) ;
#2884 = CARTESIAN_POINT ( 'NONE',  ( -0.2804999999999992500, -0.02017626630465657600, -0.3021224071105420000 ) ) ;
#2885 = FACE_OUTER_BOUND ( 'NONE', #1530, .T. ) ;
#2886 = VECTOR ( 'NONE', #2889, 39.37007874015748100 ) ;
#2887 = CARTESIAN_POINT ( 'NONE',  ( -0.5105000000000001800, -0.07499999999999991400, -0.4429999999999999500 ) ) ;
#2888 = CARTESIAN_POINT ( 'NONE',  ( -0.5105000000000001800, -0.06499999999999993300, -0.4429999999999999500 ) ) ;
#2889 = DIRECTION ( 'NONE',  ( 1.088586153710920700E-017, 1.000000000000000000, -1.280553747030123100E-016 ) ) ;
#2890 = CARTESIAN_POINT ( 'NONE',  ( -0.5105000000000001800, -0.07499999999999992800, -0.4429999999999999500 ) ) ;
#2891 = CARTESIAN_POINT ( 'NONE',  ( 0.1908439925529676600, 0.0000000000000000000, -0.7287487684729064800 ) ) ;
#2892 = DIRECTION ( 'NONE',  ( 0.0000000000000000000, 0.0000000000000000000, 1.000000000000000000 ) ) ;
#2893 = DIRECTION ( 'NONE',  ( 0.0000000000000000000, 1.000000000000000000, 0.0000000000000000000 ) ) ;
#2894 = CARTESIAN_POINT ( 'NONE',  ( 0.2757390070338249800, 0.0000000000000000000, -0.6370000000000000100 ) ) ;
#2895 = AXIS2_PLACEMENT_3D ( 'NONE', #2894, #2893, #2892 ) ;
#2896 = CIRCLE ( 'NONE', #2895, 0.1249999999999999000 ) ;
#2897 = CARTESIAN_POINT ( 'NONE',  ( 0.2757390070338249800, 0.0000000000000000000, -0.7620000000000000100 ) ) ;
#2898 = DIRECTION ( 'NONE',  ( -0.0000000000000000000, -1.000000000000000000, -0.0000000000000000000 ) ) ;
#2899 = VECTOR ( 'NONE', #2898, 39.37007874015748100 ) ;
#2900 = CARTESIAN_POINT ( 'NONE',  ( 0.2757390070338249800, 0.01000000000000000000, -0.7620000000000000100 ) ) ;
#2901 = LINE ( 'NONE', #2900, #2899 ) ;
#2902 = CARTESIAN_POINT ( 'NONE',  ( 0.1908439925529676600, 0.01000000000000000000, -0.7287487684729064800 ) ) ;
#2903 = CARTESIAN_POINT ( 'NONE',  ( 0.2757390070338249800, 0.01000000000000000000, -0.7620000000000000100 ) ) ;
#2904 = DIRECTION ( 'NONE',  ( 0.0000000000000000000, 0.0000000000000000000, 1.000000000000000000 ) ) ;
#2905 = DIRECTION ( 'NONE',  ( 0.0000000000000000000, 1.000000000000000000, 0.0000000000000000000 ) ) ;
#2906 = CARTESIAN_POINT ( 'NONE',  ( 0.2757390070338249800, 0.01000000000000000000, -0.6370000000000000100 ) ) ;
#2907 = AXIS2_PLACEMENT_3D ( 'NONE', #2906, #2905, #2904 ) ;
#2908 = CIRCLE ( 'NONE', #2907, 0.1249999999999999000 ) ;
#2909 = DIRECTION ( 'NONE',  ( 0.0000000000000000000, 0.0000000000000000000, -1.000000000000000000 ) ) ;
#2910 = DIRECTION ( 'NONE',  ( -0.0000000000000000000, -1.000000000000000000, -0.0000000000000000000 ) ) ;
#2911 = CYLINDRICAL_SURFACE ( 'NONE', #2973, 0.04650000000000003400 ) ;
#2912 = FACE_OUTER_BOUND ( 'NONE', #1592, .T. ) ;
#2913 = DIRECTION ( 'NONE',  ( 0.0000000000000000000, 1.000000000000000000, 1.387778780781445400E-017 ) ) ;
#2914 = VECTOR ( 'NONE', #2913, 39.37007874015748100 ) ;
#2915 = CARTESIAN_POINT ( 'NONE',  ( -0.2804999999999992500, -0.03017626630465657400, -0.3021224071105420000 ) ) ;
#2916 = LINE ( 'NONE', #2915, #2914 ) ;
#2917 = DIRECTION ( 'NONE',  ( 0.0000000000000000000, 0.0000000000000000000, 1.000000000000000000 ) ) ;
#2918 = DIRECTION ( 'NONE',  ( 0.0000000000000000000, 1.000000000000000000, 1.387778780781445400E-017 ) ) ;
#2919 = CARTESIAN_POINT ( 'NONE',  ( -0.2179999999999991400, -0.03017626630465657400, -0.3021224071105419500 ) ) ;
#2920 = AXIS2_PLACEMENT_3D ( 'NONE', #2919, #2918, #2917 ) ;
#2921 = CYLINDRICAL_SURFACE ( 'NONE', #2920, 0.06250000000000001400 ) ;
#2922 = FACE_OUTER_BOUND ( 'NONE', #1605, .T. ) ;
#2923 = CARTESIAN_POINT ( 'NONE',  ( -0.2179999999999991400, -0.02017626630465657600, -0.2396224071105419200 ) ) ;
#2924 = CARTESIAN_POINT ( 'NONE',  ( -0.2804999999999992500, -0.03017626630465657400, -0.3021224071105420000 ) ) ;
#2925 = DIRECTION ( 'NONE',  ( 0.0000000000000000000, 0.0000000000000000000, 1.000000000000000000 ) ) ;
#2926 = DIRECTION ( 'NONE',  ( 0.0000000000000000000, 1.000000000000000000, 1.387778780781445400E-017 ) ) ;
#2927 = AXIS2_PLACEMENT_3D ( 'NONE', #2929, #2926, #2925 ) ;
#2928 = CARTESIAN_POINT ( 'NONE',  ( -0.2179999999999991400, -0.03017626630465657400, -0.2396224071105419200 ) ) ;
#2929 = CARTESIAN_POINT ( 'NONE',  ( 0.2179999999999991400, -0.03017626630465657400, -0.3021224071105419500 ) ) ;
#2930 = CYLINDRICAL_SURFACE ( 'NONE', #2927, 0.06250000000000001400 ) ;
#2931 = FACE_OUTER_BOUND ( 'NONE', #1584, .T. ) ;
#2932 = DIRECTION ( 'NONE',  ( -1.088586153710920700E-017, 1.000000000000000000, -1.280553747030123100E-016 ) ) ;
#2933 = VECTOR ( 'NONE', #2932, 39.37007874015748100 ) ;
#2934 = CARTESIAN_POINT ( 'NONE',  ( 0.5105000000000001800, -0.07499999999999991400, -0.3499999999999998700 ) ) ;
#2935 = LINE ( 'NONE', #2934, #2933 ) ;
#2936 = CARTESIAN_POINT ( 'NONE',  ( -0.003000000000000007000, 0.01000000000000000000, -0.09799999999999994800 ) ) ;
#2937 = CARTESIAN_POINT ( 'NONE',  ( -0.4007390070338249200, 0.0000000000000000000, -0.6370000000000000100 ) ) ;
#2938 = CARTESIAN_POINT ( 'NONE',  ( -0.003000000000000007000, 0.01000000000000000000, -0.09200000000000004000 ) ) ;
#2939 = DIRECTION ( 'NONE',  ( 1.255444850029532000E-016, 0.0000000000000000000, 1.000000000000000000 ) ) ;
#2940 = VECTOR ( 'NONE', #2939, 39.37007874015748100 ) ;
#2941 = CARTESIAN_POINT ( 'NONE',  ( -0.003000000000000007000, 0.01000000000000000000, -0.09200000000000004000 ) ) ;
#2942 = LINE ( 'NONE', #2941, #2940 ) ;
#2943 = CARTESIAN_POINT ( 'NONE',  ( -0.002999999999999999200, 0.01000000000000000000, -0.03250000000000000100 ) ) ;
#2944 = CYLINDRICAL_SURFACE ( 'NONE', #2947, 0.04650000000000003400 ) ;
#2945 = CARTESIAN_POINT ( 'NONE',  ( -0.5105000000000001800, -0.07499999999999990000, -0.3499999999999998700 ) ) ;
#2946 = CARTESIAN_POINT ( 'NONE',  ( -0.5105000000000001800, -0.07499999999999991400, -0.3964999999999999100 ) ) ;
#2947 = AXIS2_PLACEMENT_3D ( 'NONE', #2946, #3035, #3034 ) ;
#2948 = FACE_OUTER_BOUND ( 'NONE', #1596, .T. ) ;
#2949 = CARTESIAN_POINT ( 'NONE',  ( 0.5105000000000001800, -0.06499999999999991900, -0.3499999999999998700 ) ) ;
#2950 = DIRECTION ( 'NONE',  ( 0.0000000000000000000, 1.835919350580820700E-016, 1.000000000000000000 ) ) ;
#2951 = DIRECTION ( 'NONE',  ( 4.602997611320390400E-032, -1.000000000000000000, 1.280553747030123100E-016 ) ) ;
#2952 = CARTESIAN_POINT ( 'NONE',  ( 0.5105000000000001800, -0.06499999999999991900, -0.3964999999999999100 ) ) ;
#2953 = AXIS2_PLACEMENT_3D ( 'NONE', #2952, #2951, #2950 ) ;
#2954 = CIRCLE ( 'NONE', #2953, 0.04650000000000003400 ) ;
#2955 = CARTESIAN_POINT ( 'NONE',  ( 0.5105000000000001800, -0.06499999999999993300, -0.4429999999999999500 ) ) ;
#2956 = DIRECTION ( 'NONE',  ( -1.088586153710920700E-017, 1.000000000000000000, -1.280553747030123100E-016 ) ) ;
#2957 = VECTOR ( 'NONE', #2956, 39.37007874015748100 ) ;
#2958 = CARTESIAN_POINT ( 'NONE',  ( 0.5105000000000001800, -0.07499999999999992800, -0.4429999999999999500 ) ) ;
#2959 = LINE ( 'NONE', #2958, #2957 ) ;
#2960 = DIRECTION ( 'NONE',  ( 0.0000000000000000000, 1.835919350580820700E-016, 1.000000000000000000 ) ) ;
#2961 = DIRECTION ( 'NONE',  ( 4.602997611320390400E-032, 1.000000000000000000, -1.280553747030123100E-016 ) ) ;
#2962 = CARTESIAN_POINT ( 'NONE',  ( -0.5105000000000001800, -0.07499999999999991400, -0.3964999999999999100 ) ) ;
#2963 = AXIS2_PLACEMENT_3D ( 'NONE', #2962, #2961, #2960 ) ;
#2964 = CIRCLE ( 'NONE', #2963, 0.04650000000000003400 ) ;
#2965 = DIRECTION ( 'NONE',  ( 0.0000000000000000000, 1.835919350580820700E-016, 1.000000000000000000 ) ) ;
#2966 = DIRECTION ( 'NONE',  ( 4.602997611320390400E-032, 1.000000000000000000, -1.280553747030123100E-016 ) ) ;
#2967 = CARTESIAN_POINT ( 'NONE',  ( -0.5105000000000001800, -0.06499999999999991900, -0.3964999999999999100 ) ) ;
#2968 = AXIS2_PLACEMENT_3D ( 'NONE', #2967, #2966, #2965 ) ;
#2969 = DIRECTION ( 'NONE',  ( 0.0000000000000000000, 1.835919350580820700E-016, 1.000000000000000000 ) ) ;
#2970 = DIRECTION ( 'NONE',  ( -1.088586153710920700E-017, 1.000000000000000000, -1.280553747030123100E-016 ) ) ;
#2971 = CIRCLE ( 'NONE', #2968, 0.04650000000000003400 ) ;
#2972 = CARTESIAN_POINT ( 'NONE',  ( 0.5105000000000001800, -0.07499999999999991400, -0.3964999999999999100 ) ) ;
#2973 = AXIS2_PLACEMENT_3D ( 'NONE', #2972, #2970, #2969 ) ;
#2974 = DIRECTION ( 'NONE',  ( 1.000000000000000000, -0.0000000000000000000, -0.0000000000000000000 ) ) ;
#2975 = VECTOR ( 'NONE', #2974, 39.37007874015748100 ) ;
#2976 = CARTESIAN_POINT ( 'NONE',  ( 0.002999999999999999200, 0.01000000000000000000, -0.03250000000000000100 ) ) ;
#2977 = LINE ( 'NONE', #2976, #2975 ) ;
#2978 = CARTESIAN_POINT ( 'NONE',  ( 0.002999999999999999200, 0.01000000000000000000, -0.03250000000000000100 ) ) ;
#2979 = DIRECTION ( 'NONE',  ( 1.255444850029532000E-016, -0.0000000000000000000, -1.000000000000000000 ) ) ;
#2980 = VECTOR ( 'NONE', #2979, 39.37007874015748100 ) ;
#2981 = CARTESIAN_POINT ( 'NONE',  ( 0.003000000000000007000, 0.01000000000000000000, -0.09200000000000004000 ) ) ;
#2982 = LINE ( 'NONE', #2981, #2980 ) ;
#2983 = CARTESIAN_POINT ( 'NONE',  ( 0.003000000000000007000, 0.01000000000000000000, -0.09200000000000004000 ) ) ;
#2984 = DIRECTION ( 'NONE',  ( 1.000000000000000000, -0.0000000000000000000, -2.869588228638932500E-016 ) ) ;
#2985 = VECTOR ( 'NONE', #2984, 39.37007874015748100 ) ;
#2986 = CARTESIAN_POINT ( 'NONE',  ( 0.06250000000000000000, 0.01000000000000000000, -0.09200000000000005400 ) ) ;
#2987 = LINE ( 'NONE', #2986, #2985 ) ;
#2988 = CARTESIAN_POINT ( 'NONE',  ( 0.06250000000000000000, 0.01000000000000000000, -0.09799999999999993400 ) ) ;
#2989 = CARTESIAN_POINT ( 'NONE',  ( 0.06250000000000001400, 0.01000000000000000000, -0.09200000000000006800 ) ) ;
#2990 = DIRECTION ( 'NONE',  ( 0.0000000000000000000, 0.0000000000000000000, -1.000000000000000000 ) ) ;
#2991 = VECTOR ( 'NONE', #2990, 39.37007874015748100 ) ;
#2992 = CARTESIAN_POINT ( 'NONE',  ( 0.06250000000000000000, 0.01000000000000000000, -0.09200000000000005400 ) ) ;
#2993 = LINE ( 'NONE', #2992, #2991 ) ;
#2994 = DIRECTION ( 'NONE',  ( 0.0000000000000000000, -0.0000000000000000000, -1.000000000000000000 ) ) ;
#2995 = DIRECTION ( 'NONE',  ( 0.0000000000000000000, -1.000000000000000000, 0.0000000000000000000 ) ) ;
#2996 = CARTESIAN_POINT ( 'NONE',  ( -0.2757390070338249800, 0.01000000000000000000, -0.6370000000000000100 ) ) ;
#2997 = AXIS2_PLACEMENT_3D ( 'NONE', #2996, #2995, #2994 ) ;
#2998 = PLANE ( 'NONE',  #2997 ) ;
#2999 = FACE_BOUND ( 'NONE', #1442, .T. ) ;
#3000 = FACE_OUTER_BOUND ( 'NONE', #1634, .T. ) ;
#3001 = FACE_BOUND ( 'NONE', #1644, .T. ) ;
#3002 = FACE_BOUND ( 'NONE', #1561, .T. ) ;
#3003 = DIRECTION ( 'NONE',  ( -0.0000000000000000000, -1.000000000000000000, -0.0000000000000000000 ) ) ;
#3004 = VECTOR ( 'NONE', #3003, 39.37007874015748100 ) ;
#3005 = CARTESIAN_POINT ( 'NONE',  ( 0.1908439925529676600, 0.01000000000000000000, -0.7287487684729064800 ) ) ;
#3006 = LINE ( 'NONE', #3005, #3004 ) ;
#3007 = DIRECTION ( 'NONE',  ( 1.000000000000000000, -0.0000000000000000000, -0.0000000000000000000 ) ) ;
#3008 = VECTOR ( 'NONE', #3007, 39.37007874015748100 ) ;
#3009 = CARTESIAN_POINT ( 'NONE',  ( -0.3954999999999999600, 0.01000000000000000000, -0.5819999999999999600 ) ) ;
#3010 = LINE ( 'NONE', #3009, #3008 ) ;
#3011 = CARTESIAN_POINT ( 'NONE',  ( 0.1554999999999991400, -0.03017626630465657400, -0.3021224071105418400 ) ) ;
#3012 = DIRECTION ( 'NONE',  ( 0.0000000000000000000, 0.0000000000000000000, 1.000000000000000000 ) ) ;
#3013 = DIRECTION ( 'NONE',  ( 0.0000000000000000000, 1.000000000000000000, 1.387778780781445400E-017 ) ) ;
#3014 = CARTESIAN_POINT ( 'NONE',  ( 0.2179999999999991400, -0.03017626630465657400, -0.3021224071105419500 ) ) ;
#3015 = AXIS2_PLACEMENT_3D ( 'NONE', #3014, #3013, #3012 ) ;
#3016 = CIRCLE ( 'NONE', #3015, 0.06250000000000001400 ) ;
#3017 = CARTESIAN_POINT ( 'NONE',  ( 0.5105000000000001800, -0.07499999999999991400, -0.4429999999999999500 ) ) ;
#3018 = CARTESIAN_POINT ( 'NONE',  ( 0.5105000000000001800, -0.07499999999999990000, -0.3499999999999998700 ) ) ;
#3019 = DIRECTION ( 'NONE',  ( 0.0000000000000000000, 1.000000000000000000, 1.387778780781445400E-017 ) ) ;
#3020 = VECTOR ( 'NONE', #3019, 39.37007874015748100 ) ;
#3021 = CARTESIAN_POINT ( 'NONE',  ( -0.2179999999999991400, -0.03017626630465657400, -0.2396224071105419200 ) ) ;
#3022 = LINE ( 'NONE', #3021, #3020 ) ;
#3023 = DIRECTION ( 'NONE',  ( 0.0000000000000000000, 1.835919350580820700E-016, 1.000000000000000000 ) ) ;
#3024 = DIRECTION ( 'NONE',  ( 4.602997611320390400E-032, -1.000000000000000000, 1.280553747030123100E-016 ) ) ;
#3025 = AXIS2_PLACEMENT_3D ( 'NONE', #3032, #3024, #3023 ) ;
#3026 = CIRCLE ( 'NONE', #3025, 0.04650000000000003400 ) ;
#3027 = DIRECTION ( 'NONE',  ( 0.0000000000000000000, 0.0000000000000000000, 1.000000000000000000 ) ) ;
#3028 = DIRECTION ( 'NONE',  ( -0.0000000000000000000, -1.000000000000000000, -1.387778780781445400E-017 ) ) ;
#3029 = CARTESIAN_POINT ( 'NONE',  ( -0.2179999999999991400, -0.02017626630465657600, -0.3021224071105419500 ) ) ;
#3030 = AXIS2_PLACEMENT_3D ( 'NONE', #3029, #3028, #3027 ) ;
#3031 = CIRCLE ( 'NONE', #3030, 0.06250000000000001400 ) ;
#3032 = CARTESIAN_POINT ( 'NONE',  ( 0.5105000000000001800, -0.07499999999999991400, -0.3964999999999999100 ) ) ;
#3033 = CARTESIAN_POINT ( 'NONE',  ( -0.5105000000000001800, -0.06499999999999991900, -0.3499999999999998700 ) ) ;
#3034 = DIRECTION ( 'NONE',  ( 0.0000000000000000000, 1.835919350580820700E-016, 1.000000000000000000 ) ) ;
#3035 = DIRECTION ( 'NONE',  ( 1.088586153710920700E-017, 1.000000000000000000, -1.280553747030123100E-016 ) ) ;
#3036 = FACE_OUTER_BOUND ( 'NONE', #1726, .T. ) ;
#3037 = DIRECTION ( 'NONE',  ( -2.201087457280779800E-016, -3.491483361109382900E-015, -1.000000000000000000 ) ) ;
#3038 = VECTOR ( 'NONE', #3037, 39.37007874015748100 ) ;
#3039 = CARTESIAN_POINT ( 'NONE',  ( 0.1489999999999999900, -0.04999999999999996100, 0.02000000000000010800 ) ) ;
#3040 = LINE ( 'NONE', #3039, #3038 ) ;
#3041 = CARTESIAN_POINT ( 'NONE',  ( 0.1489999999999999900, -0.04999999999999996100, 0.02000000000000011100 ) ) ;
#3042 = DIRECTION ( 'NONE',  ( 0.0000000000000000000, -1.000000000000000000, 3.491483361109382900E-015 ) ) ;
#3043 = VECTOR ( 'NONE', #3042, 39.37007874015748100 ) ;
#3044 = CARTESIAN_POINT ( 'NONE',  ( 0.1489999999999999900, -0.04999999999999996100, 0.02000000000000011100 ) ) ;
#3045 = LINE ( 'NONE', #3044, #3043 ) ;
#3046 = DIRECTION ( 'NONE',  ( -0.0000000000000000000, -1.000000000000000000, -0.0000000000000000000 ) ) ;
#3047 = VECTOR ( 'NONE', #3046, 39.37007874015748100 ) ;
#3048 = CARTESIAN_POINT ( 'NONE',  ( 0.3954999999999999600, 0.01000000000000000000, -0.5819999999999999600 ) ) ;
#3049 = LINE ( 'NONE', #3048, #3047 ) ;
#3050 = DIRECTION ( 'NONE',  ( -0.0000000000000000000, -1.000000000000000000, -0.0000000000000000000 ) ) ;
#3051 = VECTOR ( 'NONE', #3050, 39.37007874015748100 ) ;
#3052 = CARTESIAN_POINT ( 'NONE',  ( 0.4007390070338248700, 0.01000000000000000000, -0.5819999999999999600 ) ) ;
#3053 = LINE ( 'NONE', #3052, #3051 ) ;
#3054 = DIRECTION ( 'NONE',  ( -0.0000000000000000000, -1.000000000000000000, -0.0000000000000000000 ) ) ;
#3055 = VECTOR ( 'NONE', #3054, 39.37007874015748100 ) ;
#3056 = CARTESIAN_POINT ( 'NONE',  ( -0.1908439925529675200, 0.01000000000000000000, -0.7287487684729064800 ) ) ;
#3057 = LINE ( 'NONE', #3056, #3055 ) ;
#3058 = DIRECTION ( 'NONE',  ( 0.0000000000000000000, 0.0000000000000000000, -1.000000000000000000 ) ) ;
#3059 = DIRECTION ( 'NONE',  ( -0.0000000000000000000, -1.000000000000000000, -0.0000000000000000000 ) ) ;
#3060 = CARTESIAN_POINT ( 'NONE',  ( 0.0000000000000000000, 0.01000000000000000000, -0.9350000000000000500 ) ) ;
#3061 = AXIS2_PLACEMENT_3D ( 'NONE', #3060, #3059, #3058 ) ;
#3062 = CYLINDRICAL_SURFACE ( 'NONE', #3061, 0.2809999999999998100 ) ;
#3063 = CARTESIAN_POINT ( 'NONE',  ( 0.003000000000000007000, 0.01000000000000000000, -0.09799999999999994800 ) ) ;
#3064 = DIRECTION ( 'NONE',  ( 1.345119482174498500E-016, -0.0000000000000000000, -1.000000000000000000 ) ) ;
#3065 = VECTOR ( 'NONE', #3064, 39.37007874015748100 ) ;
#3066 = CARTESIAN_POINT ( 'NONE',  ( 0.003000000000000014800, 0.01000000000000000000, -0.1575000000000000000 ) ) ;
#3067 = LINE ( 'NONE', #3066, #3065 ) ;
#3068 = CARTESIAN_POINT ( 'NONE',  ( 0.2179999999999999700, 0.0000000000000000000, -0.3359999999999999100 ) ) ;
#3069 = AXIS2_PLACEMENT_3D ( 'NONE', #3068, #3093, #3092 ) ;
#3070 = CIRCLE ( 'NONE', #3069, 0.1205000000000000500 ) ;
#3071 = DIRECTION ( 'NONE',  ( -0.0000000000000000000, -1.000000000000000000, -0.0000000000000000000 ) ) ;
#3072 = VECTOR ( 'NONE', #3071, 39.37007874015748100 ) ;
#3073 = CARTESIAN_POINT ( 'NONE',  ( -0.2805000000000000300, 0.01000000000000000000, -0.6009999999999999800 ) ) ;
#3074 = LINE ( 'NONE', #3073, #3072 ) ;
#3075 = DIRECTION ( 'NONE',  ( -0.0000000000000000000, -1.000000000000000000, -0.0000000000000000000 ) ) ;
#3076 = VECTOR ( 'NONE', #3075, 39.37007874015748100 ) ;
#3077 = CARTESIAN_POINT ( 'NONE',  ( -0.4007390070338248700, 0.01000000000000000000, -0.5819999999999999600 ) ) ;
#3078 = DIRECTION ( 'NONE',  ( -0.7596915262653136700, 0.0000000000000000000, -0.6502836188315664900 ) ) ;
#3079 = DIRECTION ( 'NONE',  ( 0.6502836188315666000, 0.0000000000000000000, -0.7596915262653137800 ) ) ;
#3080 = LINE ( 'NONE', #3077, #3076 ) ;
#3081 = CARTESIAN_POINT ( 'NONE',  ( -0.3954999999999999100, 0.01000000000000000000, -0.2109999999999998500 ) ) ;
#3082 = AXIS2_PLACEMENT_3D ( 'NONE', #3083, #3206, #3205 ) ;
#3083 = CARTESIAN_POINT ( 'NONE',  ( -0.2805000000000000300, 0.01000000000000000000, -0.4390242689855161600 ) ) ;
#3084 = FACE_OUTER_BOUND ( 'NONE', #1693, .T. ) ;
#3085 = DIRECTION ( 'NONE',  ( -0.7596915262653137800, 0.0000000000000000000, 0.6502836188315663800 ) ) ;
#3086 = DIRECTION ( 'NONE',  ( -0.6502836188315664900, 0.0000000000000000000, -0.7596915262653138900 ) ) ;
#3087 = CARTESIAN_POINT ( 'NONE',  ( 0.3955000000000000700, 0.01000000000000000000, -0.2109999999999999400 ) ) ;
#3088 = PLANE ( 'NONE',  #3082 ) ;
#3089 = AXIS2_PLACEMENT_3D ( 'NONE', #3087, #3086, #3085 ) ;
#3090 = PLANE ( 'NONE',  #3089 ) ;
#3091 = FACE_OUTER_BOUND ( 'NONE', #1674, .T. ) ;
#3092 = DIRECTION ( 'NONE',  ( 0.0000000000000000000, 0.0000000000000000000, 1.000000000000000000 ) ) ;
#3093 = DIRECTION ( 'NONE',  ( 0.0000000000000000000, 1.000000000000000000, 0.0000000000000000000 ) ) ;
#3094 = LINE ( 'NONE', #3081, #3237 ) ;
#3095 = PLANE ( 'NONE',  #3097 ) ;
#3096 = CARTESIAN_POINT ( 'NONE',  ( -0.3954999999999999100, 0.01000000000000000000, -0.2109999999999998500 ) ) ;
#3097 = AXIS2_PLACEMENT_3D ( 'NONE', #3096, #3079, #3078 ) ;
#3098 = FACE_OUTER_BOUND ( 'NONE', #1727, .T. ) ;
#3099 = DIRECTION ( 'NONE',  ( -0.0000000000000000000, -1.000000000000000000, -0.0000000000000000000 ) ) ;
#3100 = VECTOR ( 'NONE', #3099, 39.37007874015748100 ) ;
#3101 = CARTESIAN_POINT ( 'NONE',  ( -0.3954999999999999600, 0.01000000000000000000, -0.5819999999999999600 ) ) ;
#3102 = LINE ( 'NONE', #3101, #3100 ) ;
#3103 = DIRECTION ( 'NONE',  ( -1.000000000000000000, 0.0000000000000000000, -0.0000000000000000000 ) ) ;
#3104 = DIRECTION ( 'NONE',  ( 0.0000000000000000000, 0.0000000000000000000, -1.000000000000000000 ) ) ;
#3105 = CARTESIAN_POINT ( 'NONE',  ( -0.3954999999999999600, 0.01000000000000000000, -0.5819999999999999600 ) ) ;
#3106 = AXIS2_PLACEMENT_3D ( 'NONE', #3105, #3104, #3103 ) ;
#3107 = PLANE ( 'NONE',  #3106 ) ;
#3108 = DIRECTION ( 'NONE',  ( -1.000000000000000000, 0.0000000000000000000, -0.0000000000000000000 ) ) ;
#3109 = CARTESIAN_POINT ( 'NONE',  ( -0.2805000000000000300, 0.01000000000000000000, -0.4390242689855161600 ) ) ;
#3110 = DIRECTION ( 'NONE',  ( -2.108223232389658400E-016, -0.0000000000000000000, 1.000000000000000000 ) ) ;
#3111 = VECTOR ( 'NONE', #3110, 39.37007874015748100 ) ;
#3112 = CARTESIAN_POINT ( 'NONE',  ( -0.3954999999999999100, 0.01000000000000000000, -0.2109999999999998500 ) ) ;
#3113 = DIRECTION ( 'NONE',  ( 1.840867920258937700E-016, -0.0000000000000000000, 1.000000000000000000 ) ) ;
#3114 = CARTESIAN_POINT ( 'NONE',  ( -0.2805000000000000300, 0.01000000000000000000, -0.4390242689855161600 ) ) ;
#3115 = LINE ( 'NONE', #3114, #3111 ) ;
#3116 = CARTESIAN_POINT ( 'NONE',  ( -0.1555000000000000300, 0.01000000000000001200, -0.6010000000000002000 ) ) ;
#3117 = CARTESIAN_POINT ( 'NONE',  ( -0.2804999999999999700, 0.01000000000000000400, -0.6010000000000000900 ) ) ;
#3118 = DIRECTION ( 'NONE',  ( -1.000000000000000000, 0.0000000000000000000, -2.869588228638932500E-016 ) ) ;
#3119 = VECTOR ( 'NONE', #3118, 39.37007874015748100 ) ;
#3120 = CARTESIAN_POINT ( 'NONE',  ( 0.06250000000000000000, 0.01000000000000000000, -0.09799999999999993400 ) ) ;
#3121 = LINE ( 'NONE', #3120, #3119 ) ;
#3122 = CARTESIAN_POINT ( 'NONE',  ( 0.2804999999999999700, 0.0000000000000000000, -0.6009999999999999800 ) ) ;
#3123 = DIRECTION ( 'NONE',  ( -4.216446464779314800E-016, 0.0000000000000000000, 1.000000000000000000 ) ) ;
#3124 = VECTOR ( 'NONE', #3123, 39.37007874015748100 ) ;
#3125 = CARTESIAN_POINT ( 'NONE',  ( 0.1555000000000000300, 0.0000000000000000000, -0.6009999999999999800 ) ) ;
#3126 = LINE ( 'NONE', #3125, #3124 ) ;
#3127 = DIRECTION ( 'NONE',  ( -1.241749088029208600E-015, 0.0000000000000000000, 1.000000000000000000 ) ) ;
#3128 = DIRECTION ( 'NONE',  ( -1.000000000000000000, 0.0000000000000000000, -1.241749088029208600E-015 ) ) ;
#3129 = CARTESIAN_POINT ( 'NONE',  ( -0.06250000000000000000, 0.01000000000000000000, -0.09799999999999996200 ) ) ;
#3130 = CARTESIAN_POINT ( 'NONE',  ( 0.003000000000000014800, 0.01000000000000000000, -0.1575000000000000000 ) ) ;
#3131 = DIRECTION ( 'NONE',  ( -1.000000000000000000, -0.0000000000000000000, 5.463695987328526400E-016 ) ) ;
#3132 = VECTOR ( 'NONE', #3131, 39.37007874015748100 ) ;
#3133 = CARTESIAN_POINT ( 'NONE',  ( -0.2805000000000000300, 0.01000000000000000000, -0.6009999999999999800 ) ) ;
#3134 = LINE ( 'NONE', #3133, #3132 ) ;
#3135 = CARTESIAN_POINT ( 'NONE',  ( -0.1554999999999999400, 0.01000000000000000000, -0.4390242689855161600 ) ) ;
#3136 = DIRECTION ( 'NONE',  ( -4.216446464779314800E-016, -0.0000000000000000000, -1.000000000000000000 ) ) ;
#3137 = VECTOR ( 'NONE', #3136, 39.37007874015748100 ) ;
#3138 = CARTESIAN_POINT ( 'NONE',  ( -0.1555000000000000300, 0.01000000000000000000, -0.6009999999999999800 ) ) ;
#3139 = LINE ( 'NONE', #3138, #3137 ) ;
#3140 = CARTESIAN_POINT ( 'NONE',  ( -0.003000000000000014800, 0.01000000000000000000, -0.1575000000000000000 ) ) ;
#3141 = LINE ( 'NONE', #3140, #3156 ) ;
#3142 = DIRECTION ( 'NONE',  ( -1.000000000000000000, -0.0000000000000000000, -0.0000000000000000000 ) ) ;
#3143 = VECTOR ( 'NONE', #3142, 39.37007874015748100 ) ;
#3144 = CARTESIAN_POINT ( 'NONE',  ( -0.003000000000000014800, 0.01000000000000000000, -0.1575000000000000000 ) ) ;
#3145 = LINE ( 'NONE', #3144, #3143 ) ;
#3146 = DIRECTION ( 'NONE',  ( 0.7596915262653137800, -0.0000000000000000000, -0.6502836188315664900 ) ) ;
#3147 = CARTESIAN_POINT ( 'NONE',  ( 0.3955000000000000700, 0.01000000000000000000, -0.2109999999999999400 ) ) ;
#3148 = LINE ( 'NONE', #3147, #3158 ) ;
#3149 = CARTESIAN_POINT ( 'NONE',  ( -0.4007390070338248700, 0.01000000000000000000, -0.5819999999999999600 ) ) ;
#3150 = DIRECTION ( 'NONE',  ( 0.0000000000000000000, 0.0000000000000000000, 1.000000000000000000 ) ) ;
#3151 = VECTOR ( 'NONE', #3150, 39.37007874015748100 ) ;
#3152 = CARTESIAN_POINT ( 'NONE',  ( -0.06250000000000000000, 0.01000000000000000000, -0.09799999999999996200 ) ) ;
#3153 = LINE ( 'NONE', #3152, #3151 ) ;
#3154 = CARTESIAN_POINT ( 'NONE',  ( -0.06250000000000000000, 0.01000000000000000000, -0.09200000000000001200 ) ) ;
#3155 = DIRECTION ( 'NONE',  ( 1.345119482174498500E-016, 0.0000000000000000000, 1.000000000000000000 ) ) ;
#3156 = VECTOR ( 'NONE', #3155, 39.37007874015748100 ) ;
#3157 = CARTESIAN_POINT ( 'NONE',  ( 0.1489999999999999900, 0.01000000000000000000, 0.0000000000000000000 ) ) ;
#3158 = VECTOR ( 'NONE', #3146, 39.37007874015748100 ) ;
#3159 = DIRECTION ( 'NONE',  ( 0.0000000000000000000, 0.0000000000000000000, -1.000000000000000000 ) ) ;
#3160 = DIRECTION ( 'NONE',  ( 0.0000000000000000000, 1.000000000000000000, -0.0000000000000000000 ) ) ;
#3161 = AXIS2_PLACEMENT_3D ( 'NONE', #3234, #3160, #3159 ) ;
#3162 = CIRCLE ( 'NONE', #3161, 0.1205000000000000500 ) ;
#3163 = DIRECTION ( 'NONE',  ( 0.0000000000000000000, 0.0000000000000000000, -1.000000000000000000 ) ) ;
#3164 = CARTESIAN_POINT ( 'NONE',  ( 0.3954999999999999600, 0.01000000000000000000, -0.5819999999999999600 ) ) ;
#3165 = FACE_OUTER_BOUND ( 'NONE', #1676, .T. ) ;
#3166 = AXIS2_PLACEMENT_3D ( 'NONE', #3164, #3163, #3108 ) ;
#3167 = PLANE ( 'NONE',  #3166 ) ;
#3168 = FACE_OUTER_BOUND ( 'NONE', #1765, .T. ) ;
#3169 = DIRECTION ( 'NONE',  ( -0.0000000000000000000, -1.000000000000000000, -0.0000000000000000000 ) ) ;
#3170 = VECTOR ( 'NONE', #3169, 39.37007874015748100 ) ;
#3171 = CARTESIAN_POINT ( 'NONE',  ( 0.1489999999999999900, 0.01000000000000000000, 0.0000000000000000000 ) ) ;
#3172 = LINE ( 'NONE', #3171, #3170 ) ;
#3173 = DIRECTION ( 'NONE',  ( 0.0000000000000000000, 0.0000000000000000000, -1.000000000000000000 ) ) ;
#3174 = DIRECTION ( 'NONE',  ( -0.0000000000000000000, -1.000000000000000000, -0.0000000000000000000 ) ) ;
#3175 = AXIS2_PLACEMENT_3D ( 'NONE', #3176, #3174, #3173 ) ;
#3176 = CARTESIAN_POINT ( 'NONE',  ( 0.2757390070338249800, 0.01000000000000000000, -0.6370000000000000100 ) ) ;
#3177 = CYLINDRICAL_SURFACE ( 'NONE', #3175, 0.1249999999999999000 ) ;
#3178 = FACE_OUTER_BOUND ( 'NONE', #1698, .T. ) ;
#3179 = CARTESIAN_POINT ( 'NONE',  ( 0.3955000000000000700, 0.009999999999999897900, -0.2109999999999999400 ) ) ;
#3180 = DIRECTION ( 'NONE',  ( -1.840867920258937700E-016, 0.0000000000000000000, -1.000000000000000000 ) ) ;
#3181 = VECTOR ( 'NONE', #3180, 39.37007874015748100 ) ;
#3182 = CARTESIAN_POINT ( 'NONE',  ( 0.3955000000000000700, 0.01000000000000000000, -0.2109999999999999400 ) ) ;
#3183 = FACE_OUTER_BOUND ( 'NONE', #1767, .T. ) ;
#3184 = DIRECTION ( 'NONE',  ( -1.840867920258937700E-016, 0.0000000000000000000, -1.000000000000000000 ) ) ;
#3185 = VECTOR ( 'NONE', #3184, 39.37007874015748100 ) ;
#3186 = CARTESIAN_POINT ( 'NONE',  ( 0.3955000000000000700, 0.0000000000000000000, -0.2109999999999999400 ) ) ;
#3187 = LINE ( 'NONE', #3186, #3185 ) ;
#3188 = DIRECTION ( 'NONE',  ( -0.0000000000000000000, -1.000000000000000000, -0.0000000000000000000 ) ) ;
#3189 = VECTOR ( 'NONE', #3188, 39.37007874015748100 ) ;
#3190 = CARTESIAN_POINT ( 'NONE',  ( -0.3954999999999999100, 0.01000000000000000000, -0.2109999999999998500 ) ) ;
#3191 = DIRECTION ( 'NONE',  ( -1.241749088029208600E-015, 0.0000000000000000000, -1.000000000000000000 ) ) ;
#3192 = DIRECTION ( 'NONE',  ( 1.000000000000000000, 0.0000000000000000000, -1.241749088029208600E-015 ) ) ;
#3193 = CARTESIAN_POINT ( 'NONE',  ( -0.4007390070338248700, 0.01000000000000000000, -0.5819999999999999600 ) ) ;
#3194 = AXIS2_PLACEMENT_3D ( 'NONE', #3193, #3192, #3191 ) ;
#3195 = PLANE ( 'NONE',  #3194 ) ;
#3196 = LINE ( 'NONE', #3190, #3189 ) ;
#3197 = FACE_OUTER_BOUND ( 'NONE', #1682, .T. ) ;
#3198 = DIRECTION ( 'NONE',  ( -0.0000000000000000000, -1.000000000000000000, -0.0000000000000000000 ) ) ;
#3199 = VECTOR ( 'NONE', #3198, 39.37007874015748100 ) ;
#3200 = CARTESIAN_POINT ( 'NONE',  ( -0.1489999999999999900, 0.01000000000000000000, 6.559240622696722900E-017 ) ) ;
#3201 = LINE ( 'NONE', #3200, #3199 ) ;
#3202 = DIRECTION ( 'NONE',  ( 0.7596915262653136700, 0.0000000000000000000, 0.6502836188315666000 ) ) ;
#3203 = VECTOR ( 'NONE', #3202, 39.37007874015748100 ) ;
#3204 = CARTESIAN_POINT ( 'NONE',  ( -0.3954999999999999100, 0.0000000000000000000, -0.2109999999999998500 ) ) ;
#3205 = DIRECTION ( 'NONE',  ( 2.108223232389658400E-016, 0.0000000000000000000, -1.000000000000000000 ) ) ;
#3206 = DIRECTION ( 'NONE',  ( 1.000000000000000000, -0.0000000000000000000, 2.108223232389658400E-016 ) ) ;
#3207 = LINE ( 'NONE', #3204, #3203 ) ;
#3208 = DIRECTION ( 'NONE',  ( 0.0000000000000000000, 0.0000000000000000000, -1.000000000000000000 ) ) ;
#3209 = DIRECTION ( 'NONE',  ( -0.0000000000000000000, -1.000000000000000000, -0.0000000000000000000 ) ) ;
#3210 = CARTESIAN_POINT ( 'NONE',  ( -0.2179999999999999700, 0.01000000000000000000, -0.3359999999999999100 ) ) ;
#3211 = AXIS2_PLACEMENT_3D ( 'NONE', #3210, #3209, #3208 ) ;
#3212 = CYLINDRICAL_SURFACE ( 'NONE', #3211, 0.1205000000000000500 ) ;
#3213 = CARTESIAN_POINT ( 'NONE',  ( 0.1555000000000000300, 0.01000000000000001200, -0.6010000000000002000 ) ) ;
#3214 = AXIS2_PLACEMENT_3D ( 'NONE', #3213, #2587, #2795 ) ;
#3215 = PLANE ( 'NONE',  #3214 ) ;
#3216 = FACE_OUTER_BOUND ( 'NONE', #1740, .T. ) ;
#3217 = DIRECTION ( 'NONE',  ( -0.0000000000000000000, -1.000000000000000000, -0.0000000000000000000 ) ) ;
#3218 = VECTOR ( 'NONE', #3217, 39.37007874015748100 ) ;
#3219 = CARTESIAN_POINT ( 'NONE',  ( -0.2805000000000000300, 0.01000000000000000000, -0.4390242689855161600 ) ) ;
#3220 = LINE ( 'NONE', #3219, #3218 ) ;
#3221 = DIRECTION ( 'NONE',  ( -0.0000000000000000000, -1.000000000000000000, -0.0000000000000000000 ) ) ;
#3222 = VECTOR ( 'NONE', #3221, 39.37007874015748100 ) ;
#3223 = CARTESIAN_POINT ( 'NONE',  ( 0.3955000000000000700, 0.01000000000000000000, -0.2109999999999999400 ) ) ;
#3224 = LINE ( 'NONE', #3223, #3222 ) ;
#3225 = DIRECTION ( 'NONE',  ( 1.840867920258937700E-016, -0.0000000000000000000, 1.000000000000000000 ) ) ;
#3226 = VECTOR ( 'NONE', #3225, 39.37007874015748100 ) ;
#3227 = CARTESIAN_POINT ( 'NONE',  ( -0.3954999999999999100, 0.0000000000000000000, -0.2109999999999998500 ) ) ;
#3228 = LINE ( 'NONE', #3227, #3226 ) ;
#3229 = DIRECTION ( 'NONE',  ( 0.0000000000000000000, -1.000000000000000000, 3.491483361109382900E-015 ) ) ;
#3230 = DIRECTION ( 'NONE',  ( 2.201087457280780100E-016, 3.491483361109382900E-015, 1.000000000000000000 ) ) ;
#3231 = CARTESIAN_POINT ( 'NONE',  ( -0.1489999999999999900, 3.491483361109370700E-017, 0.02000000000000000000 ) ) ;
#3232 = AXIS2_PLACEMENT_3D ( 'NONE', #3231, #3230, #3229 ) ;
#3233 = PLANE ( 'NONE',  #3232 ) ;
#3234 = CARTESIAN_POINT ( 'NONE',  ( -0.2179999999999999700, 0.01000000000000000000, -0.3359999999999999100 ) ) ;
#3235 = LINE ( 'NONE', #3182, #3181 ) ;
#3236 = CARTESIAN_POINT ( 'NONE',  ( -0.1489999999999999900, 0.01000000000000002300, 3.424963075889280700E-017 ) ) ;
#3237 = VECTOR ( 'NONE', #3113, 39.37007874015748100 ) ;
#3238 = CARTESIAN_POINT ( 'NONE',  ( 0.4007390070338248700, 0.01000000000000000000, -0.5819999999999999600 ) ) ;
#3239 = AXIS2_PLACEMENT_3D ( 'NONE', #3238, #3128, #3127 ) ;
#3240 = PLANE ( 'NONE',  #3239 ) ;
#3241 = FACE_OUTER_BOUND ( 'NONE', #1750, .T. ) ;
#3242 = CARTESIAN_POINT ( 'NONE',  ( -0.003000000000000014800, 0.01000000000000000000, -0.1575000000000000000 ) ) ;
#3243 = DIRECTION ( 'NONE',  ( -1.000000000000000000, 0.0000000000000000000, -2.869588228638932500E-016 ) ) ;
#3244 = VECTOR ( 'NONE', #3243, 39.37007874015748100 ) ;
#3245 = CARTESIAN_POINT ( 'NONE',  ( -0.003000000000000007000, 0.01000000000000000000, -0.09799999999999994800 ) ) ;
#3246 = LINE ( 'NONE', #3245, #3244 ) ;
#3247 = DIRECTION ( 'NONE',  ( 1.000000000000000000, -0.0000000000000000000, -2.869588228638932500E-016 ) ) ;
#3248 = VECTOR ( 'NONE', #3247, 39.37007874015748100 ) ;
#3249 = CARTESIAN_POINT ( 'NONE',  ( -0.003000000000000007000, 0.01000000000000000000, -0.09200000000000004000 ) ) ;
#3250 = LINE ( 'NONE', #3249, #3248 ) ;
#3251 = CARTESIAN_POINT ( 'NONE',  ( 0.4055000000000000800, -0.03900000000000000000, -0.5819999999999999600 ) ) ;
#3252 = LINE ( 'NONE', #3251, #3258 ) ;
#3253 = CYLINDRICAL_SURFACE ( 'NONE', #3255, 0.009999999999999892700 ) ;
#3254 = CARTESIAN_POINT ( 'NONE',  ( 0.3955000000000000700, -0.009999999999999995000, -0.2109999999999999400 ) ) ;
#3255 = AXIS2_PLACEMENT_3D ( 'NONE', #3254, #3292, #3291 ) ;
#3256 = FACE_OUTER_BOUND ( 'NONE', #2090, .T. ) ;
#3257 = DIRECTION ( 'NONE',  ( 1.840867920258937700E-016, -2.146211927752355700E-030, 1.000000000000000000 ) ) ;
#3258 = VECTOR ( 'NONE', #3257, 39.37007874015748100 ) ;
#3259 = LINE ( 'NONE', #3267, #3313 ) ;
#3260 = DIRECTION ( 'NONE',  ( -0.0000000000000000000, -1.000000000000000000, -0.0000000000000000000 ) ) ;
#3261 = CARTESIAN_POINT ( 'NONE',  ( 0.1554999999999999400, 0.0000000000000000000, -0.4390242689855161600 ) ) ;
#3262 = CARTESIAN_POINT ( 'NONE',  ( -0.3955000000000000700, 3.414809992080329000E-017, -0.5819999999999999600 ) ) ;
#3263 = CARTESIAN_POINT ( 'NONE',  ( 0.2805000000000000300, 0.0000000000000000000, -0.4390242689855161600 ) ) ;
#3264 = DIRECTION ( 'NONE',  ( -2.108223232389658400E-016, 0.0000000000000000000, -1.000000000000000000 ) ) ;
#3265 = VECTOR ( 'NONE', #3264, 39.37007874015748100 ) ;
#3266 = CARTESIAN_POINT ( 'NONE',  ( 0.2805000000000000300, 0.0000000000000000000, -0.4390242689855161600 ) ) ;
#3267 = CARTESIAN_POINT ( 'NONE',  ( 0.4007390070338248700, 0.01000000000000000000, -0.6370000000000000100 ) ) ;
#3268 = FACE_OUTER_BOUND ( 'NONE', #1715, .T. ) ;
#3269 = DIRECTION ( 'NONE',  ( 0.0000000000000000000, 0.0000000000000000000, -1.000000000000000000 ) ) ;
#3270 = DIRECTION ( 'NONE',  ( -0.0000000000000000000, -1.000000000000000000, -0.0000000000000000000 ) ) ;
#3271 = CARTESIAN_POINT ( 'NONE',  ( -0.3955000000000000700, 3.414809992080329000E-017, -0.2110000000000000200 ) ) ;
#3272 = CARTESIAN_POINT ( 'NONE',  ( 0.1554999999999992200, -0.02017626630465657600, -0.3021224071105417800 ) ) ;
#3273 = LINE ( 'NONE', #3272, #3343 ) ;
#3274 = DIRECTION ( 'NONE',  ( -5.853959986423408200E-015, 0.0000000000000000000, 1.000000000000000000 ) ) ;
#3275 = DIRECTION ( 'NONE',  ( -1.000000000000000000, 0.0000000000000000000, -5.463695987328526400E-016 ) ) ;
#3276 = VECTOR ( 'NONE', #3275, 39.37007874015748100 ) ;
#3277 = CARTESIAN_POINT ( 'NONE',  ( 0.2805000000000000300, 0.0000000000000000000, -0.6009999999999999800 ) ) ;
#3278 = VECTOR ( 'NONE', #3336, 39.37007874015748100 ) ;
#3279 = CARTESIAN_POINT ( 'NONE',  ( -0.1489999999999999900, -0.04999999999999996100, 0.02000000000000017000 ) ) ;
#3280 = LINE ( 'NONE', #3279, #3278 ) ;
#3281 = CARTESIAN_POINT ( 'NONE',  ( -0.1489999999999999900, -0.04999999999999999600, 0.01000000000000017400 ) ) ;
#3282 = DIRECTION ( 'NONE',  ( -0.0000000000000000000, 1.000000000000000000, -3.491483361109382900E-015 ) ) ;
#3283 = VECTOR ( 'NONE', #3282, 39.37007874015748100 ) ;
#3284 = CARTESIAN_POINT ( 'NONE',  ( -0.1489999999999999900, -1.145073974782917300E-031, 0.009999999999999998500 ) ) ;
#3285 = LINE ( 'NONE', #3284, #3283 ) ;
#3286 = DIRECTION ( 'NONE',  ( -0.0000000000000000000, -1.000000000000000000, -0.0000000000000000000 ) ) ;
#3287 = VECTOR ( 'NONE', #3286, 39.37007874015748100 ) ;
#3288 = PLANE ( 'NONE',  #3293 ) ;
#3289 = DIRECTION ( 'NONE',  ( -1.000000000000000000, 8.124001452702045700E-032, -5.853959986423408200E-015 ) ) ;
#3290 = CARTESIAN_POINT ( 'NONE',  ( 0.1554999999999992200, -0.03017626630465657400, -0.3021224071105417800 ) ) ;
#3291 = DIRECTION ( 'NONE',  ( 1.000000000000000000, 3.414809992080365800E-015, 0.0000000000000000000 ) ) ;
#3292 = DIRECTION ( 'NONE',  ( 0.0000000000000000000, 0.0000000000000000000, 1.000000000000000000 ) ) ;
#3293 = AXIS2_PLACEMENT_3D ( 'NONE', #3290, #3289, #3274 ) ;
#3294 = FACE_OUTER_BOUND ( 'NONE', #1872, .T. ) ;
#3295 = FACE_OUTER_BOUND ( 'NONE', #1810, .T. ) ;
#3296 = DIRECTION ( 'NONE',  ( -1.000000000000000000, -2.627434620609032000E-046, 2.201087457280780100E-016 ) ) ;
#3297 = VECTOR ( 'NONE', #3296, 39.37007874015748100 ) ;
#3298 = CARTESIAN_POINT ( 'NONE',  ( -0.1489999999999999900, -0.04999999999999999600, 0.01000000000000017400 ) ) ;
#3299 = LINE ( 'NONE', #3298, #3297 ) ;
#3300 = DIRECTION ( 'NONE',  ( -1.000000000000000000, -2.627434620609032000E-046, 2.201087457280780100E-016 ) ) ;
#3301 = VECTOR ( 'NONE', #3300, 39.37007874015748100 ) ;
#3302 = CARTESIAN_POINT ( 'NONE',  ( -0.1489999999999999900, -0.04999999999999996100, 0.02000000000000017400 ) ) ;
#3303 = LINE ( 'NONE', #3302, #3301 ) ;
#3304 = AXIS2_PLACEMENT_3D ( 'NONE', #3323, #3270, #3269 ) ;
#3305 = CARTESIAN_POINT ( 'NONE',  ( 0.1489999999999999900, -0.009999999999999943000, 0.009999999999999965500 ) ) ;
#3306 = DIRECTION ( 'NONE',  ( 2.201087457280779800E-016, 1.418763820953981800E-032, 1.000000000000000000 ) ) ;
#3307 = VECTOR ( 'NONE', #3306, 39.37007874015748100 ) ;
#3308 = CARTESIAN_POINT ( 'NONE',  ( 0.1489999999999999900, -0.009999999999999962000, 0.02000000000000010800 ) ) ;
#3309 = LINE ( 'NONE', #3308, #3307 ) ;
#3310 = DIRECTION ( 'NONE',  ( 0.0000000000000000000, -1.387778780781445400E-017, 1.000000000000000000 ) ) ;
#3311 = DIRECTION ( 'NONE',  ( 0.0000000000000000000, 1.000000000000000000, 1.387778780781445400E-017 ) ) ;
#3312 = CARTESIAN_POINT ( 'NONE',  ( 0.1555000000000000300, 8.537024980200822600E-018, -0.6010000000000000900 ) ) ;
#3313 = VECTOR ( 'NONE', #3260, 39.37007874015748100 ) ;
#3314 = LINE ( 'NONE', #3320, #3287 ) ;
#3315 = DIRECTION ( 'NONE',  ( 0.0000000000000000000, 8.537024980200823800E-016, 1.000000000000000000 ) ) ;
#3316 = DIRECTION ( 'NONE',  ( 1.000000000000000000, 0.0000000000000000000, -2.134256245050205700E-016 ) ) ;
#3317 = CARTESIAN_POINT ( 'NONE',  ( 0.1489999999999999900, -0.009999999999999975900, -3.180041805124806200E-017 ) ) ;
#3318 = AXIS2_PLACEMENT_3D ( 'NONE', #3317, #3316, #3315 ) ;
#3319 = CIRCLE ( 'NONE', #3318, 0.009999999999999998500 ) ;
#3320 = CARTESIAN_POINT ( 'NONE',  ( 0.1554999999999999400, 0.01000000000000000000, -0.4390242689855161600 ) ) ;
#3321 = CYLINDRICAL_SURFACE ( 'NONE', #3304, 0.1249999999999999000 ) ;
#3322 = LINE ( 'NONE', #3277, #3276 ) ;
#3323 = CARTESIAN_POINT ( 'NONE',  ( -0.2757390070338249800, 0.01000000000000000000, -0.6370000000000000100 ) ) ;
#3324 = DIRECTION ( 'NONE',  ( 0.0000000000000000000, 0.0000000000000000000, 1.000000000000000000 ) ) ;
#3325 = DIRECTION ( 'NONE',  ( -1.000000000000000000, -0.0000000000000000000, -0.0000000000000000000 ) ) ;
#3326 = AXIS2_PLACEMENT_3D ( 'NONE', #3332, #3325, #3324 ) ;
#3327 = CIRCLE ( 'NONE', #3326, 0.009999999999999962000 ) ;
#3328 = CARTESIAN_POINT ( 'NONE',  ( 0.2804999999999995300, -0.03017626630465657400, -0.3546224071105418800 ) ) ;
#3329 = DIRECTION ( 'NONE',  ( -2.201087457280779800E-016, 0.0000000000000000000, -1.000000000000000000 ) ) ;
#3330 = DIRECTION ( 'NONE',  ( 1.000000000000000000, -7.685060233442402100E-031, -2.201087457280779800E-016 ) ) ;
#3331 = CARTESIAN_POINT ( 'NONE',  ( 0.1489999999999999900, -0.04999999999999996100, 0.02000000000000010800 ) ) ;
#3332 = CARTESIAN_POINT ( 'NONE',  ( 0.2804999999999995300, -0.02017626630465657600, -0.3546224071105418800 ) ) ;
#3333 = AXIS2_PLACEMENT_3D ( 'NONE', #3331, #3330, #3329 ) ;
#3334 = PLANE ( 'NONE',  #3333 ) ;
#3335 = FACE_OUTER_BOUND ( 'NONE', #1800, .T. ) ;
#3336 = DIRECTION ( 'NONE',  ( -2.201087457280779800E-016, -3.491483361109382900E-015, -1.000000000000000000 ) ) ;
#3337 = LINE ( 'NONE', #3266, #3265 ) ;
#3338 = PLANE ( 'NONE',  #3340 ) ;
#3339 = CARTESIAN_POINT ( 'NONE',  ( 0.2179999999999991400, -0.03017626630465657400, -0.3021224071105419500 ) ) ;
#3340 = AXIS2_PLACEMENT_3D ( 'NONE', #3339, #3311, #3310 ) ;
#3341 = FACE_OUTER_BOUND ( 'NONE', #2026, .T. ) ;
#3342 = DIRECTION ( 'NONE',  ( -5.853959986423408200E-015, -0.0000000000000000000, 1.000000000000000000 ) ) ;
#3343 = VECTOR ( 'NONE', #3342, 39.37007874015748100 ) ;
ENDSEC;
END-ISO-10303-21;
