ISO-10303-21;
HEADER;
FILE_DESCRIPTION(('FreeCAD Model'),'2;1');
FILE_NAME('Open CASCADE Shape Model','2026-09-01T17:13:59',(''),(''),
  'Open CASCADE STEP processor 7.8','FreeCAD','Unknown');
FILE_SCHEMA((
'AP242_MANAGED_MODEL_BASED_3D_ENGINEERING_MIM_LF. {1 0 10303 442 1 1 4 
}'));
ENDSEC;
DATA;
#1 = APPLICATION_PROTOCOL_DEFINITION('international standard',
  'ap242_managed_model_based_3d_engineering',2013,#2);
#2 = APPLICATION_CONTEXT('Managed model based 3d engineering');
#3 = SHAPE_DEFINITION_REPRESENTATION(#4,#10);
#4 = PRODUCT_DEFINITION_SHAPE('','',#5);
#5 = PRODUCT_DEFINITION('design','',#6,#9);
#6 = PRODUCT_DEFINITION_FORMATION('','',#7);
#7 = PRODUCT('Cut','Cut','',(#8));
#8 = PRODUCT_CONTEXT('',#2,'mechanical');
#9 = PRODUCT_DEFINITION_CONTEXT('part definition',#2,'design');
#10 = SHAPE_REPRESENTATION('',(#11,#15,#1702,#2124,#2546,#2968,#3390,
    #3812,#4234,#4656),#5078);
#11 = AXIS2_PLACEMENT_3D('',#12,#13,#14);
#12 = CARTESIAN_POINT('',(0.,0.,0.));
#13 = DIRECTION('',(0.,0.,1.));
#14 = DIRECTION('',(1.,0.,-0.));
#15 = MANIFOLD_SOLID_BREP('',#16);
#16 = CLOSED_SHELL('',(#17,#85,#176,#208,#239,#274,#316,#340,#381,#418,
    #459,#484,#580,#605,#657,#753,#805,#830,#882,#915,#933,#964,#1016,
    #1047,#1082,#1092,#1102,#1136,#1153,#1188,#1198,#1240,#1264,#1298,
    #1308,#1325,#1342,#1353,#1377,#1394,#1464,#1482,#1527,#1572,#1590,
    #1608,#1633,#1651,#1661,#1671,#1682,#1693));
#17 = ADVANCED_FACE('',(#18),#80,.F.);
#18 = FACE_BOUND('',#19,.F.);
#19 = EDGE_LOOP('',(#20,#52));
#20 = ORIENTED_EDGE('',*,*,#21,.T.);
#21 = EDGE_CURVE('',#22,#24,#26,.T.);
#22 = VERTEX_POINT('',#23);
#23 = CARTESIAN_POINT('',(-1.499997750431,1.370967870763,0.607510968477)
  );
#24 = VERTEX_POINT('',#25);
#25 = CARTESIAN_POINT('',(-1.370967870763,1.499997750431,0.607510968477)
  );
#26 = B_SPLINE_CURVE_WITH_KNOTS('',3,(#27,#28,#29,#30,#31,#32,#33,#34,
    #35,#36,#37,#38,#39,#40,#41,#42,#43,#44,#45,#46,#47,#48,#49,#50,#51)
  ,.UNSPECIFIED.,.F.,.F.,(4,1,1,1,1,1,1,1,1,1,1,1,1,1,1,1,1,1,1,1,1,1,4)
  ,(0.,4.545454545455E-02,9.090909090909E-02,0.136363636364,
    0.181818181818,0.227272727273,0.272727272727,0.318181818182,
    0.363636363636,0.409090909091,0.454545454545,0.5,0.545454545455,
    0.590909090909,0.636363636364,0.681818181818,0.727272727273,
    0.772727272727,0.818181818182,0.863636363636,0.909090909091,
    0.954545454545,1.),.UNSPECIFIED.);
#27 = CARTESIAN_POINT('',(-1.499997750431,1.370967870763,0.607510968477)
  );
#28 = CARTESIAN_POINT('',(-1.499974897732,1.374036580969,0.607510968477)
  );
#29 = CARTESIAN_POINT('',(-1.499710585847,1.38015686307,0.607494909512)
  );
#30 = CARTESIAN_POINT('',(-1.498669191466,1.389300383314,0.607501363992)
  );
#31 = CARTESIAN_POINT('',(-1.496983523188,1.398343692508,0.607499634519)
  );
#32 = CARTESIAN_POINT('',(-1.494663228194,1.407246290513,0.60750009793)
  );
#33 = CARTESIAN_POINT('',(-1.491719579665,1.415962403455,0.60749997376)
  );
#34 = CARTESIAN_POINT('',(-1.488167381898,1.424448791317,0.607500007031)
  );
#35 = CARTESIAN_POINT('',(-1.484024370721,1.432662933416,0.607499998116)
  );
#36 = CARTESIAN_POINT('',(-1.479311265679,1.440563785095,0.607500000505)
  );
#37 = CARTESIAN_POINT('',(-1.474051628605,1.448111837257,0.607499999864)
  );
#38 = CARTESIAN_POINT('',(-1.468271756382,1.455269352526,0.607500000039)
  );
#39 = CARTESIAN_POINT('',(-1.462000545104,1.462000545104,0.607499999981)
  );
#40 = CARTESIAN_POINT('',(-1.455269352526,1.468271756382,0.607500000039)
  );
#41 = CARTESIAN_POINT('',(-1.448111837257,1.474051628605,0.607499999864)
  );
#42 = CARTESIAN_POINT('',(-1.440563785095,1.479311265679,0.607500000505)
  );
#43 = CARTESIAN_POINT('',(-1.432662933416,1.484024370721,0.607499998116)
  );
#44 = CARTESIAN_POINT('',(-1.424448791317,1.488167381898,0.607500007031)
  );
#45 = CARTESIAN_POINT('',(-1.415962403455,1.491719579665,0.60749997376)
  );
#46 = CARTESIAN_POINT('',(-1.407246290513,1.494663228194,0.60750009793)
  );
#47 = CARTESIAN_POINT('',(-1.398343692508,1.496983523188,0.607499634519)
  );
#48 = CARTESIAN_POINT('',(-1.389300383314,1.498669191466,0.607501363992)
  );
#49 = CARTESIAN_POINT('',(-1.38015686307,1.499710585847,0.607494909512)
  );
#50 = CARTESIAN_POINT('',(-1.374036580969,1.499974897732,0.607510968477)
  );
#51 = CARTESIAN_POINT('',(-1.370967870763,1.499997750431,0.607510968477)
  );
#52 = ORIENTED_EDGE('',*,*,#53,.F.);
#53 = EDGE_CURVE('',#22,#24,#54,.T.);
#54 = B_SPLINE_CURVE_WITH_KNOTS('',3,(#55,#56,#57,#58,#59,#60,#61,#62,
    #63,#64,#65,#66,#67,#68,#69,#70,#71,#72,#73,#74,#75,#76,#77,#78,#79)
  ,.UNSPECIFIED.,.F.,.F.,(4,1,1,1,1,1,1,1,1,1,1,1,1,1,1,1,1,1,1,1,1,1,4)
  ,(0.,4.545454545455E-02,9.090909090909E-02,0.136363636364,
    0.181818181818,0.227272727273,0.272727272727,0.318181818182,
    0.363636363636,0.409090909091,0.454545454545,0.5,0.545454545455,
    0.590909090909,0.636363636364,0.681818181818,0.727272727273,
    0.772727272727,0.818181818182,0.863636363636,0.909090909091,
    0.954545454545,1.),.UNSPECIFIED.);
#55 = CARTESIAN_POINT('',(-1.499997750431,1.370967870763,0.607510968477)
  );
#56 = CARTESIAN_POINT('',(-1.499997750431,1.374076223242,0.607510968477)
  );
#57 = CARTESIAN_POINT('',(-1.499780650412,1.380270202278,0.607494909512)
  );
#58 = CARTESIAN_POINT('',(-1.498787310141,1.38952169355,0.607501363992)
  );
#59 = CARTESIAN_POINT('',(-1.497148485851,1.398627520164,0.607499634519)
  );
#60 = CARTESIAN_POINT('',(-1.494865959895,1.407594085598,0.60750009793)
  );
#61 = CARTESIAN_POINT('',(-1.491952251723,1.416362958437,0.60749997376)
  );
#62 = CARTESIAN_POINT('',(-1.488437588878,1.424861979157,0.607500007031)
  );
#63 = CARTESIAN_POINT('',(-1.484319860127,1.433100702598,0.607499998116)
  );
#64 = CARTESIAN_POINT('',(-1.479632527598,1.441007071307,0.607500000505)
  );
#65 = CARTESIAN_POINT('',(-1.474408282953,1.448537642935,0.607499999864)
  );
#66 = CARTESIAN_POINT('',(-1.4686449813,1.455693055484,0.607500000039));
#67 = CARTESIAN_POINT('',(-1.462400232537,1.462400232537,0.607499999981)
  );
#68 = CARTESIAN_POINT('',(-1.455693055484,1.4686449813,0.607500000039));
#69 = CARTESIAN_POINT('',(-1.448537642935,1.474408282953,0.607499999864)
  );
#70 = CARTESIAN_POINT('',(-1.441007071307,1.479632527598,0.607500000505)
  );
#71 = CARTESIAN_POINT('',(-1.433100702598,1.484319860127,0.607499998116)
  );
#72 = CARTESIAN_POINT('',(-1.424861979157,1.488437588878,0.607500007031)
  );
#73 = CARTESIAN_POINT('',(-1.416362958437,1.491952251723,0.60749997376)
  );
#74 = CARTESIAN_POINT('',(-1.407594085598,1.494865959895,0.60750009793)
  );
#75 = CARTESIAN_POINT('',(-1.398627520164,1.497148485851,0.607499634519)
  );
#76 = CARTESIAN_POINT('',(-1.38952169355,1.498787310141,0.607501363992)
  );
#77 = CARTESIAN_POINT('',(-1.380270202278,1.499780650412,0.607494909512)
  );
#78 = CARTESIAN_POINT('',(-1.374076223242,1.499997750431,0.607510968477)
  );
#79 = CARTESIAN_POINT('',(-1.370967870763,1.499997750431,0.607510968477)
  );
#80 = PLANE('',#81);
#81 = AXIS2_PLACEMENT_3D('',#82,#83,#84);
#82 = CARTESIAN_POINT('',(0.,0.,0.6075));
#83 = DIRECTION('',(0.,0.,1.));
#84 = DIRECTION('',(0.,1.,0.));
#85 = ADVANCED_FACE('',(#86),#171,.T.);
#86 = FACE_BOUND('',#87,.T.);
#87 = EDGE_LOOP('',(#88,#98,#106,#107,#117,#125,#134,#164));
#88 = ORIENTED_EDGE('',*,*,#89,.F.);
#89 = EDGE_CURVE('',#90,#92,#94,.T.);
#90 = VERTEX_POINT('',#91);
#91 = CARTESIAN_POINT('',(-1.5,1.37,0.6075));
#92 = VERTEX_POINT('',#93);
#93 = CARTESIAN_POINT('',(-1.5,1.37,0.4575));
#94 = LINE('',#95,#96);
#95 = CARTESIAN_POINT('',(-1.5,1.37,0.6075));
#96 = VECTOR('',#97,1.);
#97 = DIRECTION('',(0.,0.,-1.));
#98 = ORIENTED_EDGE('',*,*,#99,.T.);
#99 = EDGE_CURVE('',#90,#22,#100,.T.);
#100 = B_SPLINE_CURVE_WITH_KNOTS('',3,(#101,#102,#103,#104,#105),
  .UNSPECIFIED.,.F.,.F.,(4,1,4),(0.,0.5,1.),.QUASI_UNIFORM_KNOTS.);
#101 = CARTESIAN_POINT('',(-1.5,1.37,0.6075));
#102 = CARTESIAN_POINT('',(-1.5,1.370161983046,0.6075));
#103 = CARTESIAN_POINT('',(-1.49999872527,1.370483639458,0.607514058237)
  );
#104 = CARTESIAN_POINT('',(-1.499998940628,1.370808048545,0.607501275102
    ));
#105 = CARTESIAN_POINT('',(-1.499997750431,1.370967870763,0.607510968477
    ));
#106 = ORIENTED_EDGE('',*,*,#21,.T.);
#107 = ORIENTED_EDGE('',*,*,#108,.T.);
#108 = EDGE_CURVE('',#24,#109,#111,.T.);
#109 = VERTEX_POINT('',#110);
#110 = CARTESIAN_POINT('',(-1.37,1.5,0.6075));
#111 = B_SPLINE_CURVE_WITH_KNOTS('',3,(#112,#113,#114,#115,#116),
  .UNSPECIFIED.,.F.,.F.,(4,1,4),(0.,0.5,1.),.QUASI_UNIFORM_KNOTS.);
#112 = CARTESIAN_POINT('',(-1.370967870763,1.499997750431,0.607510968477
    ));
#113 = CARTESIAN_POINT('',(-1.370808048545,1.499998940628,0.607501275102
    ));
#114 = CARTESIAN_POINT('',(-1.370483639458,1.49999872527,0.607514058237)
  );
#115 = CARTESIAN_POINT('',(-1.370161983046,1.5,0.6075));
#116 = CARTESIAN_POINT('',(-1.37,1.5,0.6075));
#117 = ORIENTED_EDGE('',*,*,#118,.T.);
#118 = EDGE_CURVE('',#109,#119,#121,.T.);
#119 = VERTEX_POINT('',#120);
#120 = CARTESIAN_POINT('',(-1.37,1.5,0.4575));
#121 = LINE('',#122,#123);
#122 = CARTESIAN_POINT('',(-1.37,1.5,0.6075));
#123 = VECTOR('',#124,1.);
#124 = DIRECTION('',(0.,0.,-1.));
#125 = ORIENTED_EDGE('',*,*,#126,.F.);
#126 = EDGE_CURVE('',#127,#119,#129,.T.);
#127 = VERTEX_POINT('',#128);
#128 = CARTESIAN_POINT('',(-1.370967869958,1.499997749604,0.457489024786
    ));
#129 = B_SPLINE_CURVE_WITH_KNOTS('',3,(#130,#131,#132,#133),
  .UNSPECIFIED.,.F.,.F.,(4,4),(0.,1.),.PIECEWISE_BEZIER_KNOTS.);
#130 = CARTESIAN_POINT('',(-1.370967869958,1.499997749604,0.457489024786
    ));
#131 = CARTESIAN_POINT('',(-1.370646516501,1.500000142725,0.457508515192
    ));
#132 = CARTESIAN_POINT('',(-1.370321952865,1.5,0.4575));
#133 = CARTESIAN_POINT('',(-1.37,1.5,0.4575));
#134 = ORIENTED_EDGE('',*,*,#135,.F.);
#135 = EDGE_CURVE('',#136,#127,#138,.T.);
#136 = VERTEX_POINT('',#137);
#137 = CARTESIAN_POINT('',(-1.499997749604,1.370967869959,0.457489024786
    ));
#138 = B_SPLINE_CURVE_WITH_KNOTS('',3,(#139,#140,#141,#142,#143,#144,
    #145,#146,#147,#148,#149,#150,#151,#152,#153,#154,#155,#156,#157,
    #158,#159,#160,#161,#162,#163),.UNSPECIFIED.,.F.,.F.,(4,1,1,1,1,1,1,
    1,1,1,1,1,1,1,1,1,1,1,1,1,1,1,4),(0.,4.545454545455E-02,
    9.090909090909E-02,0.136363636364,0.181818181818,0.227272727273,
    0.272727272727,0.318181818182,0.363636363636,0.409090909091,
    0.454545454545,0.5,0.545454545455,0.590909090909,0.636363636364,
    0.681818181818,0.727272727273,0.772727272727,0.818181818182,
    0.863636363636,0.909090909091,0.954545454545,1.),.UNSPECIFIED.);
#139 = CARTESIAN_POINT('',(-1.499997749604,1.370967869959,0.457489024786
    ));
#140 = CARTESIAN_POINT('',(-1.499974896773,1.374036597531,0.457489024786
    ));
#141 = CARTESIAN_POINT('',(-1.499710583198,1.380156908407,0.457505093615
    ));
#142 = CARTESIAN_POINT('',(-1.498669183747,1.389300435103,0.45749863517)
  );
#143 = CARTESIAN_POINT('',(-1.496983509283,1.398343756217,0.457500365705
    ));
#144 = CARTESIAN_POINT('',(-1.494663207747,1.407246359254,0.45749990201)
  );
#145 = CARTESIAN_POINT('',(-1.491719553179,1.415962473715,0.457500026256
    ));
#146 = CARTESIAN_POINT('',(-1.488167350705,1.424448858857,0.457499992965
    ));
#147 = CARTESIAN_POINT('',(-1.484024336968,1.432662994516,0.457500001885
    ));
#148 = CARTESIAN_POINT('',(-1.479311232264,1.44056383639,0.457499999495)
  );
#149 = CARTESIAN_POINT('',(-1.474051599221,1.448111875834,0.457500000136
    ));
#150 = CARTESIAN_POINT('',(-1.468271735098,1.455269376356,0.457499999961
    ));
#151 = CARTESIAN_POINT('',(-1.462000537591,1.462000551849,0.457500000019
    ));
#152 = CARTESIAN_POINT('',(-1.455269361123,1.468271748316,0.457499999961
    ));
#153 = CARTESIAN_POINT('',(-1.448111859694,1.474051611338,0.457500000136
    ));
#154 = CARTESIAN_POINT('',(-1.440563819415,1.479311243223,0.457499999495
    ));
#155 = CARTESIAN_POINT('',(-1.432662976783,1.484024346715,0.457500001885
    ));
#156 = CARTESIAN_POINT('',(-1.424448840437,1.488167359193,0.457499992965
    ));
#157 = CARTESIAN_POINT('',(-1.415962454713,1.491719560359,0.457500026256
    ));
#158 = CARTESIAN_POINT('',(-1.407246339665,1.494663213593,0.45749990201)
  );
#159 = CARTESIAN_POINT('',(-1.398343736462,1.496983513706,0.457500365705
    ));
#160 = CARTESIAN_POINT('',(-1.389300414017,1.498669186922,0.45749863517)
  );
#161 = CARTESIAN_POINT('',(-1.380156890366,1.499710584393,0.457505093615
    ));
#162 = CARTESIAN_POINT('',(-1.37403659037,1.499974896826,0.457489024786)
  );
#163 = CARTESIAN_POINT('',(-1.370967869958,1.499997749604,0.457489024786
    ));
#164 = ORIENTED_EDGE('',*,*,#165,.F.);
#165 = EDGE_CURVE('',#92,#136,#166,.T.);
#166 = B_SPLINE_CURVE_WITH_KNOTS('',3,(#167,#168,#169,#170),
  .UNSPECIFIED.,.F.,.F.,(4,4),(0.,1.),.PIECEWISE_BEZIER_KNOTS.);
#167 = CARTESIAN_POINT('',(-1.5,1.37,0.4575));
#168 = CARTESIAN_POINT('',(-1.5,1.370321952865,0.4575));
#169 = CARTESIAN_POINT('',(-1.500000142725,1.370646516502,0.457508515192
    ));
#170 = CARTESIAN_POINT('',(-1.499997749604,1.370967869959,0.457489024786
    ));
#171 = CYLINDRICAL_SURFACE('',#172,0.13);
#172 = AXIS2_PLACEMENT_3D('',#173,#174,#175);
#173 = CARTESIAN_POINT('',(-1.37,1.37,0.6075));
#174 = DIRECTION('',(0.,0.,-1.));
#175 = DIRECTION('',(0.,1.,0.));
#176 = ADVANCED_FACE('',(#177),#203,.T.);
#177 = FACE_BOUND('',#178,.T.);
#178 = EDGE_LOOP('',(#179,#190,#196,#197));
#179 = ORIENTED_EDGE('',*,*,#180,.T.);
#180 = EDGE_CURVE('',#181,#183,#185,.T.);
#181 = VERTEX_POINT('',#182);
#182 = CARTESIAN_POINT('',(-1.470121234798,1.341090235085,0.850843014643
    ));
#183 = VERTEX_POINT('',#184);
#184 = CARTESIAN_POINT('',(-1.341090235085,1.470121234798,0.850843014643
    ));
#185 = CIRCLE('',#186,0.13);
#186 = AXIS2_PLACEMENT_3D('',#187,#188,#189);
#187 = CARTESIAN_POINT('',(-1.341090235085,1.341090235085,0.835));
#188 = DIRECTION('',(-0.120974291151,0.120974291151,-0.985256536015));
#189 = DIRECTION('',(-0.992546151641,-1.068416188854E-14,0.121869343405)
  );
#190 = ORIENTED_EDGE('',*,*,#191,.F.);
#191 = EDGE_CURVE('',#24,#183,#192,.T.);
#192 = LINE('',#193,#194);
#193 = CARTESIAN_POINT('',(-1.370967870763,1.499997750431,0.607510968477
    ));
#194 = VECTOR('',#195,1.);
#195 = DIRECTION('',(0.120975211369,-0.120970676282,0.98525686687));
#196 = ORIENTED_EDGE('',*,*,#53,.F.);
#197 = ORIENTED_EDGE('',*,*,#198,.T.);
#198 = EDGE_CURVE('',#22,#181,#199,.T.);
#199 = LINE('',#200,#201);
#200 = CARTESIAN_POINT('',(-1.499997750431,1.370967870763,0.607510968477
    ));
#201 = VECTOR('',#202,1.);
#202 = DIRECTION('',(0.120970676282,-0.120975211369,0.98525686687));
#203 = CYLINDRICAL_SURFACE('',#204,0.13);
#204 = AXIS2_PLACEMENT_3D('',#205,#206,#207);
#205 = CARTESIAN_POINT('',(-1.370969000287,1.370969000287,0.591656985357
    ));
#206 = DIRECTION('',(-0.120974291151,0.120974291151,-0.985256536015));
#207 = DIRECTION('',(-0.992546151641,-1.068416188854E-14,0.121869343405)
  );
#208 = ADVANCED_FACE('',(#209),#234,.T.);
#209 = FACE_BOUND('',#210,.F.);
#210 = EDGE_LOOP('',(#211,#219,#220,#228));
#211 = ORIENTED_EDGE('',*,*,#212,.T.);
#212 = EDGE_CURVE('',#213,#92,#215,.T.);
#213 = VERTEX_POINT('',#214);
#214 = CARTESIAN_POINT('',(-1.5,-1.37,0.4575));
#215 = LINE('',#216,#217);
#216 = CARTESIAN_POINT('',(-1.5,-1.37,0.4575));
#217 = VECTOR('',#218,1.);
#218 = DIRECTION('',(0.,1.,0.));
#219 = ORIENTED_EDGE('',*,*,#89,.F.);
#220 = ORIENTED_EDGE('',*,*,#221,.F.);
#221 = EDGE_CURVE('',#222,#90,#224,.T.);
#222 = VERTEX_POINT('',#223);
#223 = CARTESIAN_POINT('',(-1.5,-1.37,0.6075));
#224 = LINE('',#225,#226);
#225 = CARTESIAN_POINT('',(-1.5,-1.37,0.6075));
#226 = VECTOR('',#227,1.);
#227 = DIRECTION('',(0.,1.,0.));
#228 = ORIENTED_EDGE('',*,*,#229,.T.);
#229 = EDGE_CURVE('',#222,#213,#230,.T.);
#230 = LINE('',#231,#232);
#231 = CARTESIAN_POINT('',(-1.5,-1.37,0.6075));
#232 = VECTOR('',#233,1.);
#233 = DIRECTION('',(0.,0.,-1.));
#234 = PLANE('',#235);
#235 = AXIS2_PLACEMENT_3D('',#236,#237,#238);
#236 = CARTESIAN_POINT('',(-1.5,-1.37,0.6075));
#237 = DIRECTION('',(-1.,0.,0.));
#238 = DIRECTION('',(0.,1.,0.));
#239 = ADVANCED_FACE('',(#240),#269,.T.);
#240 = FACE_BOUND('',#241,.F.);
#241 = EDGE_LOOP('',(#242,#243,#251,#259,#267,#268));
#242 = ORIENTED_EDGE('',*,*,#198,.T.);
#243 = ORIENTED_EDGE('',*,*,#244,.T.);
#244 = EDGE_CURVE('',#181,#245,#247,.T.);
#245 = VERTEX_POINT('',#246);
#246 = CARTESIAN_POINT('',(-1.470121234798,-1.341090235085,
    0.850843014643));
#247 = LINE('',#248,#249);
#248 = CARTESIAN_POINT('',(-1.470121234798,1.341090235085,0.850843014643
    ));
#249 = VECTOR('',#250,1.);
#250 = DIRECTION('',(0.,-1.,0.));
#251 = ORIENTED_EDGE('',*,*,#252,.F.);
#252 = EDGE_CURVE('',#253,#245,#255,.T.);
#253 = VERTEX_POINT('',#254);
#254 = CARTESIAN_POINT('',(-1.499997750431,-1.370967870763,
    0.607510968477));
#255 = LINE('',#256,#257);
#256 = CARTESIAN_POINT('',(-1.499997750431,-1.370967870763,
    0.607510968477));
#257 = VECTOR('',#258,1.);
#258 = DIRECTION('',(0.120970676282,0.120975211369,0.98525686687));
#259 = ORIENTED_EDGE('',*,*,#260,.T.);
#260 = EDGE_CURVE('',#253,#222,#261,.T.);
#261 = B_SPLINE_CURVE_WITH_KNOTS('',3,(#262,#263,#264,#265,#266),
  .UNSPECIFIED.,.F.,.F.,(4,1,4),(0.,0.5,1.),.QUASI_UNIFORM_KNOTS.);
#262 = CARTESIAN_POINT('',(-1.499997750431,-1.370967870763,
    0.607510968477));
#263 = CARTESIAN_POINT('',(-1.499998940628,-1.370808048545,
    0.607501275102));
#264 = CARTESIAN_POINT('',(-1.49999872527,-1.370483639458,0.607514058237
    ));
#265 = CARTESIAN_POINT('',(-1.5,-1.370161983046,0.6075));
#266 = CARTESIAN_POINT('',(-1.5,-1.37,0.6075));
#267 = ORIENTED_EDGE('',*,*,#221,.T.);
#268 = ORIENTED_EDGE('',*,*,#99,.T.);
#269 = PLANE('',#270);
#270 = AXIS2_PLACEMENT_3D('',#271,#272,#273);
#271 = CARTESIAN_POINT('',(-1.5,1.5,0.6075));
#272 = DIRECTION('',(-0.992546151641,0.,0.121869343405));
#273 = DIRECTION('',(0.,-1.,0.));
#274 = ADVANCED_FACE('',(#275),#311,.T.);
#275 = FACE_BOUND('',#276,.F.);
#276 = EDGE_LOOP('',(#277,#278,#279,#287,#297,#305));
#277 = ORIENTED_EDGE('',*,*,#191,.F.);
#278 = ORIENTED_EDGE('',*,*,#108,.T.);
#279 = ORIENTED_EDGE('',*,*,#280,.F.);
#280 = EDGE_CURVE('',#281,#109,#283,.T.);
#281 = VERTEX_POINT('',#282);
#282 = CARTESIAN_POINT('',(1.37,1.5,0.6075));
#283 = LINE('',#284,#285);
#284 = CARTESIAN_POINT('',(1.37,1.5,0.6075));
#285 = VECTOR('',#286,1.);
#286 = DIRECTION('',(-1.,0.,0.));
#287 = ORIENTED_EDGE('',*,*,#288,.T.);
#288 = EDGE_CURVE('',#281,#289,#291,.T.);
#289 = VERTEX_POINT('',#290);
#290 = CARTESIAN_POINT('',(1.370967870763,1.499997750431,0.607510968477)
  );
#291 = B_SPLINE_CURVE_WITH_KNOTS('',3,(#292,#293,#294,#295,#296),
  .UNSPECIFIED.,.F.,.F.,(4,1,4),(0.,0.5,1.),.QUASI_UNIFORM_KNOTS.);
#292 = CARTESIAN_POINT('',(1.37,1.5,0.6075));
#293 = CARTESIAN_POINT('',(1.370161983046,1.5,0.6075));
#294 = CARTESIAN_POINT('',(1.370483639458,1.49999872527,0.607514058237)
  );
#295 = CARTESIAN_POINT('',(1.370808048545,1.499998940628,0.607501275102)
  );
#296 = CARTESIAN_POINT('',(1.370967870763,1.499997750431,0.607510968477)
  );
#297 = ORIENTED_EDGE('',*,*,#298,.T.);
#298 = EDGE_CURVE('',#289,#299,#301,.T.);
#299 = VERTEX_POINT('',#300);
#300 = CARTESIAN_POINT('',(1.341090235085,1.470121234798,0.850843014643)
  );
#301 = LINE('',#302,#303);
#302 = CARTESIAN_POINT('',(1.370967870763,1.499997750431,0.607510968477)
  );
#303 = VECTOR('',#304,1.);
#304 = DIRECTION('',(-0.120975211369,-0.120970676282,0.98525686687));
#305 = ORIENTED_EDGE('',*,*,#306,.T.);
#306 = EDGE_CURVE('',#299,#183,#307,.T.);
#307 = LINE('',#308,#309);
#308 = CARTESIAN_POINT('',(1.341090235085,1.470121234798,0.850843014643)
  );
#309 = VECTOR('',#310,1.);
#310 = DIRECTION('',(-1.,0.,0.));
#311 = PLANE('',#312);
#312 = AXIS2_PLACEMENT_3D('',#313,#314,#315);
#313 = CARTESIAN_POINT('',(1.5,1.5,0.6075));
#314 = DIRECTION('',(0.,0.992546151641,0.121869343405));
#315 = DIRECTION('',(-1.,0.,0.));
#316 = ADVANCED_FACE('',(#317),#335,.T.);
#317 = FACE_BOUND('',#318,.F.);
#318 = EDGE_LOOP('',(#319,#327,#333,#334));
#319 = ORIENTED_EDGE('',*,*,#320,.T.);
#320 = EDGE_CURVE('',#119,#321,#323,.T.);
#321 = VERTEX_POINT('',#322);
#322 = CARTESIAN_POINT('',(1.37,1.5,0.4575));
#323 = LINE('',#324,#325);
#324 = CARTESIAN_POINT('',(-1.37,1.5,0.4575));
#325 = VECTOR('',#326,1.);
#326 = DIRECTION('',(1.,0.,0.));
#327 = ORIENTED_EDGE('',*,*,#328,.F.);
#328 = EDGE_CURVE('',#281,#321,#329,.T.);
#329 = LINE('',#330,#331);
#330 = CARTESIAN_POINT('',(1.37,1.5,0.6075));
#331 = VECTOR('',#332,1.);
#332 = DIRECTION('',(1.7763568394E-14,0.,-1.));
#333 = ORIENTED_EDGE('',*,*,#280,.T.);
#334 = ORIENTED_EDGE('',*,*,#118,.T.);
#335 = PLANE('',#336);
#336 = AXIS2_PLACEMENT_3D('',#337,#338,#339);
#337 = CARTESIAN_POINT('',(-1.37,1.5,0.6075));
#338 = DIRECTION('',(0.,1.,0.));
#339 = DIRECTION('',(1.,0.,0.));
#340 = ADVANCED_FACE('',(#341),#376,.T.);
#341 = FACE_BOUND('',#342,.T.);
#342 = EDGE_LOOP('',(#343,#352,#360,#368,#374,#375));
#343 = ORIENTED_EDGE('',*,*,#344,.T.);
#344 = EDGE_CURVE('',#321,#345,#347,.T.);
#345 = VERTEX_POINT('',#346);
#346 = CARTESIAN_POINT('',(1.370967869959,1.499997749604,0.457489024786)
  );
#347 = B_SPLINE_CURVE_WITH_KNOTS('',3,(#348,#349,#350,#351),
  .UNSPECIFIED.,.F.,.F.,(4,4),(0.,1.),.PIECEWISE_BEZIER_KNOTS.);
#348 = CARTESIAN_POINT('',(1.37,1.5,0.4575));
#349 = CARTESIAN_POINT('',(1.370321952865,1.5,0.4575));
#350 = CARTESIAN_POINT('',(1.370646516502,1.500000142725,0.457508515192)
  );
#351 = CARTESIAN_POINT('',(1.370967869959,1.499997749604,0.457489024786)
  );
#352 = ORIENTED_EDGE('',*,*,#353,.T.);
#353 = EDGE_CURVE('',#345,#354,#356,.T.);
#354 = VERTEX_POINT('',#355);
#355 = CARTESIAN_POINT('',(1.341090235085,1.470121234798,0.214156985357)
  );
#356 = LINE('',#357,#358);
#357 = CARTESIAN_POINT('',(1.370967869959,1.499997749604,0.457489024786)
  );
#358 = VECTOR('',#359,1.);
#359 = DIRECTION('',(-0.120975211462,-0.12097067628,-0.985256866859));
#360 = ORIENTED_EDGE('',*,*,#361,.F.);
#361 = EDGE_CURVE('',#362,#354,#364,.T.);
#362 = VERTEX_POINT('',#363);
#363 = CARTESIAN_POINT('',(-1.341090235085,1.470121234798,0.214156985357
    ));
#364 = LINE('',#365,#366);
#365 = CARTESIAN_POINT('',(-1.341090235085,1.470121234798,0.214156985357
    ));
#366 = VECTOR('',#367,1.);
#367 = DIRECTION('',(1.,0.,0.));
#368 = ORIENTED_EDGE('',*,*,#369,.F.);
#369 = EDGE_CURVE('',#127,#362,#370,.T.);
#370 = LINE('',#371,#372);
#371 = CARTESIAN_POINT('',(-1.370967869958,1.499997749604,0.457489024786
    ));
#372 = VECTOR('',#373,1.);
#373 = DIRECTION('',(0.120975211459,-0.12097067628,-0.985256866859));
#374 = ORIENTED_EDGE('',*,*,#126,.T.);
#375 = ORIENTED_EDGE('',*,*,#320,.T.);
#376 = PLANE('',#377);
#377 = AXIS2_PLACEMENT_3D('',#378,#379,#380);
#378 = CARTESIAN_POINT('',(-1.5,1.5,0.4575));
#379 = DIRECTION('',(0.,0.992546151641,-0.121869343405));
#380 = DIRECTION('',(1.,0.,0.));
#381 = ADVANCED_FACE('',(#382),#413,.F.);
#382 = FACE_BOUND('',#383,.F.);
#383 = EDGE_LOOP('',(#384,#385));
#384 = ORIENTED_EDGE('',*,*,#135,.F.);
#385 = ORIENTED_EDGE('',*,*,#386,.F.);
#386 = EDGE_CURVE('',#127,#136,#387,.T.);
#387 = B_SPLINE_CURVE_WITH_KNOTS('',3,(#388,#389,#390,#391,#392,#393,
    #394,#395,#396,#397,#398,#399,#400,#401,#402,#403,#404,#405,#406,
    #407,#408,#409,#410,#411,#412),.UNSPECIFIED.,.F.,.F.,(4,1,1,1,1,1,1,
    1,1,1,1,1,1,1,1,1,1,1,1,1,1,1,4),(0.,4.545454545455E-02,
    9.090909090909E-02,0.136363636364,0.181818181818,0.227272727273,
    0.272727272727,0.318181818182,0.363636363636,0.409090909091,
    0.454545454545,0.5,0.545454545455,0.590909090909,0.636363636364,
    0.681818181818,0.727272727273,0.772727272727,0.818181818182,
    0.863636363636,0.909090909091,0.954545454545,1.),.UNSPECIFIED.);
#388 = CARTESIAN_POINT('',(-1.370967869958,1.499997749604,0.457489024786
    ));
#389 = CARTESIAN_POINT('',(-1.374076222437,1.499997749604,0.457489024786
    ));
#390 = CARTESIAN_POINT('',(-1.380270202651,1.499780650796,0.457505093615
    ));
#391 = CARTESIAN_POINT('',(-1.38952169345,1.498787310038,0.45749863517)
  );
#392 = CARTESIAN_POINT('',(-1.398627520191,1.497148485879,0.457500365705
    ));
#393 = CARTESIAN_POINT('',(-1.407594085591,1.494865959888,0.45749990201)
  );
#394 = CARTESIAN_POINT('',(-1.416362958439,1.491952251725,0.457500026256
    ));
#395 = CARTESIAN_POINT('',(-1.424861979156,1.488437588878,0.457499992965
    ));
#396 = CARTESIAN_POINT('',(-1.433100702598,1.484319860128,0.457500001885
    ));
#397 = CARTESIAN_POINT('',(-1.441007071307,1.479632527598,0.457499999495
    ));
#398 = CARTESIAN_POINT('',(-1.448537642935,1.474408282953,0.457500000136
    ));
#399 = CARTESIAN_POINT('',(-1.455693055484,1.4686449813,0.457499999961)
  );
#400 = CARTESIAN_POINT('',(-1.462400232537,1.462400232537,0.457500000019
    ));
#401 = CARTESIAN_POINT('',(-1.4686449813,1.455693055484,0.457499999961)
  );
#402 = CARTESIAN_POINT('',(-1.474408282953,1.448537642935,0.457500000136
    ));
#403 = CARTESIAN_POINT('',(-1.479632527598,1.441007071307,0.457499999495
    ));
#404 = CARTESIAN_POINT('',(-1.484319860128,1.433100702598,0.457500001885
    ));
#405 = CARTESIAN_POINT('',(-1.488437588878,1.424861979156,0.457499992965
    ));
#406 = CARTESIAN_POINT('',(-1.491952251725,1.416362958439,0.457500026256
    ));
#407 = CARTESIAN_POINT('',(-1.494865959888,1.407594085591,0.45749990201)
  );
#408 = CARTESIAN_POINT('',(-1.497148485879,1.398627520191,0.457500365705
    ));
#409 = CARTESIAN_POINT('',(-1.498787310038,1.38952169345,0.45749863517)
  );
#410 = CARTESIAN_POINT('',(-1.499780650796,1.380270202651,0.457505093615
    ));
#411 = CARTESIAN_POINT('',(-1.499997749604,1.374076222437,0.457489024786
    ));
#412 = CARTESIAN_POINT('',(-1.499997749604,1.370967869959,0.457489024786
    ));
#413 = PLANE('',#414);
#414 = AXIS2_PLACEMENT_3D('',#415,#416,#417);
#415 = CARTESIAN_POINT('',(-1.5,-1.5,0.4575));
#416 = DIRECTION('',(0.,0.,-1.));
#417 = DIRECTION('',(0.,1.,0.));
#418 = ADVANCED_FACE('',(#419),#454,.T.);
#419 = FACE_BOUND('',#420,.T.);
#420 = EDGE_LOOP('',(#421,#422,#430,#438,#446,#453));
#421 = ORIENTED_EDGE('',*,*,#165,.T.);
#422 = ORIENTED_EDGE('',*,*,#423,.T.);
#423 = EDGE_CURVE('',#136,#424,#426,.T.);
#424 = VERTEX_POINT('',#425);
#425 = CARTESIAN_POINT('',(-1.470121234798,1.341090235085,0.214156985357
    ));
#426 = LINE('',#427,#428);
#427 = CARTESIAN_POINT('',(-1.499997749604,1.370967869959,0.457489024786
    ));
#428 = VECTOR('',#429,1.);
#429 = DIRECTION('',(0.12097067628,-0.120975211462,-0.985256866859));
#430 = ORIENTED_EDGE('',*,*,#431,.F.);
#431 = EDGE_CURVE('',#432,#424,#434,.T.);
#432 = VERTEX_POINT('',#433);
#433 = CARTESIAN_POINT('',(-1.470121234798,-1.341090235085,
    0.214156985357));
#434 = LINE('',#435,#436);
#435 = CARTESIAN_POINT('',(-1.470121234798,-1.341090235085,
    0.214156985357));
#436 = VECTOR('',#437,1.);
#437 = DIRECTION('',(0.,1.,0.));
#438 = ORIENTED_EDGE('',*,*,#439,.F.);
#439 = EDGE_CURVE('',#440,#432,#442,.T.);
#440 = VERTEX_POINT('',#441);
#441 = CARTESIAN_POINT('',(-1.499997749604,-1.370967869958,
    0.457489024786));
#442 = LINE('',#443,#444);
#443 = CARTESIAN_POINT('',(-1.499997749604,-1.370967869958,
    0.457489024786));
#444 = VECTOR('',#445,1.);
#445 = DIRECTION('',(0.12097067628,0.120975211459,-0.985256866859));
#446 = ORIENTED_EDGE('',*,*,#447,.T.);
#447 = EDGE_CURVE('',#440,#213,#448,.T.);
#448 = B_SPLINE_CURVE_WITH_KNOTS('',3,(#449,#450,#451,#452),
  .UNSPECIFIED.,.F.,.F.,(4,4),(0.,1.),.PIECEWISE_BEZIER_KNOTS.);
#449 = CARTESIAN_POINT('',(-1.499997749604,-1.370967869958,
    0.457489024786));
#450 = CARTESIAN_POINT('',(-1.500000142725,-1.370646516501,
    0.457508515192));
#451 = CARTESIAN_POINT('',(-1.5,-1.370321952865,0.4575));
#452 = CARTESIAN_POINT('',(-1.5,-1.37,0.4575));
#453 = ORIENTED_EDGE('',*,*,#212,.T.);
#454 = PLANE('',#455);
#455 = AXIS2_PLACEMENT_3D('',#456,#457,#458);
#456 = CARTESIAN_POINT('',(-1.5,-1.5,0.4575));
#457 = DIRECTION('',(-0.992546151641,0.,-0.121869343405));
#458 = DIRECTION('',(0.,1.,0.));
#459 = ADVANCED_FACE('',(#460),#479,.T.);
#460 = FACE_BOUND('',#461,.T.);
#461 = EDGE_LOOP('',(#462,#471,#478));
#462 = ORIENTED_EDGE('',*,*,#463,.F.);
#463 = EDGE_CURVE('',#464,#181,#466,.T.);
#464 = VERTEX_POINT('',#465);
#465 = CARTESIAN_POINT('',(-1.341090235085,1.341090235085,0.965));
#466 = CIRCLE('',#467,0.13);
#467 = AXIS2_PLACEMENT_3D('',#468,#469,#470);
#468 = CARTESIAN_POINT('',(-1.341090235085,1.341090235085,0.835));
#469 = DIRECTION('',(0.,-1.,0.));
#470 = DIRECTION('',(0.,0.,1.));
#471 = ORIENTED_EDGE('',*,*,#472,.F.);
#472 = EDGE_CURVE('',#183,#464,#473,.T.);
#473 = CIRCLE('',#474,0.13);
#474 = AXIS2_PLACEMENT_3D('',#475,#476,#477);
#475 = CARTESIAN_POINT('',(-1.341090235085,1.341090235085,0.835));
#476 = DIRECTION('',(1.,0.,-0.));
#477 = DIRECTION('',(0.,0.992546151641,0.121869343405));
#478 = ORIENTED_EDGE('',*,*,#180,.F.);
#479 = SPHERICAL_SURFACE('',#480,0.13);
#480 = AXIS2_PLACEMENT_3D('',#481,#482,#483);
#481 = CARTESIAN_POINT('',(-1.341090235085,1.341090235085,0.835));
#482 = DIRECTION('',(-0.748955720789,0.,-0.662620048216));
#483 = DIRECTION('',(-0.662620048216,0.,0.748955720789));
#484 = ADVANCED_FACE('',(#485),#575,.T.);
#485 = FACE_BOUND('',#486,.T.);
#486 = EDGE_LOOP('',(#487,#497,#507,#535,#536,#537,#538,#568));
#487 = ORIENTED_EDGE('',*,*,#488,.F.);
#488 = EDGE_CURVE('',#489,#491,#493,.T.);
#489 = VERTEX_POINT('',#490);
#490 = CARTESIAN_POINT('',(-1.37,-1.5,0.6075));
#491 = VERTEX_POINT('',#492);
#492 = CARTESIAN_POINT('',(-1.370000000001,-1.5,0.4575));
#493 = LINE('',#494,#495);
#494 = CARTESIAN_POINT('',(-1.37,-1.5,0.6075));
#495 = VECTOR('',#496,1.);
#496 = DIRECTION('',(-9.935755921713E-12,0.,-1.));
#497 = ORIENTED_EDGE('',*,*,#498,.T.);
#498 = EDGE_CURVE('',#489,#499,#501,.T.);
#499 = VERTEX_POINT('',#500);
#500 = CARTESIAN_POINT('',(-1.370967870763,-1.499997750431,
    0.607510968477));
#501 = B_SPLINE_CURVE_WITH_KNOTS('',3,(#502,#503,#504,#505,#506),
  .UNSPECIFIED.,.F.,.F.,(4,1,4),(0.,0.5,1.),.QUASI_UNIFORM_KNOTS.);
#502 = CARTESIAN_POINT('',(-1.37,-1.5,0.6075));
#503 = CARTESIAN_POINT('',(-1.370161983046,-1.5,0.6075));
#504 = CARTESIAN_POINT('',(-1.370483639458,-1.49999872527,0.607514058237
    ));
#505 = CARTESIAN_POINT('',(-1.370808048545,-1.499998940628,
    0.607501275102));
#506 = CARTESIAN_POINT('',(-1.370967870763,-1.499997750431,
    0.607510968477));
#507 = ORIENTED_EDGE('',*,*,#508,.T.);
#508 = EDGE_CURVE('',#499,#253,#509,.T.);
#509 = B_SPLINE_CURVE_WITH_KNOTS('',3,(#510,#511,#512,#513,#514,#515,
    #516,#517,#518,#519,#520,#521,#522,#523,#524,#525,#526,#527,#528,
    #529,#530,#531,#532,#533,#534),.UNSPECIFIED.,.F.,.F.,(4,1,1,1,1,1,1,
    1,1,1,1,1,1,1,1,1,1,1,1,1,1,1,4),(0.,4.545454545455E-02,
    9.090909090909E-02,0.136363636364,0.181818181818,0.227272727273,
    0.272727272727,0.318181818182,0.363636363636,0.409090909091,
    0.454545454545,0.5,0.545454545455,0.590909090909,0.636363636364,
    0.681818181818,0.727272727273,0.772727272727,0.818181818182,
    0.863636363636,0.909090909091,0.954545454545,1.),.UNSPECIFIED.);
#510 = CARTESIAN_POINT('',(-1.370967870763,-1.499997750431,
    0.607510968477));
#511 = CARTESIAN_POINT('',(-1.374036580969,-1.499974897732,
    0.607510968477));
#512 = CARTESIAN_POINT('',(-1.38015686307,-1.499710585847,0.607494909512
    ));
#513 = CARTESIAN_POINT('',(-1.389300383314,-1.498669191466,
    0.607501363992));
#514 = CARTESIAN_POINT('',(-1.398343692508,-1.496983523188,
    0.607499634519));
#515 = CARTESIAN_POINT('',(-1.407246290513,-1.494663228194,0.60750009793
    ));
#516 = CARTESIAN_POINT('',(-1.415962403455,-1.491719579665,0.60749997376
    ));
#517 = CARTESIAN_POINT('',(-1.424448791317,-1.488167381898,
    0.607500007031));
#518 = CARTESIAN_POINT('',(-1.432662933416,-1.484024370721,
    0.607499998116));
#519 = CARTESIAN_POINT('',(-1.440563785095,-1.479311265679,
    0.607500000505));
#520 = CARTESIAN_POINT('',(-1.448111837257,-1.474051628605,
    0.607499999864));
#521 = CARTESIAN_POINT('',(-1.455269352526,-1.468271756382,
    0.607500000039));
#522 = CARTESIAN_POINT('',(-1.462000545104,-1.462000545104,
    0.607499999981));
#523 = CARTESIAN_POINT('',(-1.468271756382,-1.455269352526,
    0.607500000039));
#524 = CARTESIAN_POINT('',(-1.474051628605,-1.448111837257,
    0.607499999864));
#525 = CARTESIAN_POINT('',(-1.479311265679,-1.440563785095,
    0.607500000505));
#526 = CARTESIAN_POINT('',(-1.484024370721,-1.432662933416,
    0.607499998116));
#527 = CARTESIAN_POINT('',(-1.488167381898,-1.424448791317,
    0.607500007031));
#528 = CARTESIAN_POINT('',(-1.491719579665,-1.415962403455,0.60749997376
    ));
#529 = CARTESIAN_POINT('',(-1.494663228194,-1.407246290513,0.60750009793
    ));
#530 = CARTESIAN_POINT('',(-1.496983523188,-1.398343692508,
    0.607499634519));
#531 = CARTESIAN_POINT('',(-1.498669191466,-1.389300383314,
    0.607501363992));
#532 = CARTESIAN_POINT('',(-1.499710585847,-1.38015686307,0.607494909512
    ));
#533 = CARTESIAN_POINT('',(-1.499974897732,-1.374036580969,
    0.607510968477));
#534 = CARTESIAN_POINT('',(-1.499997750431,-1.370967870763,
    0.607510968477));
#535 = ORIENTED_EDGE('',*,*,#260,.T.);
#536 = ORIENTED_EDGE('',*,*,#229,.T.);
#537 = ORIENTED_EDGE('',*,*,#447,.F.);
#538 = ORIENTED_EDGE('',*,*,#539,.F.);
#539 = EDGE_CURVE('',#540,#440,#542,.T.);
#540 = VERTEX_POINT('',#541);
#541 = CARTESIAN_POINT('',(-1.370967869959,-1.499997749604,
    0.457489024786));
#542 = B_SPLINE_CURVE_WITH_KNOTS('',3,(#543,#544,#545,#546,#547,#548,
    #549,#550,#551,#552,#553,#554,#555,#556,#557,#558,#559,#560,#561,
    #562,#563,#564,#565,#566,#567),.UNSPECIFIED.,.F.,.F.,(4,1,1,1,1,1,1,
    1,1,1,1,1,1,1,1,1,1,1,1,1,1,1,4),(0.,4.545454545455E-02,
    9.090909090909E-02,0.136363636364,0.181818181818,0.227272727273,
    0.272727272727,0.318181818182,0.363636363636,0.409090909091,
    0.454545454545,0.5,0.545454545455,0.590909090909,0.636363636364,
    0.681818181818,0.727272727273,0.772727272727,0.818181818182,
    0.863636363636,0.909090909091,0.954545454545,1.),.UNSPECIFIED.);
#543 = CARTESIAN_POINT('',(-1.370967869959,-1.499997749604,
    0.457489024786));
#544 = CARTESIAN_POINT('',(-1.37403659753,-1.499974896773,0.457489024786
    ));
#545 = CARTESIAN_POINT('',(-1.380156908403,-1.499710583198,
    0.457505093615));
#546 = CARTESIAN_POINT('',(-1.389300435101,-1.498669183747,0.45749863517
    ));
#547 = CARTESIAN_POINT('',(-1.398343756214,-1.496983509283,
    0.457500365705));
#548 = CARTESIAN_POINT('',(-1.407246359252,-1.494663207747,0.45749990201
    ));
#549 = CARTESIAN_POINT('',(-1.415962473713,-1.49171955318,0.457500026256
    ));
#550 = CARTESIAN_POINT('',(-1.424448858855,-1.488167350706,
    0.457499992965));
#551 = CARTESIAN_POINT('',(-1.432662994515,-1.484024336969,
    0.457500001885));
#552 = CARTESIAN_POINT('',(-1.440563836389,-1.479311232265,
    0.457499999495));
#553 = CARTESIAN_POINT('',(-1.448111875833,-1.474051599221,
    0.457500000136));
#554 = CARTESIAN_POINT('',(-1.455269376355,-1.468271735099,
    0.457499999961));
#555 = CARTESIAN_POINT('',(-1.462000551848,-1.462000537591,
    0.457500000019));
#556 = CARTESIAN_POINT('',(-1.468271748316,-1.455269361124,
    0.457499999961));
#557 = CARTESIAN_POINT('',(-1.474051611337,-1.448111859695,
    0.457500000136));
#558 = CARTESIAN_POINT('',(-1.479311243222,-1.440563819416,
    0.457499999495));
#559 = CARTESIAN_POINT('',(-1.484024346714,-1.432662976783,
    0.457500001885));
#560 = CARTESIAN_POINT('',(-1.488167359193,-1.424448840437,
    0.457499992965));
#561 = CARTESIAN_POINT('',(-1.491719560358,-1.415962454713,
    0.457500026256));
#562 = CARTESIAN_POINT('',(-1.494663213593,-1.407246339665,0.45749990201
    ));
#563 = CARTESIAN_POINT('',(-1.496983513706,-1.398343736463,
    0.457500365705));
#564 = CARTESIAN_POINT('',(-1.498669186922,-1.389300414017,0.45749863517
    ));
#565 = CARTESIAN_POINT('',(-1.499710584393,-1.380156890367,
    0.457505093615));
#566 = CARTESIAN_POINT('',(-1.499974896826,-1.37403659037,0.457489024786
    ));
#567 = CARTESIAN_POINT('',(-1.499997749604,-1.370967869958,
    0.457489024786));
#568 = ORIENTED_EDGE('',*,*,#569,.F.);
#569 = EDGE_CURVE('',#491,#540,#570,.T.);
#570 = B_SPLINE_CURVE_WITH_KNOTS('',3,(#571,#572,#573,#574),
  .UNSPECIFIED.,.F.,.F.,(4,4),(0.,1.),.PIECEWISE_BEZIER_KNOTS.);
#571 = CARTESIAN_POINT('',(-1.370000000001,-1.5,0.4575));
#572 = CARTESIAN_POINT('',(-1.370321952865,-1.5,0.4575));
#573 = CARTESIAN_POINT('',(-1.370646516503,-1.500000142725,
    0.457508515192));
#574 = CARTESIAN_POINT('',(-1.370967869959,-1.499997749604,
    0.457489024786));
#575 = CYLINDRICAL_SURFACE('',#576,0.13);
#576 = AXIS2_PLACEMENT_3D('',#577,#578,#579);
#577 = CARTESIAN_POINT('',(-1.37,-1.37,0.6075));
#578 = DIRECTION('',(0.,0.,-1.));
#579 = DIRECTION('',(0.,1.,0.));
#580 = ADVANCED_FACE('',(#581),#600,.T.);
#581 = FACE_BOUND('',#582,.T.);
#582 = EDGE_LOOP('',(#583,#584,#585,#594));
#583 = ORIENTED_EDGE('',*,*,#463,.T.);
#584 = ORIENTED_EDGE('',*,*,#244,.T.);
#585 = ORIENTED_EDGE('',*,*,#586,.T.);
#586 = EDGE_CURVE('',#245,#587,#589,.T.);
#587 = VERTEX_POINT('',#588);
#588 = CARTESIAN_POINT('',(-1.341090235085,-1.341090235085,0.965));
#589 = CIRCLE('',#590,0.13);
#590 = AXIS2_PLACEMENT_3D('',#591,#592,#593);
#591 = CARTESIAN_POINT('',(-1.341090235085,-1.341090235085,0.835));
#592 = DIRECTION('',(0.,1.,-0.));
#593 = DIRECTION('',(-0.992546151641,0.,0.121869343405));
#594 = ORIENTED_EDGE('',*,*,#595,.F.);
#595 = EDGE_CURVE('',#464,#587,#596,.T.);
#596 = LINE('',#597,#598);
#597 = CARTESIAN_POINT('',(-1.341090235085,1.341090235085,0.965));
#598 = VECTOR('',#599,1.);
#599 = DIRECTION('',(0.,-1.,0.));
#600 = CYLINDRICAL_SURFACE('',#601,0.13);
#601 = AXIS2_PLACEMENT_3D('',#602,#603,#604);
#602 = CARTESIAN_POINT('',(-1.341090235085,1.341090235085,0.835));
#603 = DIRECTION('',(0.,-1.,0.));
#604 = DIRECTION('',(0.,0.,1.));
#605 = ADVANCED_FACE('',(#606),#652,.T.);
#606 = FACE_BOUND('',#607,.T.);
#607 = EDGE_LOOP('',(#608,#617,#618,#646));
#608 = ORIENTED_EDGE('',*,*,#609,.T.);
#609 = EDGE_CURVE('',#610,#245,#612,.T.);
#610 = VERTEX_POINT('',#611);
#611 = CARTESIAN_POINT('',(-1.341090235085,-1.470121234798,
    0.850843014643));
#612 = CIRCLE('',#613,0.13);
#613 = AXIS2_PLACEMENT_3D('',#614,#615,#616);
#614 = CARTESIAN_POINT('',(-1.341090235085,-1.341090235085,0.835));
#615 = DIRECTION('',(-0.120974291151,-0.120974291151,-0.985256536015));
#616 = DIRECTION('',(1.068416188854E-14,-0.992546151641,0.121869343405)
  );
#617 = ORIENTED_EDGE('',*,*,#252,.F.);
#618 = ORIENTED_EDGE('',*,*,#619,.F.);
#619 = EDGE_CURVE('',#499,#253,#620,.T.);
#620 = B_SPLINE_CURVE_WITH_KNOTS('',3,(#621,#622,#623,#624,#625,#626,
    #627,#628,#629,#630,#631,#632,#633,#634,#635,#636,#637,#638,#639,
    #640,#641,#642,#643,#644,#645),.UNSPECIFIED.,.F.,.F.,(4,1,1,1,1,1,1,
    1,1,1,1,1,1,1,1,1,1,1,1,1,1,1,4),(0.,4.545454545455E-02,
    9.090909090909E-02,0.136363636364,0.181818181818,0.227272727273,
    0.272727272727,0.318181818182,0.363636363636,0.409090909091,
    0.454545454545,0.5,0.545454545455,0.590909090909,0.636363636364,
    0.681818181818,0.727272727273,0.772727272727,0.818181818182,
    0.863636363636,0.909090909091,0.954545454545,1.),.UNSPECIFIED.);
#621 = CARTESIAN_POINT('',(-1.370967870763,-1.499997750431,
    0.607510968477));
#622 = CARTESIAN_POINT('',(-1.374076223242,-1.499997750431,
    0.607510968477));
#623 = CARTESIAN_POINT('',(-1.380270202278,-1.499780650412,
    0.607494909512));
#624 = CARTESIAN_POINT('',(-1.38952169355,-1.498787310141,0.607501363992
    ));
#625 = CARTESIAN_POINT('',(-1.398627520164,-1.497148485851,
    0.607499634519));
#626 = CARTESIAN_POINT('',(-1.407594085598,-1.494865959895,0.60750009793
    ));
#627 = CARTESIAN_POINT('',(-1.416362958437,-1.491952251723,0.60749997376
    ));
#628 = CARTESIAN_POINT('',(-1.424861979157,-1.488437588878,
    0.607500007031));
#629 = CARTESIAN_POINT('',(-1.433100702598,-1.484319860127,
    0.607499998116));
#630 = CARTESIAN_POINT('',(-1.441007071307,-1.479632527598,
    0.607500000505));
#631 = CARTESIAN_POINT('',(-1.448537642935,-1.474408282953,
    0.607499999864));
#632 = CARTESIAN_POINT('',(-1.455693055484,-1.4686449813,0.607500000039)
  );
#633 = CARTESIAN_POINT('',(-1.462400232537,-1.462400232537,
    0.607499999981));
#634 = CARTESIAN_POINT('',(-1.4686449813,-1.455693055484,0.607500000039)
  );
#635 = CARTESIAN_POINT('',(-1.474408282953,-1.448537642935,
    0.607499999864));
#636 = CARTESIAN_POINT('',(-1.479632527598,-1.441007071307,
    0.607500000505));
#637 = CARTESIAN_POINT('',(-1.484319860127,-1.433100702598,
    0.607499998116));
#638 = CARTESIAN_POINT('',(-1.488437588878,-1.424861979157,
    0.607500007031));
#639 = CARTESIAN_POINT('',(-1.491952251723,-1.416362958437,0.60749997376
    ));
#640 = CARTESIAN_POINT('',(-1.494865959895,-1.407594085598,0.60750009793
    ));
#641 = CARTESIAN_POINT('',(-1.497148485851,-1.398627520164,
    0.607499634519));
#642 = CARTESIAN_POINT('',(-1.498787310141,-1.38952169355,0.607501363992
    ));
#643 = CARTESIAN_POINT('',(-1.499780650412,-1.380270202278,
    0.607494909512));
#644 = CARTESIAN_POINT('',(-1.499997750431,-1.374076223242,
    0.607510968477));
#645 = CARTESIAN_POINT('',(-1.499997750431,-1.370967870763,
    0.607510968477));
#646 = ORIENTED_EDGE('',*,*,#647,.T.);
#647 = EDGE_CURVE('',#499,#610,#648,.T.);
#648 = LINE('',#649,#650);
#649 = CARTESIAN_POINT('',(-1.370967870763,-1.499997750431,
    0.607510968477));
#650 = VECTOR('',#651,1.);
#651 = DIRECTION('',(0.120975211369,0.120970676282,0.98525686687));
#652 = CYLINDRICAL_SURFACE('',#653,0.13);
#653 = AXIS2_PLACEMENT_3D('',#654,#655,#656);
#654 = CARTESIAN_POINT('',(-1.370969000287,-1.370969000287,
    0.591656985357));
#655 = DIRECTION('',(-0.120974291151,-0.120974291151,-0.985256536015));
#656 = DIRECTION('',(1.068416188854E-14,-0.992546151641,0.121869343405)
  );
#657 = ADVANCED_FACE('',(#658),#748,.T.);
#658 = FACE_BOUND('',#659,.T.);
#659 = EDGE_LOOP('',(#660,#661,#662,#692,#702,#710,#719,#747));
#660 = ORIENTED_EDGE('',*,*,#328,.F.);
#661 = ORIENTED_EDGE('',*,*,#288,.T.);
#662 = ORIENTED_EDGE('',*,*,#663,.T.);
#663 = EDGE_CURVE('',#289,#664,#666,.T.);
#664 = VERTEX_POINT('',#665);
#665 = CARTESIAN_POINT('',(1.499997750431,1.370967870763,0.607510968477)
  );
#666 = B_SPLINE_CURVE_WITH_KNOTS('',3,(#667,#668,#669,#670,#671,#672,
    #673,#674,#675,#676,#677,#678,#679,#680,#681,#682,#683,#684,#685,
    #686,#687,#688,#689,#690,#691),.UNSPECIFIED.,.F.,.F.,(4,1,1,1,1,1,1,
    1,1,1,1,1,1,1,1,1,1,1,1,1,1,1,4),(0.,4.545454545455E-02,
    9.090909090909E-02,0.136363636364,0.181818181818,0.227272727273,
    0.272727272727,0.318181818182,0.363636363636,0.409090909091,
    0.454545454545,0.5,0.545454545455,0.590909090909,0.636363636364,
    0.681818181818,0.727272727273,0.772727272727,0.818181818182,
    0.863636363636,0.909090909091,0.954545454545,1.),.UNSPECIFIED.);
#667 = CARTESIAN_POINT('',(1.370967870763,1.499997750431,0.607510968477)
  );
#668 = CARTESIAN_POINT('',(1.374036580969,1.499974897732,0.607510968477)
  );
#669 = CARTESIAN_POINT('',(1.38015686307,1.499710585847,0.607494909512)
  );
#670 = CARTESIAN_POINT('',(1.389300383314,1.498669191466,0.607501363992)
  );
#671 = CARTESIAN_POINT('',(1.398343692508,1.496983523188,0.607499634519)
  );
#672 = CARTESIAN_POINT('',(1.407246290513,1.494663228194,0.60750009793)
  );
#673 = CARTESIAN_POINT('',(1.415962403455,1.491719579665,0.60749997376)
  );
#674 = CARTESIAN_POINT('',(1.424448791317,1.488167381898,0.607500007031)
  );
#675 = CARTESIAN_POINT('',(1.432662933416,1.484024370721,0.607499998116)
  );
#676 = CARTESIAN_POINT('',(1.440563785095,1.479311265679,0.607500000505)
  );
#677 = CARTESIAN_POINT('',(1.448111837257,1.474051628605,0.607499999864)
  );
#678 = CARTESIAN_POINT('',(1.455269352526,1.468271756382,0.607500000039)
  );
#679 = CARTESIAN_POINT('',(1.462000545104,1.462000545104,0.607499999981)
  );
#680 = CARTESIAN_POINT('',(1.468271756382,1.455269352526,0.607500000039)
  );
#681 = CARTESIAN_POINT('',(1.474051628605,1.448111837257,0.607499999864)
  );
#682 = CARTESIAN_POINT('',(1.479311265679,1.440563785095,0.607500000505)
  );
#683 = CARTESIAN_POINT('',(1.484024370721,1.432662933416,0.607499998116)
  );
#684 = CARTESIAN_POINT('',(1.488167381898,1.424448791317,0.607500007031)
  );
#685 = CARTESIAN_POINT('',(1.491719579665,1.415962403455,0.60749997376)
  );
#686 = CARTESIAN_POINT('',(1.494663228194,1.407246290513,0.60750009793)
  );
#687 = CARTESIAN_POINT('',(1.496983523188,1.398343692508,0.607499634519)
  );
#688 = CARTESIAN_POINT('',(1.498669191466,1.389300383314,0.607501363992)
  );
#689 = CARTESIAN_POINT('',(1.499710585847,1.38015686307,0.607494909512)
  );
#690 = CARTESIAN_POINT('',(1.499974897732,1.374036580969,0.607510968477)
  );
#691 = CARTESIAN_POINT('',(1.499997750431,1.370967870763,0.607510968477)
  );
#692 = ORIENTED_EDGE('',*,*,#693,.T.);
#693 = EDGE_CURVE('',#664,#694,#696,.T.);
#694 = VERTEX_POINT('',#695);
#695 = CARTESIAN_POINT('',(1.5,1.37,0.6075));
#696 = B_SPLINE_CURVE_WITH_KNOTS('',3,(#697,#698,#699,#700,#701),
  .UNSPECIFIED.,.F.,.F.,(4,1,4),(0.,0.5,1.),.QUASI_UNIFORM_KNOTS.);
#697 = CARTESIAN_POINT('',(1.499997750431,1.370967870763,0.607510968477)
  );
#698 = CARTESIAN_POINT('',(1.499998940628,1.370808048545,0.607501275102)
  );
#699 = CARTESIAN_POINT('',(1.49999872527,1.370483639458,0.607514058237)
  );
#700 = CARTESIAN_POINT('',(1.5,1.370161983046,0.6075));
#701 = CARTESIAN_POINT('',(1.5,1.37,0.6075));
#702 = ORIENTED_EDGE('',*,*,#703,.T.);
#703 = EDGE_CURVE('',#694,#704,#706,.T.);
#704 = VERTEX_POINT('',#705);
#705 = CARTESIAN_POINT('',(1.5,1.37,0.4575));
#706 = LINE('',#707,#708);
#707 = CARTESIAN_POINT('',(1.5,1.37,0.6075));
#708 = VECTOR('',#709,1.);
#709 = DIRECTION('',(0.,0.,-1.));
#710 = ORIENTED_EDGE('',*,*,#711,.F.);
#711 = EDGE_CURVE('',#712,#704,#714,.T.);
#712 = VERTEX_POINT('',#713);
#713 = CARTESIAN_POINT('',(1.499997749604,1.370967869958,0.457489024786)
  );
#714 = B_SPLINE_CURVE_WITH_KNOTS('',3,(#715,#716,#717,#718),
  .UNSPECIFIED.,.F.,.F.,(4,4),(0.,1.),.PIECEWISE_BEZIER_KNOTS.);
#715 = CARTESIAN_POINT('',(1.499997749604,1.370967869958,0.457489024786)
  );
#716 = CARTESIAN_POINT('',(1.500000142725,1.370646516501,0.457508515192)
  );
#717 = CARTESIAN_POINT('',(1.5,1.370321952865,0.4575));
#718 = CARTESIAN_POINT('',(1.5,1.37,0.4575));
#719 = ORIENTED_EDGE('',*,*,#720,.F.);
#720 = EDGE_CURVE('',#345,#712,#721,.T.);
#721 = B_SPLINE_CURVE_WITH_KNOTS('',3,(#722,#723,#724,#725,#726,#727,
    #728,#729,#730,#731,#732,#733,#734,#735,#736,#737,#738,#739,#740,
    #741,#742,#743,#744,#745,#746),.UNSPECIFIED.,.F.,.F.,(4,1,1,1,1,1,1,
    1,1,1,1,1,1,1,1,1,1,1,1,1,1,1,4),(0.,4.545454545455E-02,
    9.090909090909E-02,0.136363636364,0.181818181818,0.227272727273,
    0.272727272727,0.318181818182,0.363636363636,0.409090909091,
    0.454545454545,0.5,0.545454545455,0.590909090909,0.636363636364,
    0.681818181818,0.727272727273,0.772727272727,0.818181818182,
    0.863636363636,0.909090909091,0.954545454545,1.),.UNSPECIFIED.);
#722 = CARTESIAN_POINT('',(1.370967869959,1.499997749604,0.457489024786)
  );
#723 = CARTESIAN_POINT('',(1.374036597531,1.499974896773,0.457489024786)
  );
#724 = CARTESIAN_POINT('',(1.380156908406,1.499710583198,0.457505093615)
  );
#725 = CARTESIAN_POINT('',(1.389300435103,1.498669183747,0.45749863517)
  );
#726 = CARTESIAN_POINT('',(1.398343756217,1.496983509283,0.457500365705)
  );
#727 = CARTESIAN_POINT('',(1.407246359254,1.494663207747,0.45749990201)
  );
#728 = CARTESIAN_POINT('',(1.415962473715,1.491719553179,0.457500026256)
  );
#729 = CARTESIAN_POINT('',(1.424448858857,1.488167350705,0.457499992965)
  );
#730 = CARTESIAN_POINT('',(1.432662994516,1.484024336968,0.457500001885)
  );
#731 = CARTESIAN_POINT('',(1.44056383639,1.479311232264,0.457499999495)
  );
#732 = CARTESIAN_POINT('',(1.448111875834,1.474051599221,0.457500000136)
  );
#733 = CARTESIAN_POINT('',(1.455269376356,1.468271735098,0.457499999961)
  );
#734 = CARTESIAN_POINT('',(1.462000551849,1.462000537591,0.457500000019)
  );
#735 = CARTESIAN_POINT('',(1.468271748316,1.455269361123,0.457499999961)
  );
#736 = CARTESIAN_POINT('',(1.474051611338,1.448111859694,0.457500000136)
  );
#737 = CARTESIAN_POINT('',(1.479311243223,1.440563819415,0.457499999495)
  );
#738 = CARTESIAN_POINT('',(1.484024346715,1.432662976783,0.457500001885)
  );
#739 = CARTESIAN_POINT('',(1.488167359193,1.424448840437,0.457499992965)
  );
#740 = CARTESIAN_POINT('',(1.491719560359,1.415962454713,0.457500026256)
  );
#741 = CARTESIAN_POINT('',(1.494663213593,1.407246339665,0.45749990201)
  );
#742 = CARTESIAN_POINT('',(1.496983513706,1.398343736462,0.457500365705)
  );
#743 = CARTESIAN_POINT('',(1.498669186922,1.389300414017,0.45749863517)
  );
#744 = CARTESIAN_POINT('',(1.499710584393,1.380156890366,0.457505093615)
  );
#745 = CARTESIAN_POINT('',(1.499974896826,1.37403659037,0.457489024786)
  );
#746 = CARTESIAN_POINT('',(1.499997749604,1.370967869958,0.457489024786)
  );
#747 = ORIENTED_EDGE('',*,*,#344,.F.);
#748 = CYLINDRICAL_SURFACE('',#749,0.13);
#749 = AXIS2_PLACEMENT_3D('',#750,#751,#752);
#750 = CARTESIAN_POINT('',(1.37,1.37,0.6075));
#751 = DIRECTION('',(0.,0.,-1.));
#752 = DIRECTION('',(0.,1.,0.));
#753 = ADVANCED_FACE('',(#754),#800,.T.);
#754 = FACE_BOUND('',#755,.T.);
#755 = EDGE_LOOP('',(#756,#765,#771,#799));
#756 = ORIENTED_EDGE('',*,*,#757,.T.);
#757 = EDGE_CURVE('',#299,#758,#760,.T.);
#758 = VERTEX_POINT('',#759);
#759 = CARTESIAN_POINT('',(1.470121234798,1.341090235085,0.850843014643)
  );
#760 = CIRCLE('',#761,0.13);
#761 = AXIS2_PLACEMENT_3D('',#762,#763,#764);
#762 = CARTESIAN_POINT('',(1.341090235085,1.341090235085,0.835));
#763 = DIRECTION('',(0.120974291151,0.120974291151,-0.985256536015));
#764 = DIRECTION('',(-1.068416188854E-14,0.992546151641,0.121869343405)
  );
#765 = ORIENTED_EDGE('',*,*,#766,.F.);
#766 = EDGE_CURVE('',#664,#758,#767,.T.);
#767 = LINE('',#768,#769);
#768 = CARTESIAN_POINT('',(1.499997750431,1.370967870763,0.607510968477)
  );
#769 = VECTOR('',#770,1.);
#770 = DIRECTION('',(-0.120970676282,-0.120975211369,0.98525686687));
#771 = ORIENTED_EDGE('',*,*,#772,.F.);
#772 = EDGE_CURVE('',#289,#664,#773,.T.);
#773 = B_SPLINE_CURVE_WITH_KNOTS('',3,(#774,#775,#776,#777,#778,#779,
    #780,#781,#782,#783,#784,#785,#786,#787,#788,#789,#790,#791,#792,
    #793,#794,#795,#796,#797,#798),.UNSPECIFIED.,.F.,.F.,(4,1,1,1,1,1,1,
    1,1,1,1,1,1,1,1,1,1,1,1,1,1,1,4),(0.,4.545454545455E-02,
    9.090909090909E-02,0.136363636364,0.181818181818,0.227272727273,
    0.272727272727,0.318181818182,0.363636363636,0.409090909091,
    0.454545454545,0.5,0.545454545455,0.590909090909,0.636363636364,
    0.681818181818,0.727272727273,0.772727272727,0.818181818182,
    0.863636363636,0.909090909091,0.954545454545,1.),.UNSPECIFIED.);
#774 = CARTESIAN_POINT('',(1.370967870763,1.499997750431,0.607510968477)
  );
#775 = CARTESIAN_POINT('',(1.374076223242,1.499997750431,0.607510968477)
  );
#776 = CARTESIAN_POINT('',(1.380270202278,1.499780650412,0.607494909512)
  );
#777 = CARTESIAN_POINT('',(1.38952169355,1.498787310141,0.607501363992)
  );
#778 = CARTESIAN_POINT('',(1.398627520164,1.497148485851,0.607499634519)
  );
#779 = CARTESIAN_POINT('',(1.407594085598,1.494865959895,0.60750009793)
  );
#780 = CARTESIAN_POINT('',(1.416362958437,1.491952251723,0.60749997376)
  );
#781 = CARTESIAN_POINT('',(1.424861979157,1.488437588878,0.607500007031)
  );
#782 = CARTESIAN_POINT('',(1.433100702598,1.484319860127,0.607499998116)
  );
#783 = CARTESIAN_POINT('',(1.441007071307,1.479632527598,0.607500000505)
  );
#784 = CARTESIAN_POINT('',(1.448537642935,1.474408282953,0.607499999864)
  );
#785 = CARTESIAN_POINT('',(1.455693055484,1.4686449813,0.607500000039));
#786 = CARTESIAN_POINT('',(1.462400232537,1.462400232537,0.607499999981)
  );
#787 = CARTESIAN_POINT('',(1.4686449813,1.455693055484,0.607500000039));
#788 = CARTESIAN_POINT('',(1.474408282953,1.448537642935,0.607499999864)
  );
#789 = CARTESIAN_POINT('',(1.479632527598,1.441007071307,0.607500000505)
  );
#790 = CARTESIAN_POINT('',(1.484319860127,1.433100702598,0.607499998116)
  );
#791 = CARTESIAN_POINT('',(1.488437588878,1.424861979157,0.607500007031)
  );
#792 = CARTESIAN_POINT('',(1.491952251723,1.416362958437,0.60749997376)
  );
#793 = CARTESIAN_POINT('',(1.494865959895,1.407594085598,0.60750009793)
  );
#794 = CARTESIAN_POINT('',(1.497148485851,1.398627520164,0.607499634519)
  );
#795 = CARTESIAN_POINT('',(1.498787310141,1.38952169355,0.607501363992)
  );
#796 = CARTESIAN_POINT('',(1.499780650412,1.380270202278,0.607494909512)
  );
#797 = CARTESIAN_POINT('',(1.499997750431,1.374076223242,0.607510968477)
  );
#798 = CARTESIAN_POINT('',(1.499997750431,1.370967870763,0.607510968477)
  );
#799 = ORIENTED_EDGE('',*,*,#298,.T.);
#800 = CYLINDRICAL_SURFACE('',#801,0.13);
#801 = AXIS2_PLACEMENT_3D('',#802,#803,#804);
#802 = CARTESIAN_POINT('',(1.370969000287,1.370969000287,0.591656985357)
  );
#803 = DIRECTION('',(0.120974291151,0.120974291151,-0.985256536015));
#804 = DIRECTION('',(-1.068416188854E-14,0.992546151641,0.121869343405)
  );
#805 = ADVANCED_FACE('',(#806),#825,.T.);
#806 = FACE_BOUND('',#807,.T.);
#807 = EDGE_LOOP('',(#808,#817,#818,#819));
#808 = ORIENTED_EDGE('',*,*,#809,.T.);
#809 = EDGE_CURVE('',#810,#299,#812,.T.);
#810 = VERTEX_POINT('',#811);
#811 = CARTESIAN_POINT('',(1.341090235085,1.341090235085,0.965));
#812 = CIRCLE('',#813,0.13);
#813 = AXIS2_PLACEMENT_3D('',#814,#815,#816);
#814 = CARTESIAN_POINT('',(1.341090235085,1.341090235085,0.835));
#815 = DIRECTION('',(-1.,0.,0.));
#816 = DIRECTION('',(0.,0.,1.));
#817 = ORIENTED_EDGE('',*,*,#306,.T.);
#818 = ORIENTED_EDGE('',*,*,#472,.T.);
#819 = ORIENTED_EDGE('',*,*,#820,.F.);
#820 = EDGE_CURVE('',#810,#464,#821,.T.);
#821 = LINE('',#822,#823);
#822 = CARTESIAN_POINT('',(1.341090235085,1.341090235085,0.965));
#823 = VECTOR('',#824,1.);
#824 = DIRECTION('',(-1.,0.,0.));
#825 = CYLINDRICAL_SURFACE('',#826,0.13);
#826 = AXIS2_PLACEMENT_3D('',#827,#828,#829);
#827 = CARTESIAN_POINT('',(1.341090235085,1.341090235085,0.835));
#828 = DIRECTION('',(-1.,0.,0.));
#829 = DIRECTION('',(0.,0.,1.));
#830 = ADVANCED_FACE('',(#831),#877,.T.);
#831 = FACE_BOUND('',#832,.T.);
#832 = EDGE_LOOP('',(#833,#842,#843,#871));
#833 = ORIENTED_EDGE('',*,*,#834,.T.);
#834 = EDGE_CURVE('',#835,#354,#837,.T.);
#835 = VERTEX_POINT('',#836);
#836 = CARTESIAN_POINT('',(1.470121234798,1.341090235085,0.214156985357)
  );
#837 = CIRCLE('',#838,0.13);
#838 = AXIS2_PLACEMENT_3D('',#839,#840,#841);
#839 = CARTESIAN_POINT('',(1.341090235085,1.341090235085,0.23));
#840 = DIRECTION('',(0.120974291151,0.120974291151,0.985256536015));
#841 = DIRECTION('',(0.992546151641,-1.068416188854E-14,-0.121869343405)
  );
#842 = ORIENTED_EDGE('',*,*,#353,.F.);
#843 = ORIENTED_EDGE('',*,*,#844,.F.);
#844 = EDGE_CURVE('',#712,#345,#845,.T.);
#845 = B_SPLINE_CURVE_WITH_KNOTS('',3,(#846,#847,#848,#849,#850,#851,
    #852,#853,#854,#855,#856,#857,#858,#859,#860,#861,#862,#863,#864,
    #865,#866,#867,#868,#869,#870),.UNSPECIFIED.,.F.,.F.,(4,1,1,1,1,1,1,
    1,1,1,1,1,1,1,1,1,1,1,1,1,1,1,4),(0.,4.545454545455E-02,
    9.090909090909E-02,0.136363636364,0.181818181818,0.227272727273,
    0.272727272727,0.318181818182,0.363636363636,0.409090909091,
    0.454545454545,0.5,0.545454545455,0.590909090909,0.636363636364,
    0.681818181818,0.727272727273,0.772727272727,0.818181818182,
    0.863636363636,0.909090909091,0.954545454545,1.),.UNSPECIFIED.);
#846 = CARTESIAN_POINT('',(1.499997749604,1.370967869958,0.457489024786)
  );
#847 = CARTESIAN_POINT('',(1.499997749604,1.374076222437,0.457489024786)
  );
#848 = CARTESIAN_POINT('',(1.499780650796,1.380270202651,0.457505093615)
  );
#849 = CARTESIAN_POINT('',(1.498787310038,1.38952169345,0.45749863517));
#850 = CARTESIAN_POINT('',(1.497148485879,1.398627520191,0.457500365705)
  );
#851 = CARTESIAN_POINT('',(1.494865959888,1.407594085591,0.45749990201)
  );
#852 = CARTESIAN_POINT('',(1.491952251725,1.416362958439,0.457500026256)
  );
#853 = CARTESIAN_POINT('',(1.488437588878,1.424861979156,0.457499992965)
  );
#854 = CARTESIAN_POINT('',(1.484319860128,1.433100702598,0.457500001885)
  );
#855 = CARTESIAN_POINT('',(1.479632527598,1.441007071307,0.457499999495)
  );
#856 = CARTESIAN_POINT('',(1.474408282953,1.448537642935,0.457500000136)
  );
#857 = CARTESIAN_POINT('',(1.4686449813,1.455693055484,0.457499999961));
#858 = CARTESIAN_POINT('',(1.462400232537,1.462400232537,0.457500000019)
  );
#859 = CARTESIAN_POINT('',(1.455693055484,1.4686449813,0.457499999961));
#860 = CARTESIAN_POINT('',(1.448537642935,1.474408282953,0.457500000136)
  );
#861 = CARTESIAN_POINT('',(1.441007071307,1.479632527598,0.457499999495)
  );
#862 = CARTESIAN_POINT('',(1.433100702598,1.484319860128,0.457500001885)
  );
#863 = CARTESIAN_POINT('',(1.424861979156,1.488437588878,0.457499992965)
  );
#864 = CARTESIAN_POINT('',(1.416362958439,1.491952251725,0.457500026256)
  );
#865 = CARTESIAN_POINT('',(1.407594085591,1.494865959888,0.45749990201)
  );
#866 = CARTESIAN_POINT('',(1.398627520191,1.497148485879,0.457500365705)
  );
#867 = CARTESIAN_POINT('',(1.38952169345,1.498787310038,0.45749863517));
#868 = CARTESIAN_POINT('',(1.380270202651,1.499780650796,0.457505093615)
  );
#869 = CARTESIAN_POINT('',(1.374076222437,1.499997749604,0.457489024786)
  );
#870 = CARTESIAN_POINT('',(1.370967869959,1.499997749604,0.457489024786)
  );
#871 = ORIENTED_EDGE('',*,*,#872,.T.);
#872 = EDGE_CURVE('',#712,#835,#873,.T.);
#873 = LINE('',#874,#875);
#874 = CARTESIAN_POINT('',(1.499997749604,1.370967869958,0.457489024786)
  );
#875 = VECTOR('',#876,1.);
#876 = DIRECTION('',(-0.12097067628,-0.120975211459,-0.985256866859));
#877 = CYLINDRICAL_SURFACE('',#878,0.13);
#878 = AXIS2_PLACEMENT_3D('',#879,#880,#881);
#879 = CARTESIAN_POINT('',(1.370969000287,1.370969000287,0.473343014643)
  );
#880 = DIRECTION('',(0.120974291151,0.120974291151,0.985256536015));
#881 = DIRECTION('',(0.992546151641,-1.068416188854E-14,-0.121869343405)
  );
#882 = ADVANCED_FACE('',(#883),#910,.T.);
#883 = FACE_BOUND('',#884,.T.);
#884 = EDGE_LOOP('',(#885,#894,#895,#904));
#885 = ORIENTED_EDGE('',*,*,#886,.T.);
#886 = EDGE_CURVE('',#887,#362,#889,.T.);
#887 = VERTEX_POINT('',#888);
#888 = CARTESIAN_POINT('',(-1.341090235085,1.341090235085,0.1));
#889 = CIRCLE('',#890,0.13);
#890 = AXIS2_PLACEMENT_3D('',#891,#892,#893);
#891 = CARTESIAN_POINT('',(-1.341090235085,1.341090235085,0.23));
#892 = DIRECTION('',(1.,-0.,0.));
#893 = DIRECTION('',(0.,0.,-1.));
#894 = ORIENTED_EDGE('',*,*,#361,.T.);
#895 = ORIENTED_EDGE('',*,*,#896,.T.);
#896 = EDGE_CURVE('',#354,#897,#899,.T.);
#897 = VERTEX_POINT('',#898);
#898 = CARTESIAN_POINT('',(1.341090235085,1.341090235085,0.1));
#899 = CIRCLE('',#900,0.13);
#900 = AXIS2_PLACEMENT_3D('',#901,#902,#903);
#901 = CARTESIAN_POINT('',(1.341090235085,1.341090235085,0.23));
#902 = DIRECTION('',(-1.,0.,0.));
#903 = DIRECTION('',(0.,0.992546151641,-0.121869343405));
#904 = ORIENTED_EDGE('',*,*,#905,.F.);
#905 = EDGE_CURVE('',#887,#897,#906,.T.);
#906 = LINE('',#907,#908);
#907 = CARTESIAN_POINT('',(-1.341090235085,1.341090235085,0.1));
#908 = VECTOR('',#909,1.);
#909 = DIRECTION('',(1.,0.,0.));
#910 = CYLINDRICAL_SURFACE('',#911,0.13);
#911 = AXIS2_PLACEMENT_3D('',#912,#913,#914);
#912 = CARTESIAN_POINT('',(-1.470121234798,1.341090235085,0.23));
#913 = DIRECTION('',(1.,0.,0.));
#914 = DIRECTION('',(0.,0.,-1.));
#915 = ADVANCED_FACE('',(#916),#928,.T.);
#916 = FACE_BOUND('',#917,.T.);
#917 = EDGE_LOOP('',(#918,#925,#926,#927));
#918 = ORIENTED_EDGE('',*,*,#919,.T.);
#919 = EDGE_CURVE('',#362,#424,#920,.T.);
#920 = CIRCLE('',#921,0.13);
#921 = AXIS2_PLACEMENT_3D('',#922,#923,#924);
#922 = CARTESIAN_POINT('',(-1.341090235085,1.341090235085,0.23));
#923 = DIRECTION('',(-0.120974291151,0.120974291151,0.985256536015));
#924 = DIRECTION('',(1.068416188854E-14,0.992546151641,-0.121869343405)
  );
#925 = ORIENTED_EDGE('',*,*,#423,.F.);
#926 = ORIENTED_EDGE('',*,*,#386,.F.);
#927 = ORIENTED_EDGE('',*,*,#369,.T.);
#928 = CYLINDRICAL_SURFACE('',#929,0.13);
#929 = AXIS2_PLACEMENT_3D('',#930,#931,#932);
#930 = CARTESIAN_POINT('',(-1.370969000287,1.370969000287,0.473343014643
    ));
#931 = DIRECTION('',(-0.120974291151,0.120974291151,0.985256536015));
#932 = DIRECTION('',(1.068416188854E-14,0.992546151641,-0.121869343405)
  );
#933 = ADVANCED_FACE('',(#934),#959,.T.);
#934 = FACE_BOUND('',#935,.T.);
#935 = EDGE_LOOP('',(#936,#945,#946,#953));
#936 = ORIENTED_EDGE('',*,*,#937,.T.);
#937 = EDGE_CURVE('',#938,#432,#940,.T.);
#938 = VERTEX_POINT('',#939);
#939 = CARTESIAN_POINT('',(-1.341090235085,-1.341090235085,0.1));
#940 = CIRCLE('',#941,0.13);
#941 = AXIS2_PLACEMENT_3D('',#942,#943,#944);
#942 = CARTESIAN_POINT('',(-1.341090235085,-1.341090235085,0.23));
#943 = DIRECTION('',(0.,1.,0.));
#944 = DIRECTION('',(0.,0.,-1.));
#945 = ORIENTED_EDGE('',*,*,#431,.T.);
#946 = ORIENTED_EDGE('',*,*,#947,.T.);
#947 = EDGE_CURVE('',#424,#887,#948,.T.);
#948 = CIRCLE('',#949,0.13);
#949 = AXIS2_PLACEMENT_3D('',#950,#951,#952);
#950 = CARTESIAN_POINT('',(-1.341090235085,1.341090235085,0.23));
#951 = DIRECTION('',(0.,-1.,0.));
#952 = DIRECTION('',(-0.992546151641,-0.,-0.121869343405));
#953 = ORIENTED_EDGE('',*,*,#954,.F.);
#954 = EDGE_CURVE('',#938,#887,#955,.T.);
#955 = LINE('',#956,#957);
#956 = CARTESIAN_POINT('',(-1.341090235085,-1.341090235085,0.1));
#957 = VECTOR('',#958,1.);
#958 = DIRECTION('',(0.,1.,0.));
#959 = CYLINDRICAL_SURFACE('',#960,0.13);
#960 = AXIS2_PLACEMENT_3D('',#961,#962,#963);
#961 = CARTESIAN_POINT('',(-1.341090235085,-1.470121234798,0.23));
#962 = DIRECTION('',(0.,1.,0.));
#963 = DIRECTION('',(0.,0.,-1.));
#964 = ADVANCED_FACE('',(#965),#1011,.T.);
#965 = FACE_BOUND('',#966,.T.);
#966 = EDGE_LOOP('',(#967,#976,#982,#1010));
#967 = ORIENTED_EDGE('',*,*,#968,.T.);
#968 = EDGE_CURVE('',#432,#969,#971,.T.);
#969 = VERTEX_POINT('',#970);
#970 = CARTESIAN_POINT('',(-1.341090235085,-1.470121234798,
    0.214156985357));
#971 = CIRCLE('',#972,0.13);
#972 = AXIS2_PLACEMENT_3D('',#973,#974,#975);
#973 = CARTESIAN_POINT('',(-1.341090235085,-1.341090235085,0.23));
#974 = DIRECTION('',(-0.120974291151,-0.120974291151,0.985256536015));
#975 = DIRECTION('',(-0.992546151641,1.068416188854E-14,-0.121869343405)
  );
#976 = ORIENTED_EDGE('',*,*,#977,.F.);
#977 = EDGE_CURVE('',#540,#969,#978,.T.);
#978 = LINE('',#979,#980);
#979 = CARTESIAN_POINT('',(-1.370967869959,-1.499997749604,
    0.457489024786));
#980 = VECTOR('',#981,1.);
#981 = DIRECTION('',(0.120975211462,0.12097067628,-0.985256866859));
#982 = ORIENTED_EDGE('',*,*,#983,.F.);
#983 = EDGE_CURVE('',#440,#540,#984,.T.);
#984 = B_SPLINE_CURVE_WITH_KNOTS('',3,(#985,#986,#987,#988,#989,#990,
    #991,#992,#993,#994,#995,#996,#997,#998,#999,#1000,#1001,#1002,#1003
    ,#1004,#1005,#1006,#1007,#1008,#1009),.UNSPECIFIED.,.F.,.F.,(4,1,1,1
    ,1,1,1,1,1,1,1,1,1,1,1,1,1,1,1,1,1,1,4),(0.,4.545454545455E-02,
    9.090909090909E-02,0.136363636364,0.181818181818,0.227272727273,
    0.272727272727,0.318181818182,0.363636363636,0.409090909091,
    0.454545454545,0.5,0.545454545455,0.590909090909,0.636363636364,
    0.681818181818,0.727272727273,0.772727272727,0.818181818182,
    0.863636363636,0.909090909091,0.954545454545,1.),.UNSPECIFIED.);
#985 = CARTESIAN_POINT('',(-1.499997749604,-1.370967869958,
    0.457489024786));
#986 = CARTESIAN_POINT('',(-1.499997749604,-1.374076222437,
    0.457489024786));
#987 = CARTESIAN_POINT('',(-1.499780650796,-1.380270202651,
    0.457505093615));
#988 = CARTESIAN_POINT('',(-1.498787310038,-1.38952169345,0.45749863517)
  );
#989 = CARTESIAN_POINT('',(-1.497148485879,-1.398627520191,
    0.457500365705));
#990 = CARTESIAN_POINT('',(-1.494865959888,-1.407594085591,0.45749990201
    ));
#991 = CARTESIAN_POINT('',(-1.491952251725,-1.416362958439,
    0.457500026256));
#992 = CARTESIAN_POINT('',(-1.488437588878,-1.424861979156,
    0.457499992965));
#993 = CARTESIAN_POINT('',(-1.484319860128,-1.433100702598,
    0.457500001885));
#994 = CARTESIAN_POINT('',(-1.479632527598,-1.441007071307,
    0.457499999495));
#995 = CARTESIAN_POINT('',(-1.474408282953,-1.448537642935,
    0.457500000136));
#996 = CARTESIAN_POINT('',(-1.4686449813,-1.455693055484,0.457499999961)
  );
#997 = CARTESIAN_POINT('',(-1.462400232537,-1.462400232537,
    0.457500000019));
#998 = CARTESIAN_POINT('',(-1.455693055484,-1.4686449813,0.457499999961)
  );
#999 = CARTESIAN_POINT('',(-1.448537642935,-1.474408282953,
    0.457500000136));
#1000 = CARTESIAN_POINT('',(-1.441007071307,-1.479632527598,
    0.457499999495));
#1001 = CARTESIAN_POINT('',(-1.433100702598,-1.484319860128,
    0.457500001885));
#1002 = CARTESIAN_POINT('',(-1.424861979156,-1.488437588878,
    0.457499992965));
#1003 = CARTESIAN_POINT('',(-1.416362958439,-1.491952251725,
    0.457500026256));
#1004 = CARTESIAN_POINT('',(-1.407594085591,-1.494865959888,
    0.45749990201));
#1005 = CARTESIAN_POINT('',(-1.398627520191,-1.497148485879,
    0.457500365705));
#1006 = CARTESIAN_POINT('',(-1.38952169345,-1.498787310038,0.45749863517
    ));
#1007 = CARTESIAN_POINT('',(-1.380270202651,-1.499780650796,
    0.457505093615));
#1008 = CARTESIAN_POINT('',(-1.374076222437,-1.499997749604,
    0.457489024786));
#1009 = CARTESIAN_POINT('',(-1.370967869959,-1.499997749604,
    0.457489024786));
#1010 = ORIENTED_EDGE('',*,*,#439,.T.);
#1011 = CYLINDRICAL_SURFACE('',#1012,0.13);
#1012 = AXIS2_PLACEMENT_3D('',#1013,#1014,#1015);
#1013 = CARTESIAN_POINT('',(-1.370969000287,-1.370969000287,
    0.473343014643));
#1014 = DIRECTION('',(-0.120974291151,-0.120974291151,0.985256536015));
#1015 = DIRECTION('',(-0.992546151641,1.068416188854E-14,-0.121869343405
    ));
#1016 = ADVANCED_FACE('',(#1017),#1042,.T.);
#1017 = FACE_BOUND('',#1018,.F.);
#1018 = EDGE_LOOP('',(#1019,#1027,#1028,#1036));
#1019 = ORIENTED_EDGE('',*,*,#1020,.T.);
#1020 = EDGE_CURVE('',#1021,#491,#1023,.T.);
#1021 = VERTEX_POINT('',#1022);
#1022 = CARTESIAN_POINT('',(1.370000000003,-1.5,0.4575));
#1023 = LINE('',#1024,#1025);
#1024 = CARTESIAN_POINT('',(1.370000000003,-1.5,0.4575));
#1025 = VECTOR('',#1026,1.);
#1026 = DIRECTION('',(-1.,0.,0.));
#1027 = ORIENTED_EDGE('',*,*,#488,.F.);
#1028 = ORIENTED_EDGE('',*,*,#1029,.F.);
#1029 = EDGE_CURVE('',#1030,#489,#1032,.T.);
#1030 = VERTEX_POINT('',#1031);
#1031 = CARTESIAN_POINT('',(1.37,-1.5,0.6075));
#1032 = LINE('',#1033,#1034);
#1033 = CARTESIAN_POINT('',(1.37,-1.5,0.6075));
#1034 = VECTOR('',#1035,1.);
#1035 = DIRECTION('',(-1.,0.,0.));
#1036 = ORIENTED_EDGE('',*,*,#1037,.T.);
#1037 = EDGE_CURVE('',#1030,#1021,#1038,.T.);
#1038 = LINE('',#1039,#1040);
#1039 = CARTESIAN_POINT('',(1.37,-1.5,0.6075));
#1040 = VECTOR('',#1041,1.);
#1041 = DIRECTION('',(1.751931932859E-11,0.,-1.));
#1042 = PLANE('',#1043);
#1043 = AXIS2_PLACEMENT_3D('',#1044,#1045,#1046);
#1044 = CARTESIAN_POINT('',(1.37,-1.5,0.6075));
#1045 = DIRECTION('',(0.,-1.,0.));
#1046 = DIRECTION('',(-1.,0.,0.));
#1047 = ADVANCED_FACE('',(#1048),#1077,.T.);
#1048 = FACE_BOUND('',#1049,.F.);
#1049 = EDGE_LOOP('',(#1050,#1051,#1059,#1067,#1075,#1076));
#1050 = ORIENTED_EDGE('',*,*,#647,.T.);
#1051 = ORIENTED_EDGE('',*,*,#1052,.T.);
#1052 = EDGE_CURVE('',#610,#1053,#1055,.T.);
#1053 = VERTEX_POINT('',#1054);
#1054 = CARTESIAN_POINT('',(1.341090235085,-1.470121234798,
    0.850843014643));
#1055 = LINE('',#1056,#1057);
#1056 = CARTESIAN_POINT('',(-1.341090235085,-1.470121234798,
    0.850843014643));
#1057 = VECTOR('',#1058,1.);
#1058 = DIRECTION('',(1.,0.,0.));
#1059 = ORIENTED_EDGE('',*,*,#1060,.F.);
#1060 = EDGE_CURVE('',#1061,#1053,#1063,.T.);
#1061 = VERTEX_POINT('',#1062);
#1062 = CARTESIAN_POINT('',(1.370967870763,-1.499997750431,
    0.607510968477));
#1063 = LINE('',#1064,#1065);
#1064 = CARTESIAN_POINT('',(1.370967870763,-1.499997750431,
    0.607510968477));
#1065 = VECTOR('',#1066,1.);
#1066 = DIRECTION('',(-0.120975211369,0.120970676282,0.98525686687));
#1067 = ORIENTED_EDGE('',*,*,#1068,.T.);
#1068 = EDGE_CURVE('',#1061,#1030,#1069,.T.);
#1069 = B_SPLINE_CURVE_WITH_KNOTS('',3,(#1070,#1071,#1072,#1073,#1074),
  .UNSPECIFIED.,.F.,.F.,(4,1,4),(0.,0.5,1.),.QUASI_UNIFORM_KNOTS.);
#1070 = CARTESIAN_POINT('',(1.370967870763,-1.499997750431,
    0.607510968477));
#1071 = CARTESIAN_POINT('',(1.370808048545,-1.499998940628,
    0.607501275102));
#1072 = CARTESIAN_POINT('',(1.370483639458,-1.49999872527,0.607514058237
    ));
#1073 = CARTESIAN_POINT('',(1.370161983046,-1.5,0.6075));
#1074 = CARTESIAN_POINT('',(1.37,-1.5,0.6075));
#1075 = ORIENTED_EDGE('',*,*,#1029,.T.);
#1076 = ORIENTED_EDGE('',*,*,#498,.T.);
#1077 = PLANE('',#1078);
#1078 = AXIS2_PLACEMENT_3D('',#1079,#1080,#1081);
#1079 = CARTESIAN_POINT('',(-1.5,-1.5,0.6075));
#1080 = DIRECTION('',(0.,-0.992546151641,0.121869343405));
#1081 = DIRECTION('',(1.,0.,0.));
#1082 = ADVANCED_FACE('',(#1083),#1087,.F.);
#1083 = FACE_BOUND('',#1084,.F.);
#1084 = EDGE_LOOP('',(#1085,#1086));
#1085 = ORIENTED_EDGE('',*,*,#508,.T.);
#1086 = ORIENTED_EDGE('',*,*,#619,.F.);
#1087 = PLANE('',#1088);
#1088 = AXIS2_PLACEMENT_3D('',#1089,#1090,#1091);
#1089 = CARTESIAN_POINT('',(0.,0.,0.6075));
#1090 = DIRECTION('',(0.,0.,1.));
#1091 = DIRECTION('',(0.,1.,0.));
#1092 = ADVANCED_FACE('',(#1093),#1097,.F.);
#1093 = FACE_BOUND('',#1094,.F.);
#1094 = EDGE_LOOP('',(#1095,#1096));
#1095 = ORIENTED_EDGE('',*,*,#539,.F.);
#1096 = ORIENTED_EDGE('',*,*,#983,.F.);
#1097 = PLANE('',#1098);
#1098 = AXIS2_PLACEMENT_3D('',#1099,#1100,#1101);
#1099 = CARTESIAN_POINT('',(-1.5,-1.5,0.4575));
#1100 = DIRECTION('',(0.,0.,-1.));
#1101 = DIRECTION('',(0.,1.,0.));
#1102 = ADVANCED_FACE('',(#1103),#1131,.T.);
#1103 = FACE_BOUND('',#1104,.F.);
#1104 = EDGE_LOOP('',(#1105,#1106,#1115,#1123,#1129,#1130));
#1105 = ORIENTED_EDGE('',*,*,#1020,.F.);
#1106 = ORIENTED_EDGE('',*,*,#1107,.F.);
#1107 = EDGE_CURVE('',#1108,#1021,#1110,.T.);
#1108 = VERTEX_POINT('',#1109);
#1109 = CARTESIAN_POINT('',(1.370967869958,-1.499997749604,
    0.457489024786));
#1110 = B_SPLINE_CURVE_WITH_KNOTS('',3,(#1111,#1112,#1113,#1114),
  .UNSPECIFIED.,.F.,.F.,(4,4),(0.,1.),.PIECEWISE_BEZIER_KNOTS.);
#1111 = CARTESIAN_POINT('',(1.370967869958,-1.499997749604,
    0.457489024786));
#1112 = CARTESIAN_POINT('',(1.370646516504,-1.500000142725,
    0.457508515192));
#1113 = CARTESIAN_POINT('',(1.370321952865,-1.5,0.4575));
#1114 = CARTESIAN_POINT('',(1.370000000003,-1.5,0.4575));
#1115 = ORIENTED_EDGE('',*,*,#1116,.T.);
#1116 = EDGE_CURVE('',#1108,#1117,#1119,.T.);
#1117 = VERTEX_POINT('',#1118);
#1118 = CARTESIAN_POINT('',(1.341090235085,-1.470121234798,
    0.214156985357));
#1119 = LINE('',#1120,#1121);
#1120 = CARTESIAN_POINT('',(1.370967869958,-1.499997749604,
    0.457489024786));
#1121 = VECTOR('',#1122,1.);
#1122 = DIRECTION('',(-0.120975211459,0.12097067628,-0.985256866859));
#1123 = ORIENTED_EDGE('',*,*,#1124,.T.);
#1124 = EDGE_CURVE('',#1117,#969,#1125,.T.);
#1125 = LINE('',#1126,#1127);
#1126 = CARTESIAN_POINT('',(1.341090235085,-1.470121234798,
    0.214156985357));
#1127 = VECTOR('',#1128,1.);
#1128 = DIRECTION('',(-1.,0.,0.));
#1129 = ORIENTED_EDGE('',*,*,#977,.F.);
#1130 = ORIENTED_EDGE('',*,*,#569,.F.);
#1131 = PLANE('',#1132);
#1132 = AXIS2_PLACEMENT_3D('',#1133,#1134,#1135);
#1133 = CARTESIAN_POINT('',(1.5,-1.5,0.4575));
#1134 = DIRECTION('',(0.,-0.992546151641,-0.121869343405));
#1135 = DIRECTION('',(-1.,0.,0.));
#1136 = ADVANCED_FACE('',(#1137),#1148,.T.);
#1137 = FACE_BOUND('',#1138,.T.);
#1138 = EDGE_LOOP('',(#1139,#1140,#1147));
#1139 = ORIENTED_EDGE('',*,*,#609,.F.);
#1140 = ORIENTED_EDGE('',*,*,#1141,.F.);
#1141 = EDGE_CURVE('',#587,#610,#1142,.T.);
#1142 = CIRCLE('',#1143,0.13);
#1143 = AXIS2_PLACEMENT_3D('',#1144,#1145,#1146);
#1144 = CARTESIAN_POINT('',(-1.341090235085,-1.341090235085,0.835));
#1145 = DIRECTION('',(1.,0.,-0.));
#1146 = DIRECTION('',(0.,0.,1.));
#1147 = ORIENTED_EDGE('',*,*,#586,.F.);
#1148 = SPHERICAL_SURFACE('',#1149,0.13);
#1149 = AXIS2_PLACEMENT_3D('',#1150,#1151,#1152);
#1150 = CARTESIAN_POINT('',(-1.341090235085,-1.341090235085,0.835));
#1151 = DIRECTION('',(-0.707106781187,0.707106781187,0.));
#1152 = DIRECTION('',(-0.696681577825,-0.696681577825,0.171083483245));
#1153 = ADVANCED_FACE('',(#1154,#1172),#1183,.T.);
#1154 = FACE_BOUND('',#1155,.T.);
#1155 = EDGE_LOOP('',(#1156,#1164,#1165,#1166));
#1156 = ORIENTED_EDGE('',*,*,#1157,.T.);
#1157 = EDGE_CURVE('',#1158,#810,#1160,.T.);
#1158 = VERTEX_POINT('',#1159);
#1159 = CARTESIAN_POINT('',(1.341090235085,-1.341090235085,0.965));
#1160 = LINE('',#1161,#1162);
#1161 = CARTESIAN_POINT('',(1.341090235085,-1.341090235085,0.965));
#1162 = VECTOR('',#1163,1.);
#1163 = DIRECTION('',(0.,1.,0.));
#1164 = ORIENTED_EDGE('',*,*,#820,.T.);
#1165 = ORIENTED_EDGE('',*,*,#595,.T.);
#1166 = ORIENTED_EDGE('',*,*,#1167,.T.);
#1167 = EDGE_CURVE('',#587,#1158,#1168,.T.);
#1168 = LINE('',#1169,#1170);
#1169 = CARTESIAN_POINT('',(-1.341090235085,-1.341090235085,0.965));
#1170 = VECTOR('',#1171,1.);
#1171 = DIRECTION('',(1.,0.,0.));
#1172 = FACE_BOUND('',#1173,.T.);
#1173 = EDGE_LOOP('',(#1174));
#1174 = ORIENTED_EDGE('',*,*,#1175,.T.);
#1175 = EDGE_CURVE('',#1176,#1176,#1178,.T.);
#1176 = VERTEX_POINT('',#1177);
#1177 = CARTESIAN_POINT('',(-0.6,0.9,0.965));
#1178 = CIRCLE('',#1179,0.3);
#1179 = AXIS2_PLACEMENT_3D('',#1180,#1181,#1182);
#1180 = CARTESIAN_POINT('',(-0.9,0.9,0.965));
#1181 = DIRECTION('',(0.,0.,-1.));
#1182 = DIRECTION('',(1.,0.,0.));
#1183 = PLANE('',#1184);
#1184 = AXIS2_PLACEMENT_3D('',#1185,#1186,#1187);
#1185 = CARTESIAN_POINT('',(0.,0.,0.965));
#1186 = DIRECTION('',(0.,0.,1.));
#1187 = DIRECTION('',(0.,1.,0.));
#1188 = ADVANCED_FACE('',(#1189),#1193,.F.);
#1189 = FACE_BOUND('',#1190,.F.);
#1190 = EDGE_LOOP('',(#1191,#1192));
#1191 = ORIENTED_EDGE('',*,*,#663,.T.);
#1192 = ORIENTED_EDGE('',*,*,#772,.F.);
#1193 = PLANE('',#1194);
#1194 = AXIS2_PLACEMENT_3D('',#1195,#1196,#1197);
#1195 = CARTESIAN_POINT('',(0.,0.,0.6075));
#1196 = DIRECTION('',(0.,0.,1.));
#1197 = DIRECTION('',(0.,1.,0.));
#1198 = ADVANCED_FACE('',(#1199),#1235,.T.);
#1199 = FACE_BOUND('',#1200,.F.);
#1200 = EDGE_LOOP('',(#1201,#1202,#1203,#1211,#1221,#1229));
#1201 = ORIENTED_EDGE('',*,*,#766,.F.);
#1202 = ORIENTED_EDGE('',*,*,#693,.T.);
#1203 = ORIENTED_EDGE('',*,*,#1204,.F.);
#1204 = EDGE_CURVE('',#1205,#694,#1207,.T.);
#1205 = VERTEX_POINT('',#1206);
#1206 = CARTESIAN_POINT('',(1.5,-1.37,0.6075));
#1207 = LINE('',#1208,#1209);
#1208 = CARTESIAN_POINT('',(1.5,-1.37,0.6075));
#1209 = VECTOR('',#1210,1.);
#1210 = DIRECTION('',(0.,1.,0.));
#1211 = ORIENTED_EDGE('',*,*,#1212,.T.);
#1212 = EDGE_CURVE('',#1205,#1213,#1215,.T.);
#1213 = VERTEX_POINT('',#1214);
#1214 = CARTESIAN_POINT('',(1.499997750431,-1.370967870763,
    0.607510968477));
#1215 = B_SPLINE_CURVE_WITH_KNOTS('',3,(#1216,#1217,#1218,#1219,#1220),
  .UNSPECIFIED.,.F.,.F.,(4,1,4),(0.,0.5,1.),.QUASI_UNIFORM_KNOTS.);
#1216 = CARTESIAN_POINT('',(1.5,-1.37,0.6075));
#1217 = CARTESIAN_POINT('',(1.5,-1.370161983046,0.6075));
#1218 = CARTESIAN_POINT('',(1.49999872527,-1.370483639458,0.607514058237
    ));
#1219 = CARTESIAN_POINT('',(1.499998940628,-1.370808048545,
    0.607501275102));
#1220 = CARTESIAN_POINT('',(1.499997750431,-1.370967870763,
    0.607510968477));
#1221 = ORIENTED_EDGE('',*,*,#1222,.T.);
#1222 = EDGE_CURVE('',#1213,#1223,#1225,.T.);
#1223 = VERTEX_POINT('',#1224);
#1224 = CARTESIAN_POINT('',(1.470121234798,-1.341090235085,
    0.850843014643));
#1225 = LINE('',#1226,#1227);
#1226 = CARTESIAN_POINT('',(1.499997750431,-1.370967870763,
    0.607510968477));
#1227 = VECTOR('',#1228,1.);
#1228 = DIRECTION('',(-0.120970676282,0.120975211369,0.98525686687));
#1229 = ORIENTED_EDGE('',*,*,#1230,.T.);
#1230 = EDGE_CURVE('',#1223,#758,#1231,.T.);
#1231 = LINE('',#1232,#1233);
#1232 = CARTESIAN_POINT('',(1.470121234798,-1.341090235085,
    0.850843014643));
#1233 = VECTOR('',#1234,1.);
#1234 = DIRECTION('',(0.,1.,0.));
#1235 = PLANE('',#1236);
#1236 = AXIS2_PLACEMENT_3D('',#1237,#1238,#1239);
#1237 = CARTESIAN_POINT('',(1.5,-1.5,0.6075));
#1238 = DIRECTION('',(0.992546151641,0.,0.121869343405));
#1239 = DIRECTION('',(0.,1.,0.));
#1240 = ADVANCED_FACE('',(#1241),#1259,.T.);
#1241 = FACE_BOUND('',#1242,.F.);
#1242 = EDGE_LOOP('',(#1243,#1251,#1257,#1258));
#1243 = ORIENTED_EDGE('',*,*,#1244,.T.);
#1244 = EDGE_CURVE('',#704,#1245,#1247,.T.);
#1245 = VERTEX_POINT('',#1246);
#1246 = CARTESIAN_POINT('',(1.5,-1.37,0.4575));
#1247 = LINE('',#1248,#1249);
#1248 = CARTESIAN_POINT('',(1.5,1.37,0.4575));
#1249 = VECTOR('',#1250,1.);
#1250 = DIRECTION('',(0.,-1.,0.));
#1251 = ORIENTED_EDGE('',*,*,#1252,.F.);
#1252 = EDGE_CURVE('',#1205,#1245,#1253,.T.);
#1253 = LINE('',#1254,#1255);
#1254 = CARTESIAN_POINT('',(1.5,-1.37,0.6075));
#1255 = VECTOR('',#1256,1.);
#1256 = DIRECTION('',(0.,0.,-1.));
#1257 = ORIENTED_EDGE('',*,*,#1204,.T.);
#1258 = ORIENTED_EDGE('',*,*,#703,.T.);
#1259 = PLANE('',#1260);
#1260 = AXIS2_PLACEMENT_3D('',#1261,#1262,#1263);
#1261 = CARTESIAN_POINT('',(1.5,1.37,0.6075));
#1262 = DIRECTION('',(1.,0.,0.));
#1263 = DIRECTION('',(0.,-1.,0.));
#1264 = ADVANCED_FACE('',(#1265),#1293,.T.);
#1265 = FACE_BOUND('',#1266,.F.);
#1266 = EDGE_LOOP('',(#1267,#1268,#1269,#1270,#1278,#1286));
#1267 = ORIENTED_EDGE('',*,*,#1244,.F.);
#1268 = ORIENTED_EDGE('',*,*,#711,.F.);
#1269 = ORIENTED_EDGE('',*,*,#872,.T.);
#1270 = ORIENTED_EDGE('',*,*,#1271,.T.);
#1271 = EDGE_CURVE('',#835,#1272,#1274,.T.);
#1272 = VERTEX_POINT('',#1273);
#1273 = CARTESIAN_POINT('',(1.470121234798,-1.341090235085,
    0.214156985357));
#1274 = LINE('',#1275,#1276);
#1275 = CARTESIAN_POINT('',(1.470121234798,1.341090235085,0.214156985357
    ));
#1276 = VECTOR('',#1277,1.);
#1277 = DIRECTION('',(0.,-1.,0.));
#1278 = ORIENTED_EDGE('',*,*,#1279,.F.);
#1279 = EDGE_CURVE('',#1280,#1272,#1282,.T.);
#1280 = VERTEX_POINT('',#1281);
#1281 = CARTESIAN_POINT('',(1.499997749604,-1.370967869959,
    0.457489024786));
#1282 = LINE('',#1283,#1284);
#1283 = CARTESIAN_POINT('',(1.499997749604,-1.370967869959,
    0.457489024786));
#1284 = VECTOR('',#1285,1.);
#1285 = DIRECTION('',(-0.12097067628,0.120975211462,-0.985256866859));
#1286 = ORIENTED_EDGE('',*,*,#1287,.F.);
#1287 = EDGE_CURVE('',#1245,#1280,#1288,.T.);
#1288 = B_SPLINE_CURVE_WITH_KNOTS('',3,(#1289,#1290,#1291,#1292),
  .UNSPECIFIED.,.F.,.F.,(4,4),(0.,1.),.PIECEWISE_BEZIER_KNOTS.);
#1289 = CARTESIAN_POINT('',(1.5,-1.37,0.4575));
#1290 = CARTESIAN_POINT('',(1.5,-1.370321952865,0.4575));
#1291 = CARTESIAN_POINT('',(1.500000142725,-1.370646516502,
    0.457508515192));
#1292 = CARTESIAN_POINT('',(1.499997749604,-1.370967869959,
    0.457489024786));
#1293 = PLANE('',#1294);
#1294 = AXIS2_PLACEMENT_3D('',#1295,#1296,#1297);
#1295 = CARTESIAN_POINT('',(1.5,1.5,0.4575));
#1296 = DIRECTION('',(0.992546151641,0.,-0.121869343405));
#1297 = DIRECTION('',(0.,-1.,0.));
#1298 = ADVANCED_FACE('',(#1299),#1303,.F.);
#1299 = FACE_BOUND('',#1300,.F.);
#1300 = EDGE_LOOP('',(#1301,#1302));
#1301 = ORIENTED_EDGE('',*,*,#720,.F.);
#1302 = ORIENTED_EDGE('',*,*,#844,.F.);
#1303 = PLANE('',#1304);
#1304 = AXIS2_PLACEMENT_3D('',#1305,#1306,#1307);
#1305 = CARTESIAN_POINT('',(-1.5,-1.5,0.4575));
#1306 = DIRECTION('',(0.,0.,-1.));
#1307 = DIRECTION('',(0.,1.,0.));
#1308 = ADVANCED_FACE('',(#1309),#1320,.T.);
#1309 = FACE_BOUND('',#1310,.T.);
#1310 = EDGE_LOOP('',(#1311,#1312,#1319));
#1311 = ORIENTED_EDGE('',*,*,#809,.F.);
#1312 = ORIENTED_EDGE('',*,*,#1313,.F.);
#1313 = EDGE_CURVE('',#758,#810,#1314,.T.);
#1314 = CIRCLE('',#1315,0.13);
#1315 = AXIS2_PLACEMENT_3D('',#1316,#1317,#1318);
#1316 = CARTESIAN_POINT('',(1.341090235085,1.341090235085,0.835));
#1317 = DIRECTION('',(0.,-1.,0.));
#1318 = DIRECTION('',(0.992546151641,0.,0.121869343405));
#1319 = ORIENTED_EDGE('',*,*,#757,.F.);
#1320 = SPHERICAL_SURFACE('',#1321,0.13);
#1321 = AXIS2_PLACEMENT_3D('',#1322,#1323,#1324);
#1322 = CARTESIAN_POINT('',(1.341090235085,1.341090235085,0.835));
#1323 = DIRECTION('',(0.,0.748955720789,-0.662620048216));
#1324 = DIRECTION('',(0.,0.662620048216,0.748955720789));
#1325 = ADVANCED_FACE('',(#1326),#1337,.T.);
#1326 = FACE_BOUND('',#1327,.T.);
#1327 = EDGE_LOOP('',(#1328,#1329,#1330));
#1328 = ORIENTED_EDGE('',*,*,#896,.F.);
#1329 = ORIENTED_EDGE('',*,*,#834,.F.);
#1330 = ORIENTED_EDGE('',*,*,#1331,.F.);
#1331 = EDGE_CURVE('',#897,#835,#1332,.T.);
#1332 = CIRCLE('',#1333,0.13);
#1333 = AXIS2_PLACEMENT_3D('',#1334,#1335,#1336);
#1334 = CARTESIAN_POINT('',(1.341090235085,1.341090235085,0.23));
#1335 = DIRECTION('',(0.,-1.,0.));
#1336 = DIRECTION('',(0.,0.,-1.));
#1337 = SPHERICAL_SURFACE('',#1338,0.13);
#1338 = AXIS2_PLACEMENT_3D('',#1339,#1340,#1341);
#1339 = CARTESIAN_POINT('',(1.341090235085,1.341090235085,0.23));
#1340 = DIRECTION('',(0.,-0.748955720789,-0.662620048216));
#1341 = DIRECTION('',(0.,0.662620048216,-0.748955720789));
#1342 = ADVANCED_FACE('',(#1343),#1348,.T.);
#1343 = FACE_BOUND('',#1344,.T.);
#1344 = EDGE_LOOP('',(#1345,#1346,#1347));
#1345 = ORIENTED_EDGE('',*,*,#919,.F.);
#1346 = ORIENTED_EDGE('',*,*,#886,.F.);
#1347 = ORIENTED_EDGE('',*,*,#947,.F.);
#1348 = SPHERICAL_SURFACE('',#1349,0.13);
#1349 = AXIS2_PLACEMENT_3D('',#1350,#1351,#1352);
#1350 = CARTESIAN_POINT('',(-1.341090235085,1.341090235085,0.23));
#1351 = DIRECTION('',(-0.707106781187,-0.707106781187,0.));
#1352 = DIRECTION('',(-0.696681577825,0.696681577825,-0.171083483245));
#1353 = ADVANCED_FACE('',(#1354),#1372,.T.);
#1354 = FACE_BOUND('',#1355,.F.);
#1355 = EDGE_LOOP('',(#1356,#1357,#1365,#1371));
#1356 = ORIENTED_EDGE('',*,*,#954,.F.);
#1357 = ORIENTED_EDGE('',*,*,#1358,.F.);
#1358 = EDGE_CURVE('',#1359,#938,#1361,.T.);
#1359 = VERTEX_POINT('',#1360);
#1360 = CARTESIAN_POINT('',(1.341090235085,-1.341090235085,0.1));
#1361 = LINE('',#1362,#1363);
#1362 = CARTESIAN_POINT('',(1.341090235085,-1.341090235085,0.1));
#1363 = VECTOR('',#1364,1.);
#1364 = DIRECTION('',(-1.,0.,0.));
#1365 = ORIENTED_EDGE('',*,*,#1366,.F.);
#1366 = EDGE_CURVE('',#897,#1359,#1367,.T.);
#1367 = LINE('',#1368,#1369);
#1368 = CARTESIAN_POINT('',(1.341090235085,1.341090235085,0.1));
#1369 = VECTOR('',#1370,1.);
#1370 = DIRECTION('',(0.,-1.,0.));
#1371 = ORIENTED_EDGE('',*,*,#905,.F.);
#1372 = PLANE('',#1373);
#1373 = AXIS2_PLACEMENT_3D('',#1374,#1375,#1376);
#1374 = CARTESIAN_POINT('',(-1.5,-1.5,0.1));
#1375 = DIRECTION('',(0.,0.,-1.));
#1376 = DIRECTION('',(0.,1.,0.));
#1377 = ADVANCED_FACE('',(#1378),#1389,.T.);
#1378 = FACE_BOUND('',#1379,.T.);
#1379 = EDGE_LOOP('',(#1380,#1381,#1382));
#1380 = ORIENTED_EDGE('',*,*,#968,.F.);
#1381 = ORIENTED_EDGE('',*,*,#937,.F.);
#1382 = ORIENTED_EDGE('',*,*,#1383,.F.);
#1383 = EDGE_CURVE('',#969,#938,#1384,.T.);
#1384 = CIRCLE('',#1385,0.13);
#1385 = AXIS2_PLACEMENT_3D('',#1386,#1387,#1388);
#1386 = CARTESIAN_POINT('',(-1.341090235085,-1.341090235085,0.23));
#1387 = DIRECTION('',(1.,0.,0.));
#1388 = DIRECTION('',(0.,-0.992546151641,-0.121869343405));
#1389 = SPHERICAL_SURFACE('',#1390,0.13);
#1390 = AXIS2_PLACEMENT_3D('',#1391,#1392,#1393);
#1391 = CARTESIAN_POINT('',(-1.341090235085,-1.341090235085,0.23));
#1392 = DIRECTION('',(0.707106781187,-0.707106781187,0.));
#1393 = DIRECTION('',(-0.696681577825,-0.696681577825,-0.171083483245));
#1394 = ADVANCED_FACE('',(#1395),#1459,.T.);
#1395 = FACE_BOUND('',#1396,.T.);
#1396 = EDGE_LOOP('',(#1397,#1398,#1399,#1427,#1428,#1429,#1430,#1458));
#1397 = ORIENTED_EDGE('',*,*,#1252,.F.);
#1398 = ORIENTED_EDGE('',*,*,#1212,.T.);
#1399 = ORIENTED_EDGE('',*,*,#1400,.T.);
#1400 = EDGE_CURVE('',#1213,#1061,#1401,.T.);
#1401 = B_SPLINE_CURVE_WITH_KNOTS('',3,(#1402,#1403,#1404,#1405,#1406,
    #1407,#1408,#1409,#1410,#1411,#1412,#1413,#1414,#1415,#1416,#1417,
    #1418,#1419,#1420,#1421,#1422,#1423,#1424,#1425,#1426),
  .UNSPECIFIED.,.F.,.F.,(4,1,1,1,1,1,1,1,1,1,1,1,1,1,1,1,1,1,1,1,1,1,4),
  (0.,4.545454545455E-02,9.090909090909E-02,0.136363636364,
    0.181818181818,0.227272727273,0.272727272727,0.318181818182,
    0.363636363636,0.409090909091,0.454545454545,0.5,0.545454545455,
    0.590909090909,0.636363636364,0.681818181818,0.727272727273,
    0.772727272727,0.818181818182,0.863636363636,0.909090909091,
    0.954545454545,1.),.UNSPECIFIED.);
#1402 = CARTESIAN_POINT('',(1.499997750431,-1.370967870763,
    0.607510968477));
#1403 = CARTESIAN_POINT('',(1.499974897732,-1.374036580969,
    0.607510968477));
#1404 = CARTESIAN_POINT('',(1.499710585847,-1.38015686307,0.607494909512
    ));
#1405 = CARTESIAN_POINT('',(1.498669191466,-1.389300383314,
    0.607501363992));
#1406 = CARTESIAN_POINT('',(1.496983523188,-1.398343692508,
    0.607499634519));
#1407 = CARTESIAN_POINT('',(1.494663228194,-1.407246290513,0.60750009793
    ));
#1408 = CARTESIAN_POINT('',(1.491719579665,-1.415962403455,0.60749997376
    ));
#1409 = CARTESIAN_POINT('',(1.488167381898,-1.424448791317,
    0.607500007031));
#1410 = CARTESIAN_POINT('',(1.484024370721,-1.432662933416,
    0.607499998116));
#1411 = CARTESIAN_POINT('',(1.479311265679,-1.440563785095,
    0.607500000505));
#1412 = CARTESIAN_POINT('',(1.474051628605,-1.448111837257,
    0.607499999864));
#1413 = CARTESIAN_POINT('',(1.468271756382,-1.455269352526,
    0.607500000039));
#1414 = CARTESIAN_POINT('',(1.462000545104,-1.462000545104,
    0.607499999981));
#1415 = CARTESIAN_POINT('',(1.455269352526,-1.468271756382,
    0.607500000039));
#1416 = CARTESIAN_POINT('',(1.448111837257,-1.474051628605,
    0.607499999864));
#1417 = CARTESIAN_POINT('',(1.440563785095,-1.479311265679,
    0.607500000505));
#1418 = CARTESIAN_POINT('',(1.432662933416,-1.484024370721,
    0.607499998116));
#1419 = CARTESIAN_POINT('',(1.424448791317,-1.488167381898,
    0.607500007031));
#1420 = CARTESIAN_POINT('',(1.415962403455,-1.491719579665,0.60749997376
    ));
#1421 = CARTESIAN_POINT('',(1.407246290513,-1.494663228194,0.60750009793
    ));
#1422 = CARTESIAN_POINT('',(1.398343692508,-1.496983523188,
    0.607499634519));
#1423 = CARTESIAN_POINT('',(1.389300383314,-1.498669191466,
    0.607501363992));
#1424 = CARTESIAN_POINT('',(1.38015686307,-1.499710585847,0.607494909512
    ));
#1425 = CARTESIAN_POINT('',(1.374036580969,-1.499974897732,
    0.607510968477));
#1426 = CARTESIAN_POINT('',(1.370967870763,-1.499997750431,
    0.607510968477));
#1427 = ORIENTED_EDGE('',*,*,#1068,.T.);
#1428 = ORIENTED_EDGE('',*,*,#1037,.T.);
#1429 = ORIENTED_EDGE('',*,*,#1107,.F.);
#1430 = ORIENTED_EDGE('',*,*,#1431,.F.);
#1431 = EDGE_CURVE('',#1280,#1108,#1432,.T.);
#1432 = B_SPLINE_CURVE_WITH_KNOTS('',3,(#1433,#1434,#1435,#1436,#1437,
    #1438,#1439,#1440,#1441,#1442,#1443,#1444,#1445,#1446,#1447,#1448,
    #1449,#1450,#1451,#1452,#1453,#1454,#1455,#1456,#1457),
  .UNSPECIFIED.,.F.,.F.,(4,1,1,1,1,1,1,1,1,1,1,1,1,1,1,1,1,1,1,1,1,1,4),
  (0.,4.545454545455E-02,9.090909090909E-02,0.136363636364,
    0.181818181818,0.227272727273,0.272727272727,0.318181818182,
    0.363636363636,0.409090909091,0.454545454545,0.5,0.545454545455,
    0.590909090909,0.636363636364,0.681818181818,0.727272727273,
    0.772727272727,0.818181818182,0.863636363636,0.909090909091,
    0.954545454545,1.),.UNSPECIFIED.);
#1433 = CARTESIAN_POINT('',(1.499997749604,-1.370967869959,
    0.457489024786));
#1434 = CARTESIAN_POINT('',(1.499974896773,-1.374036597531,
    0.457489024786));
#1435 = CARTESIAN_POINT('',(1.499710583198,-1.380156908407,
    0.457505093615));
#1436 = CARTESIAN_POINT('',(1.498669183747,-1.389300435103,0.45749863517
    ));
#1437 = CARTESIAN_POINT('',(1.496983509283,-1.398343756217,
    0.457500365705));
#1438 = CARTESIAN_POINT('',(1.494663207746,-1.407246359255,0.45749990201
    ));
#1439 = CARTESIAN_POINT('',(1.491719553178,-1.415962473716,
    0.457500026256));
#1440 = CARTESIAN_POINT('',(1.488167350705,-1.424448858858,
    0.457499992965));
#1441 = CARTESIAN_POINT('',(1.484024336967,-1.432662994518,
    0.457500001885));
#1442 = CARTESIAN_POINT('',(1.479311232263,-1.440563836392,
    0.457499999495));
#1443 = CARTESIAN_POINT('',(1.474051599219,-1.448111875836,
    0.457500000136));
#1444 = CARTESIAN_POINT('',(1.468271735097,-1.455269376358,
    0.457499999961));
#1445 = CARTESIAN_POINT('',(1.462000537589,-1.46200055185,0.457500000019
    ));
#1446 = CARTESIAN_POINT('',(1.455269361121,-1.468271748318,
    0.457499999961));
#1447 = CARTESIAN_POINT('',(1.448111859692,-1.474051611339,
    0.457500000136));
#1448 = CARTESIAN_POINT('',(1.440563819413,-1.479311243224,
    0.457499999495));
#1449 = CARTESIAN_POINT('',(1.43266297678,-1.484024346716,0.457500001885
    ));
#1450 = CARTESIAN_POINT('',(1.424448840434,-1.488167359194,
    0.457499992965));
#1451 = CARTESIAN_POINT('',(1.41596245471,-1.49171956036,0.457500026256)
  );
#1452 = CARTESIAN_POINT('',(1.407246339661,-1.494663213594,0.45749990201
    ));
#1453 = CARTESIAN_POINT('',(1.398343736459,-1.496983513707,
    0.457500365705));
#1454 = CARTESIAN_POINT('',(1.389300414013,-1.498669186923,0.45749863517
    ));
#1455 = CARTESIAN_POINT('',(1.380156890361,-1.499710584393,
    0.457505093615));
#1456 = CARTESIAN_POINT('',(1.374036590367,-1.499974896826,
    0.457489024786));
#1457 = CARTESIAN_POINT('',(1.370967869958,-1.499997749604,
    0.457489024786));
#1458 = ORIENTED_EDGE('',*,*,#1287,.F.);
#1459 = CYLINDRICAL_SURFACE('',#1460,0.13);
#1460 = AXIS2_PLACEMENT_3D('',#1461,#1462,#1463);
#1461 = CARTESIAN_POINT('',(1.37,-1.37,0.6075));
#1462 = DIRECTION('',(0.,0.,-1.));
#1463 = DIRECTION('',(0.,1.,0.));
#1464 = ADVANCED_FACE('',(#1465),#1477,.T.);
#1465 = FACE_BOUND('',#1466,.T.);
#1466 = EDGE_LOOP('',(#1467,#1468,#1469,#1476));
#1467 = ORIENTED_EDGE('',*,*,#1141,.T.);
#1468 = ORIENTED_EDGE('',*,*,#1052,.T.);
#1469 = ORIENTED_EDGE('',*,*,#1470,.F.);
#1470 = EDGE_CURVE('',#1158,#1053,#1471,.T.);
#1471 = CIRCLE('',#1472,0.13);
#1472 = AXIS2_PLACEMENT_3D('',#1473,#1474,#1475);
#1473 = CARTESIAN_POINT('',(1.341090235085,-1.341090235085,0.835));
#1474 = DIRECTION('',(1.,0.,-0.));
#1475 = DIRECTION('',(0.,0.,1.));
#1476 = ORIENTED_EDGE('',*,*,#1167,.F.);
#1477 = CYLINDRICAL_SURFACE('',#1478,0.13);
#1478 = AXIS2_PLACEMENT_3D('',#1479,#1480,#1481);
#1479 = CARTESIAN_POINT('',(-1.470121234798,-1.341090235085,0.835));
#1480 = DIRECTION('',(1.,0.,0.));
#1481 = DIRECTION('',(0.,0.,1.));
#1482 = ADVANCED_FACE('',(#1483),#1522,.T.);
#1483 = FACE_BOUND('',#1484,.T.);
#1484 = EDGE_LOOP('',(#1485,#1492,#1493,#1521));
#1485 = ORIENTED_EDGE('',*,*,#1486,.T.);
#1486 = EDGE_CURVE('',#1223,#1053,#1487,.T.);
#1487 = CIRCLE('',#1488,0.13);
#1488 = AXIS2_PLACEMENT_3D('',#1489,#1490,#1491);
#1489 = CARTESIAN_POINT('',(1.341090235085,-1.341090235085,0.835));
#1490 = DIRECTION('',(0.120974291151,-0.120974291151,-0.985256536015));
#1491 = DIRECTION('',(0.992546151641,1.068416188854E-14,0.121869343405)
  );
#1492 = ORIENTED_EDGE('',*,*,#1060,.F.);
#1493 = ORIENTED_EDGE('',*,*,#1494,.F.);
#1494 = EDGE_CURVE('',#1213,#1061,#1495,.T.);
#1495 = B_SPLINE_CURVE_WITH_KNOTS('',3,(#1496,#1497,#1498,#1499,#1500,
    #1501,#1502,#1503,#1504,#1505,#1506,#1507,#1508,#1509,#1510,#1511,
    #1512,#1513,#1514,#1515,#1516,#1517,#1518,#1519,#1520),
  .UNSPECIFIED.,.F.,.F.,(4,1,1,1,1,1,1,1,1,1,1,1,1,1,1,1,1,1,1,1,1,1,4),
  (0.,4.545454545455E-02,9.090909090909E-02,0.136363636364,
    0.181818181818,0.227272727273,0.272727272727,0.318181818182,
    0.363636363636,0.409090909091,0.454545454545,0.5,0.545454545455,
    0.590909090909,0.636363636364,0.681818181818,0.727272727273,
    0.772727272727,0.818181818182,0.863636363636,0.909090909091,
    0.954545454545,1.),.UNSPECIFIED.);
#1496 = CARTESIAN_POINT('',(1.499997750431,-1.370967870763,
    0.607510968477));
#1497 = CARTESIAN_POINT('',(1.499997750431,-1.374076223242,
    0.607510968477));
#1498 = CARTESIAN_POINT('',(1.499780650412,-1.380270202278,
    0.607494909512));
#1499 = CARTESIAN_POINT('',(1.498787310141,-1.38952169355,0.607501363992
    ));
#1500 = CARTESIAN_POINT('',(1.497148485851,-1.398627520164,
    0.607499634519));
#1501 = CARTESIAN_POINT('',(1.494865959895,-1.407594085598,0.60750009793
    ));
#1502 = CARTESIAN_POINT('',(1.491952251723,-1.416362958437,0.60749997376
    ));
#1503 = CARTESIAN_POINT('',(1.488437588878,-1.424861979157,
    0.607500007031));
#1504 = CARTESIAN_POINT('',(1.484319860127,-1.433100702598,
    0.607499998116));
#1505 = CARTESIAN_POINT('',(1.479632527598,-1.441007071307,
    0.607500000505));
#1506 = CARTESIAN_POINT('',(1.474408282953,-1.448537642935,
    0.607499999864));
#1507 = CARTESIAN_POINT('',(1.4686449813,-1.455693055484,0.607500000039)
  );
#1508 = CARTESIAN_POINT('',(1.462400232537,-1.462400232537,
    0.607499999981));
#1509 = CARTESIAN_POINT('',(1.455693055484,-1.4686449813,0.607500000039)
  );
#1510 = CARTESIAN_POINT('',(1.448537642935,-1.474408282953,
    0.607499999864));
#1511 = CARTESIAN_POINT('',(1.441007071307,-1.479632527598,
    0.607500000505));
#1512 = CARTESIAN_POINT('',(1.433100702598,-1.484319860127,
    0.607499998116));
#1513 = CARTESIAN_POINT('',(1.424861979157,-1.488437588878,
    0.607500007031));
#1514 = CARTESIAN_POINT('',(1.416362958437,-1.491952251723,0.60749997376
    ));
#1515 = CARTESIAN_POINT('',(1.407594085598,-1.494865959895,0.60750009793
    ));
#1516 = CARTESIAN_POINT('',(1.398627520164,-1.497148485851,
    0.607499634519));
#1517 = CARTESIAN_POINT('',(1.38952169355,-1.498787310141,0.607501363992
    ));
#1518 = CARTESIAN_POINT('',(1.380270202278,-1.499780650412,
    0.607494909512));
#1519 = CARTESIAN_POINT('',(1.374076223242,-1.499997750431,
    0.607510968477));
#1520 = CARTESIAN_POINT('',(1.370967870763,-1.499997750431,
    0.607510968477));
#1521 = ORIENTED_EDGE('',*,*,#1222,.T.);
#1522 = CYLINDRICAL_SURFACE('',#1523,0.13);
#1523 = AXIS2_PLACEMENT_3D('',#1524,#1525,#1526);
#1524 = CARTESIAN_POINT('',(1.370969000287,-1.370969000287,
    0.591656985357));
#1525 = DIRECTION('',(0.120974291151,-0.120974291151,-0.985256536015));
#1526 = DIRECTION('',(0.992546151641,1.068416188854E-14,0.121869343405)
  );
#1527 = ADVANCED_FACE('',(#1528),#1567,.T.);
#1528 = FACE_BOUND('',#1529,.T.);
#1529 = EDGE_LOOP('',(#1530,#1537,#1538,#1566));
#1530 = ORIENTED_EDGE('',*,*,#1531,.T.);
#1531 = EDGE_CURVE('',#1117,#1272,#1532,.T.);
#1532 = CIRCLE('',#1533,0.13);
#1533 = AXIS2_PLACEMENT_3D('',#1534,#1535,#1536);
#1534 = CARTESIAN_POINT('',(1.341090235085,-1.341090235085,0.23));
#1535 = DIRECTION('',(0.120974291151,-0.120974291151,0.985256536015));
#1536 = DIRECTION('',(-1.068416188854E-14,-0.992546151641,
    -0.121869343405));
#1537 = ORIENTED_EDGE('',*,*,#1279,.F.);
#1538 = ORIENTED_EDGE('',*,*,#1539,.F.);
#1539 = EDGE_CURVE('',#1108,#1280,#1540,.T.);
#1540 = B_SPLINE_CURVE_WITH_KNOTS('',3,(#1541,#1542,#1543,#1544,#1545,
    #1546,#1547,#1548,#1549,#1550,#1551,#1552,#1553,#1554,#1555,#1556,
    #1557,#1558,#1559,#1560,#1561,#1562,#1563,#1564,#1565),
  .UNSPECIFIED.,.F.,.F.,(4,1,1,1,1,1,1,1,1,1,1,1,1,1,1,1,1,1,1,1,1,1,4),
  (0.,4.545454545455E-02,9.090909090909E-02,0.136363636364,
    0.181818181818,0.227272727273,0.272727272727,0.318181818182,
    0.363636363636,0.409090909091,0.454545454545,0.5,0.545454545455,
    0.590909090909,0.636363636364,0.681818181818,0.727272727273,
    0.772727272727,0.818181818182,0.863636363636,0.909090909091,
    0.954545454545,1.),.UNSPECIFIED.);
#1541 = CARTESIAN_POINT('',(1.370967869958,-1.499997749604,
    0.457489024786));
#1542 = CARTESIAN_POINT('',(1.374076222437,-1.499997749604,
    0.457489024786));
#1543 = CARTESIAN_POINT('',(1.380270202651,-1.499780650796,
    0.457505093615));
#1544 = CARTESIAN_POINT('',(1.38952169345,-1.498787310038,0.45749863517)
  );
#1545 = CARTESIAN_POINT('',(1.398627520191,-1.497148485879,
    0.457500365705));
#1546 = CARTESIAN_POINT('',(1.407594085591,-1.494865959888,0.45749990201
    ));
#1547 = CARTESIAN_POINT('',(1.416362958439,-1.491952251725,
    0.457500026256));
#1548 = CARTESIAN_POINT('',(1.424861979156,-1.488437588878,
    0.457499992965));
#1549 = CARTESIAN_POINT('',(1.433100702598,-1.484319860128,
    0.457500001885));
#1550 = CARTESIAN_POINT('',(1.441007071307,-1.479632527598,
    0.457499999495));
#1551 = CARTESIAN_POINT('',(1.448537642935,-1.474408282953,
    0.457500000136));
#1552 = CARTESIAN_POINT('',(1.455693055484,-1.4686449813,0.457499999961)
  );
#1553 = CARTESIAN_POINT('',(1.462400232537,-1.462400232537,
    0.457500000019));
#1554 = CARTESIAN_POINT('',(1.4686449813,-1.455693055484,0.457499999961)
  );
#1555 = CARTESIAN_POINT('',(1.474408282953,-1.448537642935,
    0.457500000136));
#1556 = CARTESIAN_POINT('',(1.479632527598,-1.441007071307,
    0.457499999495));
#1557 = CARTESIAN_POINT('',(1.484319860128,-1.433100702598,
    0.457500001885));
#1558 = CARTESIAN_POINT('',(1.488437588878,-1.424861979156,
    0.457499992965));
#1559 = CARTESIAN_POINT('',(1.491952251725,-1.416362958439,
    0.457500026256));
#1560 = CARTESIAN_POINT('',(1.494865959888,-1.407594085591,0.45749990201
    ));
#1561 = CARTESIAN_POINT('',(1.497148485879,-1.398627520191,
    0.457500365705));
#1562 = CARTESIAN_POINT('',(1.498787310038,-1.38952169345,0.45749863517)
  );
#1563 = CARTESIAN_POINT('',(1.499780650796,-1.380270202651,
    0.457505093615));
#1564 = CARTESIAN_POINT('',(1.499997749604,-1.374076222437,
    0.457489024786));
#1565 = CARTESIAN_POINT('',(1.499997749604,-1.370967869959,
    0.457489024786));
#1566 = ORIENTED_EDGE('',*,*,#1116,.T.);
#1567 = CYLINDRICAL_SURFACE('',#1568,0.13);
#1568 = AXIS2_PLACEMENT_3D('',#1569,#1570,#1571);
#1569 = CARTESIAN_POINT('',(1.370969000287,-1.370969000287,
    0.473343014643));
#1570 = DIRECTION('',(0.120974291151,-0.120974291151,0.985256536015));
#1571 = DIRECTION('',(-1.068416188854E-14,-0.992546151641,
    -0.121869343405));
#1572 = ADVANCED_FACE('',(#1573),#1585,.T.);
#1573 = FACE_BOUND('',#1574,.T.);
#1574 = EDGE_LOOP('',(#1575,#1582,#1583,#1584));
#1575 = ORIENTED_EDGE('',*,*,#1576,.T.);
#1576 = EDGE_CURVE('',#1359,#1117,#1577,.T.);
#1577 = CIRCLE('',#1578,0.13);
#1578 = AXIS2_PLACEMENT_3D('',#1579,#1580,#1581);
#1579 = CARTESIAN_POINT('',(1.341090235085,-1.341090235085,0.23));
#1580 = DIRECTION('',(-1.,0.,0.));
#1581 = DIRECTION('',(0.,0.,-1.));
#1582 = ORIENTED_EDGE('',*,*,#1124,.T.);
#1583 = ORIENTED_EDGE('',*,*,#1383,.T.);
#1584 = ORIENTED_EDGE('',*,*,#1358,.F.);
#1585 = CYLINDRICAL_SURFACE('',#1586,0.13);
#1586 = AXIS2_PLACEMENT_3D('',#1587,#1588,#1589);
#1587 = CARTESIAN_POINT('',(1.341090235085,-1.341090235085,0.23));
#1588 = DIRECTION('',(-1.,0.,0.));
#1589 = DIRECTION('',(0.,0.,-1.));
#1590 = ADVANCED_FACE('',(#1591),#1603,.T.);
#1591 = FACE_BOUND('',#1592,.T.);
#1592 = EDGE_LOOP('',(#1593,#1600,#1601,#1602));
#1593 = ORIENTED_EDGE('',*,*,#1594,.T.);
#1594 = EDGE_CURVE('',#1158,#1223,#1595,.T.);
#1595 = CIRCLE('',#1596,0.13);
#1596 = AXIS2_PLACEMENT_3D('',#1597,#1598,#1599);
#1597 = CARTESIAN_POINT('',(1.341090235085,-1.341090235085,0.835));
#1598 = DIRECTION('',(0.,1.,0.));
#1599 = DIRECTION('',(0.,0.,1.));
#1600 = ORIENTED_EDGE('',*,*,#1230,.T.);
#1601 = ORIENTED_EDGE('',*,*,#1313,.T.);
#1602 = ORIENTED_EDGE('',*,*,#1157,.F.);
#1603 = CYLINDRICAL_SURFACE('',#1604,0.13);
#1604 = AXIS2_PLACEMENT_3D('',#1605,#1606,#1607);
#1605 = CARTESIAN_POINT('',(1.341090235085,-1.470121234798,0.835));
#1606 = DIRECTION('',(0.,1.,0.));
#1607 = DIRECTION('',(0.,0.,1.));
#1608 = ADVANCED_FACE('',(#1609),#1628,.F.);
#1609 = FACE_BOUND('',#1610,.T.);
#1610 = EDGE_LOOP('',(#1611,#1620,#1626,#1627));
#1611 = ORIENTED_EDGE('',*,*,#1612,.F.);
#1612 = EDGE_CURVE('',#1613,#1613,#1615,.T.);
#1613 = VERTEX_POINT('',#1614);
#1614 = CARTESIAN_POINT('',(-0.6,0.9,0.95));
#1615 = CIRCLE('',#1616,0.3);
#1616 = AXIS2_PLACEMENT_3D('',#1617,#1618,#1619);
#1617 = CARTESIAN_POINT('',(-0.9,0.9,0.95));
#1618 = DIRECTION('',(0.,0.,1.));
#1619 = DIRECTION('',(1.,0.,0.));
#1620 = ORIENTED_EDGE('',*,*,#1621,.T.);
#1621 = EDGE_CURVE('',#1613,#1176,#1622,.T.);
#1622 = LINE('',#1623,#1624);
#1623 = CARTESIAN_POINT('',(-0.6,0.9,0.95));
#1624 = VECTOR('',#1625,1.);
#1625 = DIRECTION('',(0.,0.,1.));
#1626 = ORIENTED_EDGE('',*,*,#1175,.F.);
#1627 = ORIENTED_EDGE('',*,*,#1621,.F.);
#1628 = CYLINDRICAL_SURFACE('',#1629,0.3);
#1629 = AXIS2_PLACEMENT_3D('',#1630,#1631,#1632);
#1630 = CARTESIAN_POINT('',(-0.9,0.9,0.95));
#1631 = DIRECTION('',(-0.,-0.,-1.));
#1632 = DIRECTION('',(1.,0.,0.));
#1633 = ADVANCED_FACE('',(#1634),#1646,.T.);
#1634 = FACE_BOUND('',#1635,.T.);
#1635 = EDGE_LOOP('',(#1636,#1637,#1638,#1645));
#1636 = ORIENTED_EDGE('',*,*,#1331,.T.);
#1637 = ORIENTED_EDGE('',*,*,#1271,.T.);
#1638 = ORIENTED_EDGE('',*,*,#1639,.T.);
#1639 = EDGE_CURVE('',#1272,#1359,#1640,.T.);
#1640 = CIRCLE('',#1641,0.13);
#1641 = AXIS2_PLACEMENT_3D('',#1642,#1643,#1644);
#1642 = CARTESIAN_POINT('',(1.341090235085,-1.341090235085,0.23));
#1643 = DIRECTION('',(0.,1.,0.));
#1644 = DIRECTION('',(0.992546151641,0.,-0.121869343405));
#1645 = ORIENTED_EDGE('',*,*,#1366,.F.);
#1646 = CYLINDRICAL_SURFACE('',#1647,0.13);
#1647 = AXIS2_PLACEMENT_3D('',#1648,#1649,#1650);
#1648 = CARTESIAN_POINT('',(1.341090235085,1.456104519477,0.23));
#1649 = DIRECTION('',(0.,-1.,0.));
#1650 = DIRECTION('',(0.,0.,-1.));
#1651 = ADVANCED_FACE('',(#1652),#1656,.F.);
#1652 = FACE_BOUND('',#1653,.F.);
#1653 = EDGE_LOOP('',(#1654,#1655));
#1654 = ORIENTED_EDGE('',*,*,#1400,.T.);
#1655 = ORIENTED_EDGE('',*,*,#1494,.F.);
#1656 = PLANE('',#1657);
#1657 = AXIS2_PLACEMENT_3D('',#1658,#1659,#1660);
#1658 = CARTESIAN_POINT('',(0.,0.,0.6075));
#1659 = DIRECTION('',(0.,0.,1.));
#1660 = DIRECTION('',(0.,1.,0.));
#1661 = ADVANCED_FACE('',(#1662),#1666,.F.);
#1662 = FACE_BOUND('',#1663,.F.);
#1663 = EDGE_LOOP('',(#1664,#1665));
#1664 = ORIENTED_EDGE('',*,*,#1431,.F.);
#1665 = ORIENTED_EDGE('',*,*,#1539,.F.);
#1666 = PLANE('',#1667);
#1667 = AXIS2_PLACEMENT_3D('',#1668,#1669,#1670);
#1668 = CARTESIAN_POINT('',(-1.5,-1.5,0.4575));
#1669 = DIRECTION('',(0.,0.,-1.));
#1670 = DIRECTION('',(0.,1.,0.));
#1671 = ADVANCED_FACE('',(#1672),#1677,.T.);
#1672 = FACE_BOUND('',#1673,.T.);
#1673 = EDGE_LOOP('',(#1674,#1675,#1676));
#1674 = ORIENTED_EDGE('',*,*,#1470,.T.);
#1675 = ORIENTED_EDGE('',*,*,#1486,.F.);
#1676 = ORIENTED_EDGE('',*,*,#1594,.F.);
#1677 = SPHERICAL_SURFACE('',#1678,0.13);
#1678 = AXIS2_PLACEMENT_3D('',#1679,#1680,#1681);
#1679 = CARTESIAN_POINT('',(1.341090235085,-1.341090235085,0.835));
#1680 = DIRECTION('',(0.,-0.992546151641,0.121869343405));
#1681 = DIRECTION('',(0.992655640633,1.474305743151E-02,0.12007256713));
#1682 = ADVANCED_FACE('',(#1683),#1688,.T.);
#1683 = FACE_BOUND('',#1684,.T.);
#1684 = EDGE_LOOP('',(#1685,#1686,#1687));
#1685 = ORIENTED_EDGE('',*,*,#1576,.F.);
#1686 = ORIENTED_EDGE('',*,*,#1639,.F.);
#1687 = ORIENTED_EDGE('',*,*,#1531,.F.);
#1688 = SPHERICAL_SURFACE('',#1689,0.13);
#1689 = AXIS2_PLACEMENT_3D('',#1690,#1691,#1692);
#1690 = CARTESIAN_POINT('',(1.341090235085,-1.341090235085,0.23));
#1691 = DIRECTION('',(0.,-0.748955720789,0.662620048216));
#1692 = DIRECTION('',(0.,-0.662620048216,-0.748955720789));
#1693 = ADVANCED_FACE('',(#1694),#1697,.T.);
#1694 = FACE_BOUND('',#1695,.F.);
#1695 = EDGE_LOOP('',(#1696));
#1696 = ORIENTED_EDGE('',*,*,#1612,.F.);
#1697 = PLANE('',#1698);
#1698 = AXIS2_PLACEMENT_3D('',#1699,#1700,#1701);
#1699 = CARTESIAN_POINT('',(-0.9,0.9,0.95));
#1700 = DIRECTION('',(0.,0.,1.));
#1701 = DIRECTION('',(1.,0.,0.));
#1702 = MANIFOLD_SOLID_BREP('',#1703);
#1703 = CLOSED_SHELL('',(#1704,#1812,#1844,#1868,#1892,#1916,#1941,#1965
    ,#1990,#2014,#2038,#2062,#2087,#2104));
#1704 = ADVANCED_FACE('',(#1705),#1807,.F.);
#1705 = FACE_BOUND('',#1706,.F.);
#1706 = EDGE_LOOP('',(#1707,#1718,#1726,#1735,#1743,#1751,#1759,#1768,
    #1776,#1785,#1793,#1801));
#1707 = ORIENTED_EDGE('',*,*,#1708,.F.);
#1708 = EDGE_CURVE('',#1709,#1711,#1713,.T.);
#1709 = VERTEX_POINT('',#1710);
#1710 = CARTESIAN_POINT('',(1.775704126638,0.8625,0.400912044417));
#1711 = VERTEX_POINT('',#1712);
#1712 = CARTESIAN_POINT('',(1.529502188385,0.8625,0.6075));
#1713 = CIRCLE('',#1714,0.25);
#1714 = AXIS2_PLACEMENT_3D('',#1715,#1716,#1717);
#1715 = CARTESIAN_POINT('',(1.529502188385,0.8625,0.3575));
#1716 = DIRECTION('',(0.,-1.,0.));
#1717 = DIRECTION('',(0.984807753012,0.,0.173648177667));
#1718 = ORIENTED_EDGE('',*,*,#1719,.F.);
#1719 = EDGE_CURVE('',#1720,#1709,#1722,.T.);
#1720 = VERTEX_POINT('',#1721);
#1721 = CARTESIAN_POINT('',(1.803442450339,0.8625,0.243600193507));
#1722 = LINE('',#1723,#1724);
#1723 = CARTESIAN_POINT('',(1.803442450339,0.8625,0.243600193507));
#1724 = VECTOR('',#1725,1.);
#1725 = DIRECTION('',(-0.173648177667,0.,0.984807753012));
#1726 = ORIENTED_EDGE('',*,*,#1727,.F.);
#1727 = EDGE_CURVE('',#1728,#1720,#1730,.T.);
#1728 = VERTEX_POINT('',#1729);
#1729 = CARTESIAN_POINT('',(1.894947578266,0.8625,0.161208606248));
#1730 = CIRCLE('',#1731,0.1);
#1731 = AXIS2_PLACEMENT_3D('',#1732,#1733,#1734);
#1732 = CARTESIAN_POINT('',(1.90192322564,0.8625,0.260965011274));
#1733 = DIRECTION('',(0.,1.,0.));
#1734 = DIRECTION('',(-6.975647374413E-02,0.,-0.99756405026));
#1735 = ORIENTED_EDGE('',*,*,#1736,.T.);
#1736 = EDGE_CURVE('',#1728,#1737,#1739,.T.);
#1737 = VERTEX_POINT('',#1738);
#1738 = CARTESIAN_POINT('',(2.060463471062,0.8625,0.149634607539));
#1739 = LINE('',#1740,#1741);
#1740 = CARTESIAN_POINT('',(1.894947578266,0.8625,0.161208606248));
#1741 = VECTOR('',#1742,1.);
#1742 = DIRECTION('',(0.99756405026,0.,-6.975647374413E-02));
#1743 = ORIENTED_EDGE('',*,*,#1744,.T.);
#1744 = EDGE_CURVE('',#1737,#1745,#1747,.T.);
#1745 = VERTEX_POINT('',#1746);
#1746 = CARTESIAN_POINT('',(2.05,0.8625,0.));
#1747 = LINE('',#1748,#1749);
#1748 = CARTESIAN_POINT('',(2.060463471062,0.8625,0.149634607539));
#1749 = VECTOR('',#1750,1.);
#1750 = DIRECTION('',(-6.975647374413E-02,0.,-0.99756405026));
#1751 = ORIENTED_EDGE('',*,*,#1752,.T.);
#1752 = EDGE_CURVE('',#1745,#1753,#1755,.T.);
#1753 = VERTEX_POINT('',#1754);
#1754 = CARTESIAN_POINT('',(1.884484107204,0.8625,1.15739987092E-02));
#1755 = LINE('',#1756,#1757);
#1756 = CARTESIAN_POINT('',(2.05,0.8625,0.));
#1757 = VECTOR('',#1758,1.);
#1758 = DIRECTION('',(-0.99756405026,0.,6.975647374413E-02));
#1759 = ORIENTED_EDGE('',*,*,#1760,.F.);
#1760 = EDGE_CURVE('',#1761,#1753,#1763,.T.);
#1761 = VERTEX_POINT('',#1762);
#1762 = CARTESIAN_POINT('',(1.655721287387,0.8625,0.217552966857));
#1763 = CIRCLE('',#1764,0.25);
#1764 = AXIS2_PLACEMENT_3D('',#1765,#1766,#1767);
#1765 = CARTESIAN_POINT('',(1.90192322564,0.8625,0.260965011274));
#1766 = DIRECTION('',(0.,-1.,0.));
#1767 = DIRECTION('',(-0.984807753012,-0.,-0.173648177667));
#1768 = ORIENTED_EDGE('',*,*,#1769,.F.);
#1769 = EDGE_CURVE('',#1770,#1761,#1772,.T.);
#1770 = VERTEX_POINT('',#1771);
#1771 = CARTESIAN_POINT('',(1.627982963686,0.8625,0.374864817767));
#1772 = LINE('',#1773,#1774);
#1773 = CARTESIAN_POINT('',(1.627982963686,0.8625,0.374864817767));
#1774 = VECTOR('',#1775,1.);
#1775 = DIRECTION('',(0.173648177667,0.,-0.984807753012));
#1776 = ORIENTED_EDGE('',*,*,#1777,.F.);
#1777 = EDGE_CURVE('',#1778,#1770,#1780,.T.);
#1778 = VERTEX_POINT('',#1779);
#1779 = CARTESIAN_POINT('',(1.529502188385,0.8625,0.4575));
#1780 = CIRCLE('',#1781,0.1);
#1781 = AXIS2_PLACEMENT_3D('',#1782,#1783,#1784);
#1782 = CARTESIAN_POINT('',(1.529502188385,0.8625,0.3575));
#1783 = DIRECTION('',(0.,1.,0.));
#1784 = DIRECTION('',(0.,0.,1.));
#1785 = ORIENTED_EDGE('',*,*,#1786,.T.);
#1786 = EDGE_CURVE('',#1778,#1787,#1789,.T.);
#1787 = VERTEX_POINT('',#1788);
#1788 = CARTESIAN_POINT('',(1.5,0.8625,0.4575));
#1789 = LINE('',#1790,#1791);
#1790 = CARTESIAN_POINT('',(1.529502188385,0.8625,0.4575));
#1791 = VECTOR('',#1792,1.);
#1792 = DIRECTION('',(-1.,0.,0.));
#1793 = ORIENTED_EDGE('',*,*,#1794,.T.);
#1794 = EDGE_CURVE('',#1787,#1795,#1797,.T.);
#1795 = VERTEX_POINT('',#1796);
#1796 = CARTESIAN_POINT('',(1.5,0.8625,0.6075));
#1797 = LINE('',#1798,#1799);
#1798 = CARTESIAN_POINT('',(1.5,0.8625,0.4575));
#1799 = VECTOR('',#1800,1.);
#1800 = DIRECTION('',(0.,0.,1.));
#1801 = ORIENTED_EDGE('',*,*,#1802,.T.);
#1802 = EDGE_CURVE('',#1795,#1711,#1803,.T.);
#1803 = LINE('',#1804,#1805);
#1804 = CARTESIAN_POINT('',(1.5,0.8625,0.6075));
#1805 = VECTOR('',#1806,1.);
#1806 = DIRECTION('',(1.,0.,0.));
#1807 = PLANE('',#1808);
#1808 = AXIS2_PLACEMENT_3D('',#1809,#1810,#1811);
#1809 = CARTESIAN_POINT('',(1.65,0.8625,0.25));
#1810 = DIRECTION('',(0.,1.,0.));
#1811 = DIRECTION('',(-1.,0.,0.));
#1812 = ADVANCED_FACE('',(#1813),#1839,.T.);
#1813 = FACE_BOUND('',#1814,.T.);
#1814 = EDGE_LOOP('',(#1815,#1823,#1832,#1838));
#1815 = ORIENTED_EDGE('',*,*,#1816,.F.);
#1816 = EDGE_CURVE('',#1817,#1709,#1819,.T.);
#1817 = VERTEX_POINT('',#1818);
#1818 = CARTESIAN_POINT('',(1.775704126638,1.0875,0.400912044417));
#1819 = LINE('',#1820,#1821);
#1820 = CARTESIAN_POINT('',(1.775704126638,1.0875,0.400912044417));
#1821 = VECTOR('',#1822,1.);
#1822 = DIRECTION('',(0.,-1.,0.));
#1823 = ORIENTED_EDGE('',*,*,#1824,.F.);
#1824 = EDGE_CURVE('',#1825,#1817,#1827,.T.);
#1825 = VERTEX_POINT('',#1826);
#1826 = CARTESIAN_POINT('',(1.529502188385,1.0875,0.6075));
#1827 = CIRCLE('',#1828,0.25);
#1828 = AXIS2_PLACEMENT_3D('',#1829,#1830,#1831);
#1829 = CARTESIAN_POINT('',(1.529502188385,1.0875,0.3575));
#1830 = DIRECTION('',(0.,1.,0.));
#1831 = DIRECTION('',(0.,0.,1.));
#1832 = ORIENTED_EDGE('',*,*,#1833,.T.);
#1833 = EDGE_CURVE('',#1825,#1711,#1834,.T.);
#1834 = LINE('',#1835,#1836);
#1835 = CARTESIAN_POINT('',(1.529502188385,1.0875,0.6075));
#1836 = VECTOR('',#1837,1.);
#1837 = DIRECTION('',(0.,-1.,0.));
#1838 = ORIENTED_EDGE('',*,*,#1708,.F.);
#1839 = CYLINDRICAL_SURFACE('',#1840,0.25);
#1840 = AXIS2_PLACEMENT_3D('',#1841,#1842,#1843);
#1841 = CARTESIAN_POINT('',(1.529502188385,1.41087,0.3575));
#1842 = DIRECTION('',(0.,-1.,0.));
#1843 = DIRECTION('',(0.984807753012,0.,0.173648177667));
#1844 = ADVANCED_FACE('',(#1845),#1863,.T.);
#1845 = FACE_BOUND('',#1846,.F.);
#1846 = EDGE_LOOP('',(#1847,#1848,#1849,#1857));
#1847 = ORIENTED_EDGE('',*,*,#1833,.T.);
#1848 = ORIENTED_EDGE('',*,*,#1802,.F.);
#1849 = ORIENTED_EDGE('',*,*,#1850,.T.);
#1850 = EDGE_CURVE('',#1795,#1851,#1853,.T.);
#1851 = VERTEX_POINT('',#1852);
#1852 = CARTESIAN_POINT('',(1.5,1.0875,0.6075));
#1853 = LINE('',#1854,#1855);
#1854 = CARTESIAN_POINT('',(1.5,0.8625,0.6075));
#1855 = VECTOR('',#1856,1.);
#1856 = DIRECTION('',(0.,1.,0.));
#1857 = ORIENTED_EDGE('',*,*,#1858,.T.);
#1858 = EDGE_CURVE('',#1851,#1825,#1859,.T.);
#1859 = LINE('',#1860,#1861);
#1860 = CARTESIAN_POINT('',(1.5,1.0875,0.6075));
#1861 = VECTOR('',#1862,1.);
#1862 = DIRECTION('',(1.,0.,0.));
#1863 = PLANE('',#1864);
#1864 = AXIS2_PLACEMENT_3D('',#1865,#1866,#1867);
#1865 = CARTESIAN_POINT('',(1.5,0.8625,0.6075));
#1866 = DIRECTION('',(0.,0.,1.));
#1867 = DIRECTION('',(1.,0.,0.));
#1868 = ADVANCED_FACE('',(#1869),#1887,.T.);
#1869 = FACE_BOUND('',#1870,.F.);
#1870 = EDGE_LOOP('',(#1871,#1872,#1880,#1886));
#1871 = ORIENTED_EDGE('',*,*,#1794,.F.);
#1872 = ORIENTED_EDGE('',*,*,#1873,.T.);
#1873 = EDGE_CURVE('',#1787,#1874,#1876,.T.);
#1874 = VERTEX_POINT('',#1875);
#1875 = CARTESIAN_POINT('',(1.5,1.0875,0.4575));
#1876 = LINE('',#1877,#1878);
#1877 = CARTESIAN_POINT('',(1.5,0.8625,0.4575));
#1878 = VECTOR('',#1879,1.);
#1879 = DIRECTION('',(0.,1.,0.));
#1880 = ORIENTED_EDGE('',*,*,#1881,.T.);
#1881 = EDGE_CURVE('',#1874,#1851,#1882,.T.);
#1882 = LINE('',#1883,#1884);
#1883 = CARTESIAN_POINT('',(1.5,1.0875,0.4575));
#1884 = VECTOR('',#1885,1.);
#1885 = DIRECTION('',(0.,0.,1.));
#1886 = ORIENTED_EDGE('',*,*,#1850,.F.);
#1887 = PLANE('',#1888);
#1888 = AXIS2_PLACEMENT_3D('',#1889,#1890,#1891);
#1889 = CARTESIAN_POINT('',(1.5,0.8625,0.4575));
#1890 = DIRECTION('',(-1.,0.,0.));
#1891 = DIRECTION('',(0.,0.,1.));
#1892 = ADVANCED_FACE('',(#1893),#1911,.T.);
#1893 = FACE_BOUND('',#1894,.F.);
#1894 = EDGE_LOOP('',(#1895,#1903,#1909,#1910));
#1895 = ORIENTED_EDGE('',*,*,#1896,.F.);
#1896 = EDGE_CURVE('',#1897,#1778,#1899,.T.);
#1897 = VERTEX_POINT('',#1898);
#1898 = CARTESIAN_POINT('',(1.529502188385,1.0875,0.4575));
#1899 = LINE('',#1900,#1901);
#1900 = CARTESIAN_POINT('',(1.529502188385,1.0875,0.4575));
#1901 = VECTOR('',#1902,1.);
#1902 = DIRECTION('',(0.,-1.,0.));
#1903 = ORIENTED_EDGE('',*,*,#1904,.T.);
#1904 = EDGE_CURVE('',#1897,#1874,#1905,.T.);
#1905 = LINE('',#1906,#1907);
#1906 = CARTESIAN_POINT('',(1.529502188385,1.0875,0.4575));
#1907 = VECTOR('',#1908,1.);
#1908 = DIRECTION('',(-1.,0.,0.));
#1909 = ORIENTED_EDGE('',*,*,#1873,.F.);
#1910 = ORIENTED_EDGE('',*,*,#1786,.F.);
#1911 = PLANE('',#1912);
#1912 = AXIS2_PLACEMENT_3D('',#1913,#1914,#1915);
#1913 = CARTESIAN_POINT('',(1.613412151503,0.8625,0.4575));
#1914 = DIRECTION('',(0.,0.,-1.));
#1915 = DIRECTION('',(-1.,0.,0.));
#1916 = ADVANCED_FACE('',(#1917),#1936,.F.);
#1917 = FACE_BOUND('',#1918,.F.);
#1918 = EDGE_LOOP('',(#1919,#1927,#1934,#1935));
#1919 = ORIENTED_EDGE('',*,*,#1920,.F.);
#1920 = EDGE_CURVE('',#1921,#1770,#1923,.T.);
#1921 = VERTEX_POINT('',#1922);
#1922 = CARTESIAN_POINT('',(1.627982963686,1.0875,0.374864817767));
#1923 = LINE('',#1924,#1925);
#1924 = CARTESIAN_POINT('',(1.627982963686,1.0875,0.374864817767));
#1925 = VECTOR('',#1926,1.);
#1926 = DIRECTION('',(0.,-1.,0.));
#1927 = ORIENTED_EDGE('',*,*,#1928,.T.);
#1928 = EDGE_CURVE('',#1921,#1897,#1929,.T.);
#1929 = CIRCLE('',#1930,0.1);
#1930 = AXIS2_PLACEMENT_3D('',#1931,#1932,#1933);
#1931 = CARTESIAN_POINT('',(1.529502188385,1.0875,0.3575));
#1932 = DIRECTION('',(0.,-1.,0.));
#1933 = DIRECTION('',(0.984807753012,0.,0.173648177667));
#1934 = ORIENTED_EDGE('',*,*,#1896,.T.);
#1935 = ORIENTED_EDGE('',*,*,#1777,.T.);
#1936 = CYLINDRICAL_SURFACE('',#1937,0.1);
#1937 = AXIS2_PLACEMENT_3D('',#1938,#1939,#1940);
#1938 = CARTESIAN_POINT('',(1.529502188385,1.38081,0.3575));
#1939 = DIRECTION('',(0.,-1.,0.));
#1940 = DIRECTION('',(0.984807753012,0.,0.173648177667));
#1941 = ADVANCED_FACE('',(#1942),#1960,.T.);
#1942 = FACE_BOUND('',#1943,.F.);
#1943 = EDGE_LOOP('',(#1944,#1945,#1946,#1954));
#1944 = ORIENTED_EDGE('',*,*,#1920,.T.);
#1945 = ORIENTED_EDGE('',*,*,#1769,.T.);
#1946 = ORIENTED_EDGE('',*,*,#1947,.T.);
#1947 = EDGE_CURVE('',#1761,#1948,#1950,.T.);
#1948 = VERTEX_POINT('',#1949);
#1949 = CARTESIAN_POINT('',(1.655721287387,1.0875,0.217552966857));
#1950 = LINE('',#1951,#1952);
#1951 = CARTESIAN_POINT('',(1.655721287387,0.8625,0.217552966857));
#1952 = VECTOR('',#1953,1.);
#1953 = DIRECTION('',(0.,1.,0.));
#1954 = ORIENTED_EDGE('',*,*,#1955,.T.);
#1955 = EDGE_CURVE('',#1948,#1921,#1956,.T.);
#1956 = LINE('',#1957,#1958);
#1957 = CARTESIAN_POINT('',(1.655721287387,1.0875,0.217552966857));
#1958 = VECTOR('',#1959,1.);
#1959 = DIRECTION('',(-0.173648177667,0.,0.984807753012));
#1960 = PLANE('',#1961);
#1961 = AXIS2_PLACEMENT_3D('',#1962,#1963,#1964);
#1962 = CARTESIAN_POINT('',(1.689638493707,0.8625,2.51989312822E-02));
#1963 = DIRECTION('',(-0.984807753012,0.,-0.173648177667));
#1964 = DIRECTION('',(-0.173648177667,0.,0.984807753012));
#1965 = ADVANCED_FACE('',(#1966),#1985,.T.);
#1966 = FACE_BOUND('',#1967,.T.);
#1967 = EDGE_LOOP('',(#1968,#1977,#1983,#1984));
#1968 = ORIENTED_EDGE('',*,*,#1969,.T.);
#1969 = EDGE_CURVE('',#1948,#1970,#1972,.T.);
#1970 = VERTEX_POINT('',#1971);
#1971 = CARTESIAN_POINT('',(1.884484107204,1.0875,1.15739987092E-02));
#1972 = CIRCLE('',#1973,0.25);
#1973 = AXIS2_PLACEMENT_3D('',#1974,#1975,#1976);
#1974 = CARTESIAN_POINT('',(1.90192322564,1.0875,0.260965011274));
#1975 = DIRECTION('',(0.,-1.,0.));
#1976 = DIRECTION('',(-0.984807753012,-0.,-0.173648177667));
#1977 = ORIENTED_EDGE('',*,*,#1978,.F.);
#1978 = EDGE_CURVE('',#1753,#1970,#1979,.T.);
#1979 = LINE('',#1980,#1981);
#1980 = CARTESIAN_POINT('',(1.884484107204,0.8625,1.15739987092E-02));
#1981 = VECTOR('',#1982,1.);
#1982 = DIRECTION('',(0.,1.,0.));
#1983 = ORIENTED_EDGE('',*,*,#1760,.F.);
#1984 = ORIENTED_EDGE('',*,*,#1947,.T.);
#1985 = CYLINDRICAL_SURFACE('',#1986,0.25);
#1986 = AXIS2_PLACEMENT_3D('',#1987,#1988,#1989);
#1987 = CARTESIAN_POINT('',(1.90192322564,0.8625,0.260965011274));
#1988 = DIRECTION('',(0.,-1.,0.));
#1989 = DIRECTION('',(-0.984807753012,-0.,-0.173648177667));
#1990 = ADVANCED_FACE('',(#1991),#2009,.T.);
#1991 = FACE_BOUND('',#1992,.F.);
#1992 = EDGE_LOOP('',(#1993,#1994,#2002,#2008));
#1993 = ORIENTED_EDGE('',*,*,#1752,.F.);
#1994 = ORIENTED_EDGE('',*,*,#1995,.T.);
#1995 = EDGE_CURVE('',#1745,#1996,#1998,.T.);
#1996 = VERTEX_POINT('',#1997);
#1997 = CARTESIAN_POINT('',(2.05,1.0875,0.));
#1998 = LINE('',#1999,#2000);
#1999 = CARTESIAN_POINT('',(2.05,0.8625,0.));
#2000 = VECTOR('',#2001,1.);
#2001 = DIRECTION('',(0.,1.,0.));
#2002 = ORIENTED_EDGE('',*,*,#2003,.T.);
#2003 = EDGE_CURVE('',#1996,#1970,#2004,.T.);
#2004 = LINE('',#2005,#2006);
#2005 = CARTESIAN_POINT('',(2.05,1.0875,0.));
#2006 = VECTOR('',#2007,1.);
#2007 = DIRECTION('',(-0.99756405026,0.,6.975647374413E-02));
#2008 = ORIENTED_EDGE('',*,*,#1978,.F.);
#2009 = PLANE('',#2010);
#2010 = AXIS2_PLACEMENT_3D('',#2011,#2012,#2013);
#2011 = CARTESIAN_POINT('',(2.05,0.8625,0.));
#2012 = DIRECTION('',(-6.975647374413E-02,0.,-0.99756405026));
#2013 = DIRECTION('',(-0.99756405026,0.,6.975647374413E-02));
#2014 = ADVANCED_FACE('',(#2015),#2033,.T.);
#2015 = FACE_BOUND('',#2016,.F.);
#2016 = EDGE_LOOP('',(#2017,#2018,#2026,#2032));
#2017 = ORIENTED_EDGE('',*,*,#1744,.F.);
#2018 = ORIENTED_EDGE('',*,*,#2019,.T.);
#2019 = EDGE_CURVE('',#1737,#2020,#2022,.T.);
#2020 = VERTEX_POINT('',#2021);
#2021 = CARTESIAN_POINT('',(2.060463471062,1.0875,0.149634607539));
#2022 = LINE('',#2023,#2024);
#2023 = CARTESIAN_POINT('',(2.060463471062,0.8625,0.149634607539));
#2024 = VECTOR('',#2025,1.);
#2025 = DIRECTION('',(0.,1.,0.));
#2026 = ORIENTED_EDGE('',*,*,#2027,.T.);
#2027 = EDGE_CURVE('',#2020,#1996,#2028,.T.);
#2028 = LINE('',#2029,#2030);
#2029 = CARTESIAN_POINT('',(2.060463471062,1.0875,0.149634607539));
#2030 = VECTOR('',#2031,1.);
#2031 = DIRECTION('',(-6.975647374413E-02,0.,-0.99756405026));
#2032 = ORIENTED_EDGE('',*,*,#1995,.F.);
#2033 = PLANE('',#2034);
#2034 = AXIS2_PLACEMENT_3D('',#2035,#2036,#2037);
#2035 = CARTESIAN_POINT('',(2.060463471062,0.8625,0.149634607539));
#2036 = DIRECTION('',(0.99756405026,0.,-6.975647374413E-02));
#2037 = DIRECTION('',(-6.975647374413E-02,0.,-0.99756405026));
#2038 = ADVANCED_FACE('',(#2039),#2057,.T.);
#2039 = FACE_BOUND('',#2040,.F.);
#2040 = EDGE_LOOP('',(#2041,#2042,#2050,#2056));
#2041 = ORIENTED_EDGE('',*,*,#1736,.F.);
#2042 = ORIENTED_EDGE('',*,*,#2043,.T.);
#2043 = EDGE_CURVE('',#1728,#2044,#2046,.T.);
#2044 = VERTEX_POINT('',#2045);
#2045 = CARTESIAN_POINT('',(1.894947578266,1.0875,0.161208606248));
#2046 = LINE('',#2047,#2048);
#2047 = CARTESIAN_POINT('',(1.894947578266,0.8625,0.161208606248));
#2048 = VECTOR('',#2049,1.);
#2049 = DIRECTION('',(0.,1.,0.));
#2050 = ORIENTED_EDGE('',*,*,#2051,.T.);
#2051 = EDGE_CURVE('',#2044,#2020,#2052,.T.);
#2052 = LINE('',#2053,#2054);
#2053 = CARTESIAN_POINT('',(1.894947578266,1.0875,0.161208606248));
#2054 = VECTOR('',#2055,1.);
#2055 = DIRECTION('',(0.99756405026,0.,-6.975647374413E-02));
#2056 = ORIENTED_EDGE('',*,*,#2019,.F.);
#2057 = PLANE('',#2058);
#2058 = AXIS2_PLACEMENT_3D('',#2059,#2060,#2061);
#2059 = CARTESIAN_POINT('',(1.817009332867,0.8625,0.166658579277));
#2060 = DIRECTION('',(6.975647374413E-02,0.,0.99756405026));
#2061 = DIRECTION('',(0.99756405026,0.,-6.975647374413E-02));
#2062 = ADVANCED_FACE('',(#2063),#2082,.F.);
#2063 = FACE_BOUND('',#2064,.F.);
#2064 = EDGE_LOOP('',(#2065,#2066,#2067,#2075));
#2065 = ORIENTED_EDGE('',*,*,#2043,.F.);
#2066 = ORIENTED_EDGE('',*,*,#1727,.T.);
#2067 = ORIENTED_EDGE('',*,*,#2068,.T.);
#2068 = EDGE_CURVE('',#1720,#2069,#2071,.T.);
#2069 = VERTEX_POINT('',#2070);
#2070 = CARTESIAN_POINT('',(1.803442450339,1.0875,0.243600193507));
#2071 = LINE('',#2072,#2073);
#2072 = CARTESIAN_POINT('',(1.803442450339,0.8625,0.243600193507));
#2073 = VECTOR('',#2074,1.);
#2074 = DIRECTION('',(0.,1.,0.));
#2075 = ORIENTED_EDGE('',*,*,#2076,.F.);
#2076 = EDGE_CURVE('',#2044,#2069,#2077,.T.);
#2077 = CIRCLE('',#2078,0.1);
#2078 = AXIS2_PLACEMENT_3D('',#2079,#2080,#2081);
#2079 = CARTESIAN_POINT('',(1.90192322564,1.0875,0.260965011274));
#2080 = DIRECTION('',(0.,1.,0.));
#2081 = DIRECTION('',(-6.975647374413E-02,0.,-0.99756405026));
#2082 = CYLINDRICAL_SURFACE('',#2083,0.1);
#2083 = AXIS2_PLACEMENT_3D('',#2084,#2085,#2086);
#2084 = CARTESIAN_POINT('',(1.90192322564,0.8625,0.260965011274));
#2085 = DIRECTION('',(0.,1.,0.));
#2086 = DIRECTION('',(-6.975647374413E-02,0.,-0.99756405026));
#2087 = ADVANCED_FACE('',(#2088),#2099,.T.);
#2088 = FACE_BOUND('',#2089,.F.);
#2089 = EDGE_LOOP('',(#2090,#2091,#2097,#2098));
#2090 = ORIENTED_EDGE('',*,*,#1816,.F.);
#2091 = ORIENTED_EDGE('',*,*,#2092,.T.);
#2092 = EDGE_CURVE('',#1817,#2069,#2093,.T.);
#2093 = LINE('',#2094,#2095);
#2094 = CARTESIAN_POINT('',(1.775704126638,1.0875,0.400912044417));
#2095 = VECTOR('',#2096,1.);
#2096 = DIRECTION('',(0.173648177667,0.,-0.984807753012));
#2097 = ORIENTED_EDGE('',*,*,#2068,.F.);
#2098 = ORIENTED_EDGE('',*,*,#1719,.T.);
#2099 = PLANE('',#2100);
#2100 = AXIS2_PLACEMENT_3D('',#2101,#2102,#2103);
#2101 = CARTESIAN_POINT('',(1.797721162952,0.8625,0.27604722665));
#2102 = DIRECTION('',(0.984807753012,0.,0.173648177667));
#2103 = DIRECTION('',(0.173648177667,0.,-0.984807753012));
#2104 = ADVANCED_FACE('',(#2105),#2119,.T.);
#2105 = FACE_BOUND('',#2106,.F.);
#2106 = EDGE_LOOP('',(#2107,#2108,#2109,#2110,#2111,#2112,#2113,#2114,
    #2115,#2116,#2117,#2118));
#2107 = ORIENTED_EDGE('',*,*,#1824,.F.);
#2108 = ORIENTED_EDGE('',*,*,#1858,.F.);
#2109 = ORIENTED_EDGE('',*,*,#1881,.F.);
#2110 = ORIENTED_EDGE('',*,*,#1904,.F.);
#2111 = ORIENTED_EDGE('',*,*,#1928,.F.);
#2112 = ORIENTED_EDGE('',*,*,#1955,.F.);
#2113 = ORIENTED_EDGE('',*,*,#1969,.T.);
#2114 = ORIENTED_EDGE('',*,*,#2003,.F.);
#2115 = ORIENTED_EDGE('',*,*,#2027,.F.);
#2116 = ORIENTED_EDGE('',*,*,#2051,.F.);
#2117 = ORIENTED_EDGE('',*,*,#2076,.T.);
#2118 = ORIENTED_EDGE('',*,*,#2092,.F.);
#2119 = PLANE('',#2120);
#2120 = AXIS2_PLACEMENT_3D('',#2121,#2122,#2123);
#2121 = CARTESIAN_POINT('',(1.65,1.0875,0.25));
#2122 = DIRECTION('',(0.,1.,0.));
#2123 = DIRECTION('',(-1.,0.,0.));
#2124 = MANIFOLD_SOLID_BREP('',#2125);
#2125 = CLOSED_SHELL('',(#2126,#2234,#2266,#2290,#2314,#2338,#2363,#2387
    ,#2412,#2436,#2460,#2484,#2509,#2526));
#2126 = ADVANCED_FACE('',(#2127),#2229,.F.);
#2127 = FACE_BOUND('',#2128,.F.);
#2128 = EDGE_LOOP('',(#2129,#2140,#2148,#2157,#2165,#2173,#2181,#2190,
    #2198,#2207,#2215,#2223));
#2129 = ORIENTED_EDGE('',*,*,#2130,.F.);
#2130 = EDGE_CURVE('',#2131,#2133,#2135,.T.);
#2131 = VERTEX_POINT('',#2132);
#2132 = CARTESIAN_POINT('',(1.775704126638,0.2125,0.400912044417));
#2133 = VERTEX_POINT('',#2134);
#2134 = CARTESIAN_POINT('',(1.529502188385,0.2125,0.6075));
#2135 = CIRCLE('',#2136,0.25);
#2136 = AXIS2_PLACEMENT_3D('',#2137,#2138,#2139);
#2137 = CARTESIAN_POINT('',(1.529502188385,0.2125,0.3575));
#2138 = DIRECTION('',(0.,-1.,0.));
#2139 = DIRECTION('',(0.984807753012,0.,0.173648177667));
#2140 = ORIENTED_EDGE('',*,*,#2141,.F.);
#2141 = EDGE_CURVE('',#2142,#2131,#2144,.T.);
#2142 = VERTEX_POINT('',#2143);
#2143 = CARTESIAN_POINT('',(1.803442450339,0.2125,0.243600193507));
#2144 = LINE('',#2145,#2146);
#2145 = CARTESIAN_POINT('',(1.803442450339,0.2125,0.243600193507));
#2146 = VECTOR('',#2147,1.);
#2147 = DIRECTION('',(-0.173648177667,0.,0.984807753012));
#2148 = ORIENTED_EDGE('',*,*,#2149,.F.);
#2149 = EDGE_CURVE('',#2150,#2142,#2152,.T.);
#2150 = VERTEX_POINT('',#2151);
#2151 = CARTESIAN_POINT('',(1.894947578266,0.2125,0.161208606248));
#2152 = CIRCLE('',#2153,0.1);
#2153 = AXIS2_PLACEMENT_3D('',#2154,#2155,#2156);
#2154 = CARTESIAN_POINT('',(1.90192322564,0.2125,0.260965011274));
#2155 = DIRECTION('',(0.,1.,0.));
#2156 = DIRECTION('',(-6.975647374413E-02,0.,-0.99756405026));
#2157 = ORIENTED_EDGE('',*,*,#2158,.T.);
#2158 = EDGE_CURVE('',#2150,#2159,#2161,.T.);
#2159 = VERTEX_POINT('',#2160);
#2160 = CARTESIAN_POINT('',(2.060463471062,0.2125,0.149634607539));
#2161 = LINE('',#2162,#2163);
#2162 = CARTESIAN_POINT('',(1.894947578266,0.2125,0.161208606248));
#2163 = VECTOR('',#2164,1.);
#2164 = DIRECTION('',(0.99756405026,0.,-6.975647374413E-02));
#2165 = ORIENTED_EDGE('',*,*,#2166,.T.);
#2166 = EDGE_CURVE('',#2159,#2167,#2169,.T.);
#2167 = VERTEX_POINT('',#2168);
#2168 = CARTESIAN_POINT('',(2.05,0.2125,0.));
#2169 = LINE('',#2170,#2171);
#2170 = CARTESIAN_POINT('',(2.060463471062,0.2125,0.149634607539));
#2171 = VECTOR('',#2172,1.);
#2172 = DIRECTION('',(-6.975647374413E-02,0.,-0.99756405026));
#2173 = ORIENTED_EDGE('',*,*,#2174,.T.);
#2174 = EDGE_CURVE('',#2167,#2175,#2177,.T.);
#2175 = VERTEX_POINT('',#2176);
#2176 = CARTESIAN_POINT('',(1.884484107204,0.2125,1.15739987092E-02));
#2177 = LINE('',#2178,#2179);
#2178 = CARTESIAN_POINT('',(2.05,0.2125,0.));
#2179 = VECTOR('',#2180,1.);
#2180 = DIRECTION('',(-0.99756405026,0.,6.975647374413E-02));
#2181 = ORIENTED_EDGE('',*,*,#2182,.F.);
#2182 = EDGE_CURVE('',#2183,#2175,#2185,.T.);
#2183 = VERTEX_POINT('',#2184);
#2184 = CARTESIAN_POINT('',(1.655721287387,0.2125,0.217552966857));
#2185 = CIRCLE('',#2186,0.25);
#2186 = AXIS2_PLACEMENT_3D('',#2187,#2188,#2189);
#2187 = CARTESIAN_POINT('',(1.90192322564,0.2125,0.260965011274));
#2188 = DIRECTION('',(0.,-1.,0.));
#2189 = DIRECTION('',(-0.984807753012,-0.,-0.173648177667));
#2190 = ORIENTED_EDGE('',*,*,#2191,.F.);
#2191 = EDGE_CURVE('',#2192,#2183,#2194,.T.);
#2192 = VERTEX_POINT('',#2193);
#2193 = CARTESIAN_POINT('',(1.627982963686,0.2125,0.374864817767));
#2194 = LINE('',#2195,#2196);
#2195 = CARTESIAN_POINT('',(1.627982963686,0.2125,0.374864817767));
#2196 = VECTOR('',#2197,1.);
#2197 = DIRECTION('',(0.173648177667,0.,-0.984807753012));
#2198 = ORIENTED_EDGE('',*,*,#2199,.F.);
#2199 = EDGE_CURVE('',#2200,#2192,#2202,.T.);
#2200 = VERTEX_POINT('',#2201);
#2201 = CARTESIAN_POINT('',(1.529502188385,0.2125,0.4575));
#2202 = CIRCLE('',#2203,0.1);
#2203 = AXIS2_PLACEMENT_3D('',#2204,#2205,#2206);
#2204 = CARTESIAN_POINT('',(1.529502188385,0.2125,0.3575));
#2205 = DIRECTION('',(0.,1.,0.));
#2206 = DIRECTION('',(0.,0.,1.));
#2207 = ORIENTED_EDGE('',*,*,#2208,.T.);
#2208 = EDGE_CURVE('',#2200,#2209,#2211,.T.);
#2209 = VERTEX_POINT('',#2210);
#2210 = CARTESIAN_POINT('',(1.5,0.2125,0.4575));
#2211 = LINE('',#2212,#2213);
#2212 = CARTESIAN_POINT('',(1.529502188385,0.2125,0.4575));
#2213 = VECTOR('',#2214,1.);
#2214 = DIRECTION('',(-1.,0.,0.));
#2215 = ORIENTED_EDGE('',*,*,#2216,.T.);
#2216 = EDGE_CURVE('',#2209,#2217,#2219,.T.);
#2217 = VERTEX_POINT('',#2218);
#2218 = CARTESIAN_POINT('',(1.5,0.2125,0.6075));
#2219 = LINE('',#2220,#2221);
#2220 = CARTESIAN_POINT('',(1.5,0.2125,0.4575));
#2221 = VECTOR('',#2222,1.);
#2222 = DIRECTION('',(0.,0.,1.));
#2223 = ORIENTED_EDGE('',*,*,#2224,.T.);
#2224 = EDGE_CURVE('',#2217,#2133,#2225,.T.);
#2225 = LINE('',#2226,#2227);
#2226 = CARTESIAN_POINT('',(1.5,0.2125,0.6075));
#2227 = VECTOR('',#2228,1.);
#2228 = DIRECTION('',(1.,0.,0.));
#2229 = PLANE('',#2230);
#2230 = AXIS2_PLACEMENT_3D('',#2231,#2232,#2233);
#2231 = CARTESIAN_POINT('',(1.65,0.2125,0.25));
#2232 = DIRECTION('',(0.,1.,0.));
#2233 = DIRECTION('',(-1.,0.,0.));
#2234 = ADVANCED_FACE('',(#2235),#2261,.T.);
#2235 = FACE_BOUND('',#2236,.T.);
#2236 = EDGE_LOOP('',(#2237,#2245,#2254,#2260));
#2237 = ORIENTED_EDGE('',*,*,#2238,.F.);
#2238 = EDGE_CURVE('',#2239,#2131,#2241,.T.);
#2239 = VERTEX_POINT('',#2240);
#2240 = CARTESIAN_POINT('',(1.775704126638,0.4375,0.400912044417));
#2241 = LINE('',#2242,#2243);
#2242 = CARTESIAN_POINT('',(1.775704126638,0.4375,0.400912044417));
#2243 = VECTOR('',#2244,1.);
#2244 = DIRECTION('',(0.,-1.,0.));
#2245 = ORIENTED_EDGE('',*,*,#2246,.F.);
#2246 = EDGE_CURVE('',#2247,#2239,#2249,.T.);
#2247 = VERTEX_POINT('',#2248);
#2248 = CARTESIAN_POINT('',(1.529502188385,0.4375,0.6075));
#2249 = CIRCLE('',#2250,0.25);
#2250 = AXIS2_PLACEMENT_3D('',#2251,#2252,#2253);
#2251 = CARTESIAN_POINT('',(1.529502188385,0.4375,0.3575));
#2252 = DIRECTION('',(0.,1.,0.));
#2253 = DIRECTION('',(0.,0.,1.));
#2254 = ORIENTED_EDGE('',*,*,#2255,.T.);
#2255 = EDGE_CURVE('',#2247,#2133,#2256,.T.);
#2256 = LINE('',#2257,#2258);
#2257 = CARTESIAN_POINT('',(1.529502188385,0.4375,0.6075));
#2258 = VECTOR('',#2259,1.);
#2259 = DIRECTION('',(0.,-1.,0.));
#2260 = ORIENTED_EDGE('',*,*,#2130,.F.);
#2261 = CYLINDRICAL_SURFACE('',#2262,0.25);
#2262 = AXIS2_PLACEMENT_3D('',#2263,#2264,#2265);
#2263 = CARTESIAN_POINT('',(1.529502188385,0.76087,0.3575));
#2264 = DIRECTION('',(0.,-1.,0.));
#2265 = DIRECTION('',(0.984807753012,0.,0.173648177667));
#2266 = ADVANCED_FACE('',(#2267),#2285,.T.);
#2267 = FACE_BOUND('',#2268,.F.);
#2268 = EDGE_LOOP('',(#2269,#2270,#2271,#2279));
#2269 = ORIENTED_EDGE('',*,*,#2255,.T.);
#2270 = ORIENTED_EDGE('',*,*,#2224,.F.);
#2271 = ORIENTED_EDGE('',*,*,#2272,.T.);
#2272 = EDGE_CURVE('',#2217,#2273,#2275,.T.);
#2273 = VERTEX_POINT('',#2274);
#2274 = CARTESIAN_POINT('',(1.5,0.4375,0.6075));
#2275 = LINE('',#2276,#2277);
#2276 = CARTESIAN_POINT('',(1.5,0.2125,0.6075));
#2277 = VECTOR('',#2278,1.);
#2278 = DIRECTION('',(0.,1.,0.));
#2279 = ORIENTED_EDGE('',*,*,#2280,.T.);
#2280 = EDGE_CURVE('',#2273,#2247,#2281,.T.);
#2281 = LINE('',#2282,#2283);
#2282 = CARTESIAN_POINT('',(1.5,0.4375,0.6075));
#2283 = VECTOR('',#2284,1.);
#2284 = DIRECTION('',(1.,0.,0.));
#2285 = PLANE('',#2286);
#2286 = AXIS2_PLACEMENT_3D('',#2287,#2288,#2289);
#2287 = CARTESIAN_POINT('',(1.5,0.2125,0.6075));
#2288 = DIRECTION('',(0.,0.,1.));
#2289 = DIRECTION('',(1.,0.,0.));
#2290 = ADVANCED_FACE('',(#2291),#2309,.T.);
#2291 = FACE_BOUND('',#2292,.F.);
#2292 = EDGE_LOOP('',(#2293,#2294,#2302,#2308));
#2293 = ORIENTED_EDGE('',*,*,#2216,.F.);
#2294 = ORIENTED_EDGE('',*,*,#2295,.T.);
#2295 = EDGE_CURVE('',#2209,#2296,#2298,.T.);
#2296 = VERTEX_POINT('',#2297);
#2297 = CARTESIAN_POINT('',(1.5,0.4375,0.4575));
#2298 = LINE('',#2299,#2300);
#2299 = CARTESIAN_POINT('',(1.5,0.2125,0.4575));
#2300 = VECTOR('',#2301,1.);
#2301 = DIRECTION('',(0.,1.,0.));
#2302 = ORIENTED_EDGE('',*,*,#2303,.T.);
#2303 = EDGE_CURVE('',#2296,#2273,#2304,.T.);
#2304 = LINE('',#2305,#2306);
#2305 = CARTESIAN_POINT('',(1.5,0.4375,0.4575));
#2306 = VECTOR('',#2307,1.);
#2307 = DIRECTION('',(0.,0.,1.));
#2308 = ORIENTED_EDGE('',*,*,#2272,.F.);
#2309 = PLANE('',#2310);
#2310 = AXIS2_PLACEMENT_3D('',#2311,#2312,#2313);
#2311 = CARTESIAN_POINT('',(1.5,0.2125,0.4575));
#2312 = DIRECTION('',(-1.,0.,0.));
#2313 = DIRECTION('',(0.,0.,1.));
#2314 = ADVANCED_FACE('',(#2315),#2333,.T.);
#2315 = FACE_BOUND('',#2316,.F.);
#2316 = EDGE_LOOP('',(#2317,#2325,#2331,#2332));
#2317 = ORIENTED_EDGE('',*,*,#2318,.F.);
#2318 = EDGE_CURVE('',#2319,#2200,#2321,.T.);
#2319 = VERTEX_POINT('',#2320);
#2320 = CARTESIAN_POINT('',(1.529502188385,0.4375,0.4575));
#2321 = LINE('',#2322,#2323);
#2322 = CARTESIAN_POINT('',(1.529502188385,0.4375,0.4575));
#2323 = VECTOR('',#2324,1.);
#2324 = DIRECTION('',(0.,-1.,0.));
#2325 = ORIENTED_EDGE('',*,*,#2326,.T.);
#2326 = EDGE_CURVE('',#2319,#2296,#2327,.T.);
#2327 = LINE('',#2328,#2329);
#2328 = CARTESIAN_POINT('',(1.529502188385,0.4375,0.4575));
#2329 = VECTOR('',#2330,1.);
#2330 = DIRECTION('',(-1.,0.,0.));
#2331 = ORIENTED_EDGE('',*,*,#2295,.F.);
#2332 = ORIENTED_EDGE('',*,*,#2208,.F.);
#2333 = PLANE('',#2334);
#2334 = AXIS2_PLACEMENT_3D('',#2335,#2336,#2337);
#2335 = CARTESIAN_POINT('',(1.613412151503,0.2125,0.4575));
#2336 = DIRECTION('',(0.,0.,-1.));
#2337 = DIRECTION('',(-1.,0.,0.));
#2338 = ADVANCED_FACE('',(#2339),#2358,.F.);
#2339 = FACE_BOUND('',#2340,.F.);
#2340 = EDGE_LOOP('',(#2341,#2349,#2356,#2357));
#2341 = ORIENTED_EDGE('',*,*,#2342,.F.);
#2342 = EDGE_CURVE('',#2343,#2192,#2345,.T.);
#2343 = VERTEX_POINT('',#2344);
#2344 = CARTESIAN_POINT('',(1.627982963686,0.4375,0.374864817767));
#2345 = LINE('',#2346,#2347);
#2346 = CARTESIAN_POINT('',(1.627982963686,0.4375,0.374864817767));
#2347 = VECTOR('',#2348,1.);
#2348 = DIRECTION('',(0.,-1.,0.));
#2349 = ORIENTED_EDGE('',*,*,#2350,.T.);
#2350 = EDGE_CURVE('',#2343,#2319,#2351,.T.);
#2351 = CIRCLE('',#2352,0.1);
#2352 = AXIS2_PLACEMENT_3D('',#2353,#2354,#2355);
#2353 = CARTESIAN_POINT('',(1.529502188385,0.4375,0.3575));
#2354 = DIRECTION('',(0.,-1.,0.));
#2355 = DIRECTION('',(0.984807753012,0.,0.173648177667));
#2356 = ORIENTED_EDGE('',*,*,#2318,.T.);
#2357 = ORIENTED_EDGE('',*,*,#2199,.T.);
#2358 = CYLINDRICAL_SURFACE('',#2359,0.1);
#2359 = AXIS2_PLACEMENT_3D('',#2360,#2361,#2362);
#2360 = CARTESIAN_POINT('',(1.529502188385,0.73081,0.3575));
#2361 = DIRECTION('',(0.,-1.,0.));
#2362 = DIRECTION('',(0.984807753012,0.,0.173648177667));
#2363 = ADVANCED_FACE('',(#2364),#2382,.T.);
#2364 = FACE_BOUND('',#2365,.F.);
#2365 = EDGE_LOOP('',(#2366,#2367,#2368,#2376));
#2366 = ORIENTED_EDGE('',*,*,#2342,.T.);
#2367 = ORIENTED_EDGE('',*,*,#2191,.T.);
#2368 = ORIENTED_EDGE('',*,*,#2369,.T.);
#2369 = EDGE_CURVE('',#2183,#2370,#2372,.T.);
#2370 = VERTEX_POINT('',#2371);
#2371 = CARTESIAN_POINT('',(1.655721287387,0.4375,0.217552966857));
#2372 = LINE('',#2373,#2374);
#2373 = CARTESIAN_POINT('',(1.655721287387,0.2125,0.217552966857));
#2374 = VECTOR('',#2375,1.);
#2375 = DIRECTION('',(0.,1.,0.));
#2376 = ORIENTED_EDGE('',*,*,#2377,.T.);
#2377 = EDGE_CURVE('',#2370,#2343,#2378,.T.);
#2378 = LINE('',#2379,#2380);
#2379 = CARTESIAN_POINT('',(1.655721287387,0.4375,0.217552966857));
#2380 = VECTOR('',#2381,1.);
#2381 = DIRECTION('',(-0.173648177667,0.,0.984807753012));
#2382 = PLANE('',#2383);
#2383 = AXIS2_PLACEMENT_3D('',#2384,#2385,#2386);
#2384 = CARTESIAN_POINT('',(1.689638493707,0.2125,2.51989312822E-02));
#2385 = DIRECTION('',(-0.984807753012,0.,-0.173648177667));
#2386 = DIRECTION('',(-0.173648177667,0.,0.984807753012));
#2387 = ADVANCED_FACE('',(#2388),#2407,.T.);
#2388 = FACE_BOUND('',#2389,.T.);
#2389 = EDGE_LOOP('',(#2390,#2399,#2405,#2406));
#2390 = ORIENTED_EDGE('',*,*,#2391,.T.);
#2391 = EDGE_CURVE('',#2370,#2392,#2394,.T.);
#2392 = VERTEX_POINT('',#2393);
#2393 = CARTESIAN_POINT('',(1.884484107204,0.4375,1.15739987092E-02));
#2394 = CIRCLE('',#2395,0.25);
#2395 = AXIS2_PLACEMENT_3D('',#2396,#2397,#2398);
#2396 = CARTESIAN_POINT('',(1.90192322564,0.4375,0.260965011274));
#2397 = DIRECTION('',(0.,-1.,0.));
#2398 = DIRECTION('',(-0.984807753012,-0.,-0.173648177667));
#2399 = ORIENTED_EDGE('',*,*,#2400,.F.);
#2400 = EDGE_CURVE('',#2175,#2392,#2401,.T.);
#2401 = LINE('',#2402,#2403);
#2402 = CARTESIAN_POINT('',(1.884484107204,0.2125,1.15739987092E-02));
#2403 = VECTOR('',#2404,1.);
#2404 = DIRECTION('',(0.,1.,0.));
#2405 = ORIENTED_EDGE('',*,*,#2182,.F.);
#2406 = ORIENTED_EDGE('',*,*,#2369,.T.);
#2407 = CYLINDRICAL_SURFACE('',#2408,0.25);
#2408 = AXIS2_PLACEMENT_3D('',#2409,#2410,#2411);
#2409 = CARTESIAN_POINT('',(1.90192322564,0.2125,0.260965011274));
#2410 = DIRECTION('',(0.,-1.,0.));
#2411 = DIRECTION('',(-0.984807753012,-0.,-0.173648177667));
#2412 = ADVANCED_FACE('',(#2413),#2431,.T.);
#2413 = FACE_BOUND('',#2414,.F.);
#2414 = EDGE_LOOP('',(#2415,#2416,#2424,#2430));
#2415 = ORIENTED_EDGE('',*,*,#2174,.F.);
#2416 = ORIENTED_EDGE('',*,*,#2417,.T.);
#2417 = EDGE_CURVE('',#2167,#2418,#2420,.T.);
#2418 = VERTEX_POINT('',#2419);
#2419 = CARTESIAN_POINT('',(2.05,0.4375,0.));
#2420 = LINE('',#2421,#2422);
#2421 = CARTESIAN_POINT('',(2.05,0.2125,0.));
#2422 = VECTOR('',#2423,1.);
#2423 = DIRECTION('',(0.,1.,0.));
#2424 = ORIENTED_EDGE('',*,*,#2425,.T.);
#2425 = EDGE_CURVE('',#2418,#2392,#2426,.T.);
#2426 = LINE('',#2427,#2428);
#2427 = CARTESIAN_POINT('',(2.05,0.4375,0.));
#2428 = VECTOR('',#2429,1.);
#2429 = DIRECTION('',(-0.99756405026,0.,6.975647374413E-02));
#2430 = ORIENTED_EDGE('',*,*,#2400,.F.);
#2431 = PLANE('',#2432);
#2432 = AXIS2_PLACEMENT_3D('',#2433,#2434,#2435);
#2433 = CARTESIAN_POINT('',(2.05,0.2125,0.));
#2434 = DIRECTION('',(-6.975647374413E-02,0.,-0.99756405026));
#2435 = DIRECTION('',(-0.99756405026,0.,6.975647374413E-02));
#2436 = ADVANCED_FACE('',(#2437),#2455,.T.);
#2437 = FACE_BOUND('',#2438,.F.);
#2438 = EDGE_LOOP('',(#2439,#2440,#2448,#2454));
#2439 = ORIENTED_EDGE('',*,*,#2166,.F.);
#2440 = ORIENTED_EDGE('',*,*,#2441,.T.);
#2441 = EDGE_CURVE('',#2159,#2442,#2444,.T.);
#2442 = VERTEX_POINT('',#2443);
#2443 = CARTESIAN_POINT('',(2.060463471062,0.4375,0.149634607539));
#2444 = LINE('',#2445,#2446);
#2445 = CARTESIAN_POINT('',(2.060463471062,0.2125,0.149634607539));
#2446 = VECTOR('',#2447,1.);
#2447 = DIRECTION('',(0.,1.,0.));
#2448 = ORIENTED_EDGE('',*,*,#2449,.T.);
#2449 = EDGE_CURVE('',#2442,#2418,#2450,.T.);
#2450 = LINE('',#2451,#2452);
#2451 = CARTESIAN_POINT('',(2.060463471062,0.4375,0.149634607539));
#2452 = VECTOR('',#2453,1.);
#2453 = DIRECTION('',(-6.975647374413E-02,0.,-0.99756405026));
#2454 = ORIENTED_EDGE('',*,*,#2417,.F.);
#2455 = PLANE('',#2456);
#2456 = AXIS2_PLACEMENT_3D('',#2457,#2458,#2459);
#2457 = CARTESIAN_POINT('',(2.060463471062,0.2125,0.149634607539));
#2458 = DIRECTION('',(0.99756405026,0.,-6.975647374413E-02));
#2459 = DIRECTION('',(-6.975647374413E-02,0.,-0.99756405026));
#2460 = ADVANCED_FACE('',(#2461),#2479,.T.);
#2461 = FACE_BOUND('',#2462,.F.);
#2462 = EDGE_LOOP('',(#2463,#2464,#2472,#2478));
#2463 = ORIENTED_EDGE('',*,*,#2158,.F.);
#2464 = ORIENTED_EDGE('',*,*,#2465,.T.);
#2465 = EDGE_CURVE('',#2150,#2466,#2468,.T.);
#2466 = VERTEX_POINT('',#2467);
#2467 = CARTESIAN_POINT('',(1.894947578266,0.4375,0.161208606248));
#2468 = LINE('',#2469,#2470);
#2469 = CARTESIAN_POINT('',(1.894947578266,0.2125,0.161208606248));
#2470 = VECTOR('',#2471,1.);
#2471 = DIRECTION('',(0.,1.,0.));
#2472 = ORIENTED_EDGE('',*,*,#2473,.T.);
#2473 = EDGE_CURVE('',#2466,#2442,#2474,.T.);
#2474 = LINE('',#2475,#2476);
#2475 = CARTESIAN_POINT('',(1.894947578266,0.4375,0.161208606248));
#2476 = VECTOR('',#2477,1.);
#2477 = DIRECTION('',(0.99756405026,0.,-6.975647374413E-02));
#2478 = ORIENTED_EDGE('',*,*,#2441,.F.);
#2479 = PLANE('',#2480);
#2480 = AXIS2_PLACEMENT_3D('',#2481,#2482,#2483);
#2481 = CARTESIAN_POINT('',(1.817009332867,0.2125,0.166658579277));
#2482 = DIRECTION('',(6.975647374413E-02,0.,0.99756405026));
#2483 = DIRECTION('',(0.99756405026,0.,-6.975647374413E-02));
#2484 = ADVANCED_FACE('',(#2485),#2504,.F.);
#2485 = FACE_BOUND('',#2486,.F.);
#2486 = EDGE_LOOP('',(#2487,#2488,#2489,#2497));
#2487 = ORIENTED_EDGE('',*,*,#2465,.F.);
#2488 = ORIENTED_EDGE('',*,*,#2149,.T.);
#2489 = ORIENTED_EDGE('',*,*,#2490,.T.);
#2490 = EDGE_CURVE('',#2142,#2491,#2493,.T.);
#2491 = VERTEX_POINT('',#2492);
#2492 = CARTESIAN_POINT('',(1.803442450339,0.4375,0.243600193507));
#2493 = LINE('',#2494,#2495);
#2494 = CARTESIAN_POINT('',(1.803442450339,0.2125,0.243600193507));
#2495 = VECTOR('',#2496,1.);
#2496 = DIRECTION('',(0.,1.,0.));
#2497 = ORIENTED_EDGE('',*,*,#2498,.F.);
#2498 = EDGE_CURVE('',#2466,#2491,#2499,.T.);
#2499 = CIRCLE('',#2500,0.1);
#2500 = AXIS2_PLACEMENT_3D('',#2501,#2502,#2503);
#2501 = CARTESIAN_POINT('',(1.90192322564,0.4375,0.260965011274));
#2502 = DIRECTION('',(0.,1.,0.));
#2503 = DIRECTION('',(-6.975647374413E-02,0.,-0.99756405026));
#2504 = CYLINDRICAL_SURFACE('',#2505,0.1);
#2505 = AXIS2_PLACEMENT_3D('',#2506,#2507,#2508);
#2506 = CARTESIAN_POINT('',(1.90192322564,0.2125,0.260965011274));
#2507 = DIRECTION('',(0.,1.,0.));
#2508 = DIRECTION('',(-6.975647374413E-02,0.,-0.99756405026));
#2509 = ADVANCED_FACE('',(#2510),#2521,.T.);
#2510 = FACE_BOUND('',#2511,.F.);
#2511 = EDGE_LOOP('',(#2512,#2513,#2519,#2520));
#2512 = ORIENTED_EDGE('',*,*,#2238,.F.);
#2513 = ORIENTED_EDGE('',*,*,#2514,.T.);
#2514 = EDGE_CURVE('',#2239,#2491,#2515,.T.);
#2515 = LINE('',#2516,#2517);
#2516 = CARTESIAN_POINT('',(1.775704126638,0.4375,0.400912044417));
#2517 = VECTOR('',#2518,1.);
#2518 = DIRECTION('',(0.173648177667,0.,-0.984807753012));
#2519 = ORIENTED_EDGE('',*,*,#2490,.F.);
#2520 = ORIENTED_EDGE('',*,*,#2141,.T.);
#2521 = PLANE('',#2522);
#2522 = AXIS2_PLACEMENT_3D('',#2523,#2524,#2525);
#2523 = CARTESIAN_POINT('',(1.797721162952,0.2125,0.27604722665));
#2524 = DIRECTION('',(0.984807753012,0.,0.173648177667));
#2525 = DIRECTION('',(0.173648177667,0.,-0.984807753012));
#2526 = ADVANCED_FACE('',(#2527),#2541,.T.);
#2527 = FACE_BOUND('',#2528,.F.);
#2528 = EDGE_LOOP('',(#2529,#2530,#2531,#2532,#2533,#2534,#2535,#2536,
    #2537,#2538,#2539,#2540));
#2529 = ORIENTED_EDGE('',*,*,#2246,.F.);
#2530 = ORIENTED_EDGE('',*,*,#2280,.F.);
#2531 = ORIENTED_EDGE('',*,*,#2303,.F.);
#2532 = ORIENTED_EDGE('',*,*,#2326,.F.);
#2533 = ORIENTED_EDGE('',*,*,#2350,.F.);
#2534 = ORIENTED_EDGE('',*,*,#2377,.F.);
#2535 = ORIENTED_EDGE('',*,*,#2391,.T.);
#2536 = ORIENTED_EDGE('',*,*,#2425,.F.);
#2537 = ORIENTED_EDGE('',*,*,#2449,.F.);
#2538 = ORIENTED_EDGE('',*,*,#2473,.F.);
#2539 = ORIENTED_EDGE('',*,*,#2498,.T.);
#2540 = ORIENTED_EDGE('',*,*,#2514,.F.);
#2541 = PLANE('',#2542);
#2542 = AXIS2_PLACEMENT_3D('',#2543,#2544,#2545);
#2543 = CARTESIAN_POINT('',(1.65,0.4375,0.25));
#2544 = DIRECTION('',(0.,1.,0.));
#2545 = DIRECTION('',(-1.,0.,0.));
#2546 = MANIFOLD_SOLID_BREP('',#2547);
#2547 = CLOSED_SHELL('',(#2548,#2656,#2688,#2712,#2736,#2760,#2785,#2809
    ,#2834,#2858,#2882,#2906,#2931,#2948));
#2548 = ADVANCED_FACE('',(#2549),#2651,.F.);
#2549 = FACE_BOUND('',#2550,.F.);
#2550 = EDGE_LOOP('',(#2551,#2562,#2570,#2579,#2587,#2595,#2603,#2612,
    #2620,#2629,#2637,#2645));
#2551 = ORIENTED_EDGE('',*,*,#2552,.F.);
#2552 = EDGE_CURVE('',#2553,#2555,#2557,.T.);
#2553 = VERTEX_POINT('',#2554);
#2554 = CARTESIAN_POINT('',(1.775704126638,-0.4375,0.400912044417));
#2555 = VERTEX_POINT('',#2556);
#2556 = CARTESIAN_POINT('',(1.529502188385,-0.4375,0.6075));
#2557 = CIRCLE('',#2558,0.25);
#2558 = AXIS2_PLACEMENT_3D('',#2559,#2560,#2561);
#2559 = CARTESIAN_POINT('',(1.529502188385,-0.4375,0.3575));
#2560 = DIRECTION('',(0.,-1.,0.));
#2561 = DIRECTION('',(0.984807753012,0.,0.173648177667));
#2562 = ORIENTED_EDGE('',*,*,#2563,.F.);
#2563 = EDGE_CURVE('',#2564,#2553,#2566,.T.);
#2564 = VERTEX_POINT('',#2565);
#2565 = CARTESIAN_POINT('',(1.803442450339,-0.4375,0.243600193507));
#2566 = LINE('',#2567,#2568);
#2567 = CARTESIAN_POINT('',(1.803442450339,-0.4375,0.243600193507));
#2568 = VECTOR('',#2569,1.);
#2569 = DIRECTION('',(-0.173648177667,0.,0.984807753012));
#2570 = ORIENTED_EDGE('',*,*,#2571,.F.);
#2571 = EDGE_CURVE('',#2572,#2564,#2574,.T.);
#2572 = VERTEX_POINT('',#2573);
#2573 = CARTESIAN_POINT('',(1.894947578266,-0.4375,0.161208606248));
#2574 = CIRCLE('',#2575,0.1);
#2575 = AXIS2_PLACEMENT_3D('',#2576,#2577,#2578);
#2576 = CARTESIAN_POINT('',(1.90192322564,-0.4375,0.260965011274));
#2577 = DIRECTION('',(0.,1.,0.));
#2578 = DIRECTION('',(-6.975647374413E-02,0.,-0.99756405026));
#2579 = ORIENTED_EDGE('',*,*,#2580,.T.);
#2580 = EDGE_CURVE('',#2572,#2581,#2583,.T.);
#2581 = VERTEX_POINT('',#2582);
#2582 = CARTESIAN_POINT('',(2.060463471062,-0.4375,0.149634607539));
#2583 = LINE('',#2584,#2585);
#2584 = CARTESIAN_POINT('',(1.894947578266,-0.4375,0.161208606248));
#2585 = VECTOR('',#2586,1.);
#2586 = DIRECTION('',(0.99756405026,0.,-6.975647374413E-02));
#2587 = ORIENTED_EDGE('',*,*,#2588,.T.);
#2588 = EDGE_CURVE('',#2581,#2589,#2591,.T.);
#2589 = VERTEX_POINT('',#2590);
#2590 = CARTESIAN_POINT('',(2.05,-0.4375,0.));
#2591 = LINE('',#2592,#2593);
#2592 = CARTESIAN_POINT('',(2.060463471062,-0.4375,0.149634607539));
#2593 = VECTOR('',#2594,1.);
#2594 = DIRECTION('',(-6.975647374413E-02,0.,-0.99756405026));
#2595 = ORIENTED_EDGE('',*,*,#2596,.T.);
#2596 = EDGE_CURVE('',#2589,#2597,#2599,.T.);
#2597 = VERTEX_POINT('',#2598);
#2598 = CARTESIAN_POINT('',(1.884484107204,-0.4375,1.15739987092E-02));
#2599 = LINE('',#2600,#2601);
#2600 = CARTESIAN_POINT('',(2.05,-0.4375,0.));
#2601 = VECTOR('',#2602,1.);
#2602 = DIRECTION('',(-0.99756405026,0.,6.975647374413E-02));
#2603 = ORIENTED_EDGE('',*,*,#2604,.F.);
#2604 = EDGE_CURVE('',#2605,#2597,#2607,.T.);
#2605 = VERTEX_POINT('',#2606);
#2606 = CARTESIAN_POINT('',(1.655721287387,-0.4375,0.217552966857));
#2607 = CIRCLE('',#2608,0.25);
#2608 = AXIS2_PLACEMENT_3D('',#2609,#2610,#2611);
#2609 = CARTESIAN_POINT('',(1.90192322564,-0.4375,0.260965011274));
#2610 = DIRECTION('',(0.,-1.,0.));
#2611 = DIRECTION('',(-0.984807753012,-0.,-0.173648177667));
#2612 = ORIENTED_EDGE('',*,*,#2613,.F.);
#2613 = EDGE_CURVE('',#2614,#2605,#2616,.T.);
#2614 = VERTEX_POINT('',#2615);
#2615 = CARTESIAN_POINT('',(1.627982963686,-0.4375,0.374864817767));
#2616 = LINE('',#2617,#2618);
#2617 = CARTESIAN_POINT('',(1.627982963686,-0.4375,0.374864817767));
#2618 = VECTOR('',#2619,1.);
#2619 = DIRECTION('',(0.173648177667,0.,-0.984807753012));
#2620 = ORIENTED_EDGE('',*,*,#2621,.F.);
#2621 = EDGE_CURVE('',#2622,#2614,#2624,.T.);
#2622 = VERTEX_POINT('',#2623);
#2623 = CARTESIAN_POINT('',(1.529502188385,-0.4375,0.4575));
#2624 = CIRCLE('',#2625,0.1);
#2625 = AXIS2_PLACEMENT_3D('',#2626,#2627,#2628);
#2626 = CARTESIAN_POINT('',(1.529502188385,-0.4375,0.3575));
#2627 = DIRECTION('',(0.,1.,0.));
#2628 = DIRECTION('',(0.,0.,1.));
#2629 = ORIENTED_EDGE('',*,*,#2630,.T.);
#2630 = EDGE_CURVE('',#2622,#2631,#2633,.T.);
#2631 = VERTEX_POINT('',#2632);
#2632 = CARTESIAN_POINT('',(1.5,-0.4375,0.4575));
#2633 = LINE('',#2634,#2635);
#2634 = CARTESIAN_POINT('',(1.529502188385,-0.4375,0.4575));
#2635 = VECTOR('',#2636,1.);
#2636 = DIRECTION('',(-1.,0.,0.));
#2637 = ORIENTED_EDGE('',*,*,#2638,.T.);
#2638 = EDGE_CURVE('',#2631,#2639,#2641,.T.);
#2639 = VERTEX_POINT('',#2640);
#2640 = CARTESIAN_POINT('',(1.5,-0.4375,0.6075));
#2641 = LINE('',#2642,#2643);
#2642 = CARTESIAN_POINT('',(1.5,-0.4375,0.4575));
#2643 = VECTOR('',#2644,1.);
#2644 = DIRECTION('',(0.,0.,1.));
#2645 = ORIENTED_EDGE('',*,*,#2646,.T.);
#2646 = EDGE_CURVE('',#2639,#2555,#2647,.T.);
#2647 = LINE('',#2648,#2649);
#2648 = CARTESIAN_POINT('',(1.5,-0.4375,0.6075));
#2649 = VECTOR('',#2650,1.);
#2650 = DIRECTION('',(1.,0.,0.));
#2651 = PLANE('',#2652);
#2652 = AXIS2_PLACEMENT_3D('',#2653,#2654,#2655);
#2653 = CARTESIAN_POINT('',(1.65,-0.4375,0.25));
#2654 = DIRECTION('',(0.,1.,0.));
#2655 = DIRECTION('',(-1.,0.,0.));
#2656 = ADVANCED_FACE('',(#2657),#2683,.T.);
#2657 = FACE_BOUND('',#2658,.T.);
#2658 = EDGE_LOOP('',(#2659,#2667,#2676,#2682));
#2659 = ORIENTED_EDGE('',*,*,#2660,.F.);
#2660 = EDGE_CURVE('',#2661,#2553,#2663,.T.);
#2661 = VERTEX_POINT('',#2662);
#2662 = CARTESIAN_POINT('',(1.775704126638,-0.2125,0.400912044417));
#2663 = LINE('',#2664,#2665);
#2664 = CARTESIAN_POINT('',(1.775704126638,-0.2125,0.400912044417));
#2665 = VECTOR('',#2666,1.);
#2666 = DIRECTION('',(0.,-1.,0.));
#2667 = ORIENTED_EDGE('',*,*,#2668,.F.);
#2668 = EDGE_CURVE('',#2669,#2661,#2671,.T.);
#2669 = VERTEX_POINT('',#2670);
#2670 = CARTESIAN_POINT('',(1.529502188385,-0.2125,0.6075));
#2671 = CIRCLE('',#2672,0.25);
#2672 = AXIS2_PLACEMENT_3D('',#2673,#2674,#2675);
#2673 = CARTESIAN_POINT('',(1.529502188385,-0.2125,0.3575));
#2674 = DIRECTION('',(0.,1.,0.));
#2675 = DIRECTION('',(0.,0.,1.));
#2676 = ORIENTED_EDGE('',*,*,#2677,.T.);
#2677 = EDGE_CURVE('',#2669,#2555,#2678,.T.);
#2678 = LINE('',#2679,#2680);
#2679 = CARTESIAN_POINT('',(1.529502188385,-0.2125,0.6075));
#2680 = VECTOR('',#2681,1.);
#2681 = DIRECTION('',(0.,-1.,0.));
#2682 = ORIENTED_EDGE('',*,*,#2552,.F.);
#2683 = CYLINDRICAL_SURFACE('',#2684,0.25);
#2684 = AXIS2_PLACEMENT_3D('',#2685,#2686,#2687);
#2685 = CARTESIAN_POINT('',(1.529502188385,0.11087,0.3575));
#2686 = DIRECTION('',(0.,-1.,0.));
#2687 = DIRECTION('',(0.984807753012,0.,0.173648177667));
#2688 = ADVANCED_FACE('',(#2689),#2707,.T.);
#2689 = FACE_BOUND('',#2690,.F.);
#2690 = EDGE_LOOP('',(#2691,#2692,#2693,#2701));
#2691 = ORIENTED_EDGE('',*,*,#2677,.T.);
#2692 = ORIENTED_EDGE('',*,*,#2646,.F.);
#2693 = ORIENTED_EDGE('',*,*,#2694,.T.);
#2694 = EDGE_CURVE('',#2639,#2695,#2697,.T.);
#2695 = VERTEX_POINT('',#2696);
#2696 = CARTESIAN_POINT('',(1.5,-0.2125,0.6075));
#2697 = LINE('',#2698,#2699);
#2698 = CARTESIAN_POINT('',(1.5,-0.4375,0.6075));
#2699 = VECTOR('',#2700,1.);
#2700 = DIRECTION('',(0.,1.,0.));
#2701 = ORIENTED_EDGE('',*,*,#2702,.T.);
#2702 = EDGE_CURVE('',#2695,#2669,#2703,.T.);
#2703 = LINE('',#2704,#2705);
#2704 = CARTESIAN_POINT('',(1.5,-0.2125,0.6075));
#2705 = VECTOR('',#2706,1.);
#2706 = DIRECTION('',(1.,0.,0.));
#2707 = PLANE('',#2708);
#2708 = AXIS2_PLACEMENT_3D('',#2709,#2710,#2711);
#2709 = CARTESIAN_POINT('',(1.5,-0.4375,0.6075));
#2710 = DIRECTION('',(0.,0.,1.));
#2711 = DIRECTION('',(1.,0.,0.));
#2712 = ADVANCED_FACE('',(#2713),#2731,.T.);
#2713 = FACE_BOUND('',#2714,.F.);
#2714 = EDGE_LOOP('',(#2715,#2716,#2724,#2730));
#2715 = ORIENTED_EDGE('',*,*,#2638,.F.);
#2716 = ORIENTED_EDGE('',*,*,#2717,.T.);
#2717 = EDGE_CURVE('',#2631,#2718,#2720,.T.);
#2718 = VERTEX_POINT('',#2719);
#2719 = CARTESIAN_POINT('',(1.5,-0.2125,0.4575));
#2720 = LINE('',#2721,#2722);
#2721 = CARTESIAN_POINT('',(1.5,-0.4375,0.4575));
#2722 = VECTOR('',#2723,1.);
#2723 = DIRECTION('',(0.,1.,0.));
#2724 = ORIENTED_EDGE('',*,*,#2725,.T.);
#2725 = EDGE_CURVE('',#2718,#2695,#2726,.T.);
#2726 = LINE('',#2727,#2728);
#2727 = CARTESIAN_POINT('',(1.5,-0.2125,0.4575));
#2728 = VECTOR('',#2729,1.);
#2729 = DIRECTION('',(0.,0.,1.));
#2730 = ORIENTED_EDGE('',*,*,#2694,.F.);
#2731 = PLANE('',#2732);
#2732 = AXIS2_PLACEMENT_3D('',#2733,#2734,#2735);
#2733 = CARTESIAN_POINT('',(1.5,-0.4375,0.4575));
#2734 = DIRECTION('',(-1.,0.,0.));
#2735 = DIRECTION('',(0.,0.,1.));
#2736 = ADVANCED_FACE('',(#2737),#2755,.T.);
#2737 = FACE_BOUND('',#2738,.F.);
#2738 = EDGE_LOOP('',(#2739,#2747,#2753,#2754));
#2739 = ORIENTED_EDGE('',*,*,#2740,.F.);
#2740 = EDGE_CURVE('',#2741,#2622,#2743,.T.);
#2741 = VERTEX_POINT('',#2742);
#2742 = CARTESIAN_POINT('',(1.529502188385,-0.2125,0.4575));
#2743 = LINE('',#2744,#2745);
#2744 = CARTESIAN_POINT('',(1.529502188385,-0.2125,0.4575));
#2745 = VECTOR('',#2746,1.);
#2746 = DIRECTION('',(0.,-1.,0.));
#2747 = ORIENTED_EDGE('',*,*,#2748,.T.);
#2748 = EDGE_CURVE('',#2741,#2718,#2749,.T.);
#2749 = LINE('',#2750,#2751);
#2750 = CARTESIAN_POINT('',(1.529502188385,-0.2125,0.4575));
#2751 = VECTOR('',#2752,1.);
#2752 = DIRECTION('',(-1.,0.,0.));
#2753 = ORIENTED_EDGE('',*,*,#2717,.F.);
#2754 = ORIENTED_EDGE('',*,*,#2630,.F.);
#2755 = PLANE('',#2756);
#2756 = AXIS2_PLACEMENT_3D('',#2757,#2758,#2759);
#2757 = CARTESIAN_POINT('',(1.613412151503,-0.4375,0.4575));
#2758 = DIRECTION('',(0.,0.,-1.));
#2759 = DIRECTION('',(-1.,0.,0.));
#2760 = ADVANCED_FACE('',(#2761),#2780,.F.);
#2761 = FACE_BOUND('',#2762,.F.);
#2762 = EDGE_LOOP('',(#2763,#2771,#2778,#2779));
#2763 = ORIENTED_EDGE('',*,*,#2764,.F.);
#2764 = EDGE_CURVE('',#2765,#2614,#2767,.T.);
#2765 = VERTEX_POINT('',#2766);
#2766 = CARTESIAN_POINT('',(1.627982963686,-0.2125,0.374864817767));
#2767 = LINE('',#2768,#2769);
#2768 = CARTESIAN_POINT('',(1.627982963686,-0.2125,0.374864817767));
#2769 = VECTOR('',#2770,1.);
#2770 = DIRECTION('',(0.,-1.,0.));
#2771 = ORIENTED_EDGE('',*,*,#2772,.T.);
#2772 = EDGE_CURVE('',#2765,#2741,#2773,.T.);
#2773 = CIRCLE('',#2774,0.1);
#2774 = AXIS2_PLACEMENT_3D('',#2775,#2776,#2777);
#2775 = CARTESIAN_POINT('',(1.529502188385,-0.2125,0.3575));
#2776 = DIRECTION('',(0.,-1.,0.));
#2777 = DIRECTION('',(0.984807753012,0.,0.173648177667));
#2778 = ORIENTED_EDGE('',*,*,#2740,.T.);
#2779 = ORIENTED_EDGE('',*,*,#2621,.T.);
#2780 = CYLINDRICAL_SURFACE('',#2781,0.1);
#2781 = AXIS2_PLACEMENT_3D('',#2782,#2783,#2784);
#2782 = CARTESIAN_POINT('',(1.529502188385,8.081E-02,0.3575));
#2783 = DIRECTION('',(0.,-1.,0.));
#2784 = DIRECTION('',(0.984807753012,0.,0.173648177667));
#2785 = ADVANCED_FACE('',(#2786),#2804,.T.);
#2786 = FACE_BOUND('',#2787,.F.);
#2787 = EDGE_LOOP('',(#2788,#2789,#2790,#2798));
#2788 = ORIENTED_EDGE('',*,*,#2764,.T.);
#2789 = ORIENTED_EDGE('',*,*,#2613,.T.);
#2790 = ORIENTED_EDGE('',*,*,#2791,.T.);
#2791 = EDGE_CURVE('',#2605,#2792,#2794,.T.);
#2792 = VERTEX_POINT('',#2793);
#2793 = CARTESIAN_POINT('',(1.655721287387,-0.2125,0.217552966857));
#2794 = LINE('',#2795,#2796);
#2795 = CARTESIAN_POINT('',(1.655721287387,-0.4375,0.217552966857));
#2796 = VECTOR('',#2797,1.);
#2797 = DIRECTION('',(0.,1.,0.));
#2798 = ORIENTED_EDGE('',*,*,#2799,.T.);
#2799 = EDGE_CURVE('',#2792,#2765,#2800,.T.);
#2800 = LINE('',#2801,#2802);
#2801 = CARTESIAN_POINT('',(1.655721287387,-0.2125,0.217552966857));
#2802 = VECTOR('',#2803,1.);
#2803 = DIRECTION('',(-0.173648177667,0.,0.984807753012));
#2804 = PLANE('',#2805);
#2805 = AXIS2_PLACEMENT_3D('',#2806,#2807,#2808);
#2806 = CARTESIAN_POINT('',(1.689638493707,-0.4375,2.51989312822E-02));
#2807 = DIRECTION('',(-0.984807753012,0.,-0.173648177667));
#2808 = DIRECTION('',(-0.173648177667,0.,0.984807753012));
#2809 = ADVANCED_FACE('',(#2810),#2829,.T.);
#2810 = FACE_BOUND('',#2811,.T.);
#2811 = EDGE_LOOP('',(#2812,#2821,#2827,#2828));
#2812 = ORIENTED_EDGE('',*,*,#2813,.T.);
#2813 = EDGE_CURVE('',#2792,#2814,#2816,.T.);
#2814 = VERTEX_POINT('',#2815);
#2815 = CARTESIAN_POINT('',(1.884484107204,-0.2125,1.15739987092E-02));
#2816 = CIRCLE('',#2817,0.25);
#2817 = AXIS2_PLACEMENT_3D('',#2818,#2819,#2820);
#2818 = CARTESIAN_POINT('',(1.90192322564,-0.2125,0.260965011274));
#2819 = DIRECTION('',(0.,-1.,0.));
#2820 = DIRECTION('',(-0.984807753012,-0.,-0.173648177667));
#2821 = ORIENTED_EDGE('',*,*,#2822,.F.);
#2822 = EDGE_CURVE('',#2597,#2814,#2823,.T.);
#2823 = LINE('',#2824,#2825);
#2824 = CARTESIAN_POINT('',(1.884484107204,-0.4375,1.15739987092E-02));
#2825 = VECTOR('',#2826,1.);
#2826 = DIRECTION('',(0.,1.,0.));
#2827 = ORIENTED_EDGE('',*,*,#2604,.F.);
#2828 = ORIENTED_EDGE('',*,*,#2791,.T.);
#2829 = CYLINDRICAL_SURFACE('',#2830,0.25);
#2830 = AXIS2_PLACEMENT_3D('',#2831,#2832,#2833);
#2831 = CARTESIAN_POINT('',(1.90192322564,-0.4375,0.260965011274));
#2832 = DIRECTION('',(0.,-1.,0.));
#2833 = DIRECTION('',(-0.984807753012,-0.,-0.173648177667));
#2834 = ADVANCED_FACE('',(#2835),#2853,.T.);
#2835 = FACE_BOUND('',#2836,.F.);
#2836 = EDGE_LOOP('',(#2837,#2838,#2846,#2852));
#2837 = ORIENTED_EDGE('',*,*,#2596,.F.);
#2838 = ORIENTED_EDGE('',*,*,#2839,.T.);
#2839 = EDGE_CURVE('',#2589,#2840,#2842,.T.);
#2840 = VERTEX_POINT('',#2841);
#2841 = CARTESIAN_POINT('',(2.05,-0.2125,0.));
#2842 = LINE('',#2843,#2844);
#2843 = CARTESIAN_POINT('',(2.05,-0.4375,0.));
#2844 = VECTOR('',#2845,1.);
#2845 = DIRECTION('',(0.,1.,0.));
#2846 = ORIENTED_EDGE('',*,*,#2847,.T.);
#2847 = EDGE_CURVE('',#2840,#2814,#2848,.T.);
#2848 = LINE('',#2849,#2850);
#2849 = CARTESIAN_POINT('',(2.05,-0.2125,0.));
#2850 = VECTOR('',#2851,1.);
#2851 = DIRECTION('',(-0.99756405026,0.,6.975647374413E-02));
#2852 = ORIENTED_EDGE('',*,*,#2822,.F.);
#2853 = PLANE('',#2854);
#2854 = AXIS2_PLACEMENT_3D('',#2855,#2856,#2857);
#2855 = CARTESIAN_POINT('',(2.05,-0.4375,0.));
#2856 = DIRECTION('',(-6.975647374413E-02,0.,-0.99756405026));
#2857 = DIRECTION('',(-0.99756405026,0.,6.975647374413E-02));
#2858 = ADVANCED_FACE('',(#2859),#2877,.T.);
#2859 = FACE_BOUND('',#2860,.F.);
#2860 = EDGE_LOOP('',(#2861,#2862,#2870,#2876));
#2861 = ORIENTED_EDGE('',*,*,#2588,.F.);
#2862 = ORIENTED_EDGE('',*,*,#2863,.T.);
#2863 = EDGE_CURVE('',#2581,#2864,#2866,.T.);
#2864 = VERTEX_POINT('',#2865);
#2865 = CARTESIAN_POINT('',(2.060463471062,-0.2125,0.149634607539));
#2866 = LINE('',#2867,#2868);
#2867 = CARTESIAN_POINT('',(2.060463471062,-0.4375,0.149634607539));
#2868 = VECTOR('',#2869,1.);
#2869 = DIRECTION('',(0.,1.,0.));
#2870 = ORIENTED_EDGE('',*,*,#2871,.T.);
#2871 = EDGE_CURVE('',#2864,#2840,#2872,.T.);
#2872 = LINE('',#2873,#2874);
#2873 = CARTESIAN_POINT('',(2.060463471062,-0.2125,0.149634607539));
#2874 = VECTOR('',#2875,1.);
#2875 = DIRECTION('',(-6.975647374413E-02,0.,-0.99756405026));
#2876 = ORIENTED_EDGE('',*,*,#2839,.F.);
#2877 = PLANE('',#2878);
#2878 = AXIS2_PLACEMENT_3D('',#2879,#2880,#2881);
#2879 = CARTESIAN_POINT('',(2.060463471062,-0.4375,0.149634607539));
#2880 = DIRECTION('',(0.99756405026,0.,-6.975647374413E-02));
#2881 = DIRECTION('',(-6.975647374413E-02,0.,-0.99756405026));
#2882 = ADVANCED_FACE('',(#2883),#2901,.T.);
#2883 = FACE_BOUND('',#2884,.F.);
#2884 = EDGE_LOOP('',(#2885,#2886,#2894,#2900));
#2885 = ORIENTED_EDGE('',*,*,#2580,.F.);
#2886 = ORIENTED_EDGE('',*,*,#2887,.T.);
#2887 = EDGE_CURVE('',#2572,#2888,#2890,.T.);
#2888 = VERTEX_POINT('',#2889);
#2889 = CARTESIAN_POINT('',(1.894947578266,-0.2125,0.161208606248));
#2890 = LINE('',#2891,#2892);
#2891 = CARTESIAN_POINT('',(1.894947578266,-0.4375,0.161208606248));
#2892 = VECTOR('',#2893,1.);
#2893 = DIRECTION('',(0.,1.,0.));
#2894 = ORIENTED_EDGE('',*,*,#2895,.T.);
#2895 = EDGE_CURVE('',#2888,#2864,#2896,.T.);
#2896 = LINE('',#2897,#2898);
#2897 = CARTESIAN_POINT('',(1.894947578266,-0.2125,0.161208606248));
#2898 = VECTOR('',#2899,1.);
#2899 = DIRECTION('',(0.99756405026,0.,-6.975647374413E-02));
#2900 = ORIENTED_EDGE('',*,*,#2863,.F.);
#2901 = PLANE('',#2902);
#2902 = AXIS2_PLACEMENT_3D('',#2903,#2904,#2905);
#2903 = CARTESIAN_POINT('',(1.817009332867,-0.4375,0.166658579277));
#2904 = DIRECTION('',(6.975647374413E-02,0.,0.99756405026));
#2905 = DIRECTION('',(0.99756405026,0.,-6.975647374413E-02));
#2906 = ADVANCED_FACE('',(#2907),#2926,.F.);
#2907 = FACE_BOUND('',#2908,.F.);
#2908 = EDGE_LOOP('',(#2909,#2910,#2911,#2919));
#2909 = ORIENTED_EDGE('',*,*,#2887,.F.);
#2910 = ORIENTED_EDGE('',*,*,#2571,.T.);
#2911 = ORIENTED_EDGE('',*,*,#2912,.T.);
#2912 = EDGE_CURVE('',#2564,#2913,#2915,.T.);
#2913 = VERTEX_POINT('',#2914);
#2914 = CARTESIAN_POINT('',(1.803442450339,-0.2125,0.243600193507));
#2915 = LINE('',#2916,#2917);
#2916 = CARTESIAN_POINT('',(1.803442450339,-0.4375,0.243600193507));
#2917 = VECTOR('',#2918,1.);
#2918 = DIRECTION('',(0.,1.,0.));
#2919 = ORIENTED_EDGE('',*,*,#2920,.F.);
#2920 = EDGE_CURVE('',#2888,#2913,#2921,.T.);
#2921 = CIRCLE('',#2922,0.1);
#2922 = AXIS2_PLACEMENT_3D('',#2923,#2924,#2925);
#2923 = CARTESIAN_POINT('',(1.90192322564,-0.2125,0.260965011274));
#2924 = DIRECTION('',(0.,1.,0.));
#2925 = DIRECTION('',(-6.975647374413E-02,0.,-0.99756405026));
#2926 = CYLINDRICAL_SURFACE('',#2927,0.1);
#2927 = AXIS2_PLACEMENT_3D('',#2928,#2929,#2930);
#2928 = CARTESIAN_POINT('',(1.90192322564,-0.4375,0.260965011274));
#2929 = DIRECTION('',(0.,1.,0.));
#2930 = DIRECTION('',(-6.975647374413E-02,0.,-0.99756405026));
#2931 = ADVANCED_FACE('',(#2932),#2943,.T.);
#2932 = FACE_BOUND('',#2933,.F.);
#2933 = EDGE_LOOP('',(#2934,#2935,#2941,#2942));
#2934 = ORIENTED_EDGE('',*,*,#2660,.F.);
#2935 = ORIENTED_EDGE('',*,*,#2936,.T.);
#2936 = EDGE_CURVE('',#2661,#2913,#2937,.T.);
#2937 = LINE('',#2938,#2939);
#2938 = CARTESIAN_POINT('',(1.775704126638,-0.2125,0.400912044417));
#2939 = VECTOR('',#2940,1.);
#2940 = DIRECTION('',(0.173648177667,0.,-0.984807753012));
#2941 = ORIENTED_EDGE('',*,*,#2912,.F.);
#2942 = ORIENTED_EDGE('',*,*,#2563,.T.);
#2943 = PLANE('',#2944);
#2944 = AXIS2_PLACEMENT_3D('',#2945,#2946,#2947);
#2945 = CARTESIAN_POINT('',(1.797721162952,-0.4375,0.27604722665));
#2946 = DIRECTION('',(0.984807753012,0.,0.173648177667));
#2947 = DIRECTION('',(0.173648177667,0.,-0.984807753012));
#2948 = ADVANCED_FACE('',(#2949),#2963,.T.);
#2949 = FACE_BOUND('',#2950,.F.);
#2950 = EDGE_LOOP('',(#2951,#2952,#2953,#2954,#2955,#2956,#2957,#2958,
    #2959,#2960,#2961,#2962));
#2951 = ORIENTED_EDGE('',*,*,#2668,.F.);
#2952 = ORIENTED_EDGE('',*,*,#2702,.F.);
#2953 = ORIENTED_EDGE('',*,*,#2725,.F.);
#2954 = ORIENTED_EDGE('',*,*,#2748,.F.);
#2955 = ORIENTED_EDGE('',*,*,#2772,.F.);
#2956 = ORIENTED_EDGE('',*,*,#2799,.F.);
#2957 = ORIENTED_EDGE('',*,*,#2813,.T.);
#2958 = ORIENTED_EDGE('',*,*,#2847,.F.);
#2959 = ORIENTED_EDGE('',*,*,#2871,.F.);
#2960 = ORIENTED_EDGE('',*,*,#2895,.F.);
#2961 = ORIENTED_EDGE('',*,*,#2920,.T.);
#2962 = ORIENTED_EDGE('',*,*,#2936,.F.);
#2963 = PLANE('',#2964);
#2964 = AXIS2_PLACEMENT_3D('',#2965,#2966,#2967);
#2965 = CARTESIAN_POINT('',(1.65,-0.2125,0.25));
#2966 = DIRECTION('',(0.,1.,0.));
#2967 = DIRECTION('',(-1.,0.,0.));
#2968 = MANIFOLD_SOLID_BREP('',#2969);
#2969 = CLOSED_SHELL('',(#2970,#3078,#3110,#3134,#3158,#3182,#3207,#3231
    ,#3256,#3280,#3304,#3328,#3353,#3370));
#2970 = ADVANCED_FACE('',(#2971),#3073,.F.);
#2971 = FACE_BOUND('',#2972,.F.);
#2972 = EDGE_LOOP('',(#2973,#2984,#2992,#3001,#3009,#3017,#3025,#3034,
    #3042,#3051,#3059,#3067));
#2973 = ORIENTED_EDGE('',*,*,#2974,.F.);
#2974 = EDGE_CURVE('',#2975,#2977,#2979,.T.);
#2975 = VERTEX_POINT('',#2976);
#2976 = CARTESIAN_POINT('',(1.775704126638,-1.0875,0.400912044417));
#2977 = VERTEX_POINT('',#2978);
#2978 = CARTESIAN_POINT('',(1.529502188385,-1.0875,0.6075));
#2979 = CIRCLE('',#2980,0.25);
#2980 = AXIS2_PLACEMENT_3D('',#2981,#2982,#2983);
#2981 = CARTESIAN_POINT('',(1.529502188385,-1.0875,0.3575));
#2982 = DIRECTION('',(0.,-1.,0.));
#2983 = DIRECTION('',(0.984807753012,0.,0.173648177667));
#2984 = ORIENTED_EDGE('',*,*,#2985,.F.);
#2985 = EDGE_CURVE('',#2986,#2975,#2988,.T.);
#2986 = VERTEX_POINT('',#2987);
#2987 = CARTESIAN_POINT('',(1.803442450339,-1.0875,0.243600193507));
#2988 = LINE('',#2989,#2990);
#2989 = CARTESIAN_POINT('',(1.803442450339,-1.0875,0.243600193507));
#2990 = VECTOR('',#2991,1.);
#2991 = DIRECTION('',(-0.173648177667,0.,0.984807753012));
#2992 = ORIENTED_EDGE('',*,*,#2993,.F.);
#2993 = EDGE_CURVE('',#2994,#2986,#2996,.T.);
#2994 = VERTEX_POINT('',#2995);
#2995 = CARTESIAN_POINT('',(1.894947578266,-1.0875,0.161208606248));
#2996 = CIRCLE('',#2997,0.1);
#2997 = AXIS2_PLACEMENT_3D('',#2998,#2999,#3000);
#2998 = CARTESIAN_POINT('',(1.90192322564,-1.0875,0.260965011274));
#2999 = DIRECTION('',(0.,1.,0.));
#3000 = DIRECTION('',(-6.975647374413E-02,0.,-0.99756405026));
#3001 = ORIENTED_EDGE('',*,*,#3002,.T.);
#3002 = EDGE_CURVE('',#2994,#3003,#3005,.T.);
#3003 = VERTEX_POINT('',#3004);
#3004 = CARTESIAN_POINT('',(2.060463471062,-1.0875,0.149634607539));
#3005 = LINE('',#3006,#3007);
#3006 = CARTESIAN_POINT('',(1.894947578266,-1.0875,0.161208606248));
#3007 = VECTOR('',#3008,1.);
#3008 = DIRECTION('',(0.99756405026,0.,-6.975647374413E-02));
#3009 = ORIENTED_EDGE('',*,*,#3010,.T.);
#3010 = EDGE_CURVE('',#3003,#3011,#3013,.T.);
#3011 = VERTEX_POINT('',#3012);
#3012 = CARTESIAN_POINT('',(2.05,-1.0875,0.));
#3013 = LINE('',#3014,#3015);
#3014 = CARTESIAN_POINT('',(2.060463471062,-1.0875,0.149634607539));
#3015 = VECTOR('',#3016,1.);
#3016 = DIRECTION('',(-6.975647374413E-02,0.,-0.99756405026));
#3017 = ORIENTED_EDGE('',*,*,#3018,.T.);
#3018 = EDGE_CURVE('',#3011,#3019,#3021,.T.);
#3019 = VERTEX_POINT('',#3020);
#3020 = CARTESIAN_POINT('',(1.884484107204,-1.0875,1.15739987092E-02));
#3021 = LINE('',#3022,#3023);
#3022 = CARTESIAN_POINT('',(2.05,-1.0875,0.));
#3023 = VECTOR('',#3024,1.);
#3024 = DIRECTION('',(-0.99756405026,0.,6.975647374413E-02));
#3025 = ORIENTED_EDGE('',*,*,#3026,.F.);
#3026 = EDGE_CURVE('',#3027,#3019,#3029,.T.);
#3027 = VERTEX_POINT('',#3028);
#3028 = CARTESIAN_POINT('',(1.655721287387,-1.0875,0.217552966857));
#3029 = CIRCLE('',#3030,0.25);
#3030 = AXIS2_PLACEMENT_3D('',#3031,#3032,#3033);
#3031 = CARTESIAN_POINT('',(1.90192322564,-1.0875,0.260965011274));
#3032 = DIRECTION('',(0.,-1.,0.));
#3033 = DIRECTION('',(-0.984807753012,-0.,-0.173648177667));
#3034 = ORIENTED_EDGE('',*,*,#3035,.F.);
#3035 = EDGE_CURVE('',#3036,#3027,#3038,.T.);
#3036 = VERTEX_POINT('',#3037);
#3037 = CARTESIAN_POINT('',(1.627982963686,-1.0875,0.374864817767));
#3038 = LINE('',#3039,#3040);
#3039 = CARTESIAN_POINT('',(1.627982963686,-1.0875,0.374864817767));
#3040 = VECTOR('',#3041,1.);
#3041 = DIRECTION('',(0.173648177667,0.,-0.984807753012));
#3042 = ORIENTED_EDGE('',*,*,#3043,.F.);
#3043 = EDGE_CURVE('',#3044,#3036,#3046,.T.);
#3044 = VERTEX_POINT('',#3045);
#3045 = CARTESIAN_POINT('',(1.529502188385,-1.0875,0.4575));
#3046 = CIRCLE('',#3047,0.1);
#3047 = AXIS2_PLACEMENT_3D('',#3048,#3049,#3050);
#3048 = CARTESIAN_POINT('',(1.529502188385,-1.0875,0.3575));
#3049 = DIRECTION('',(0.,1.,0.));
#3050 = DIRECTION('',(0.,0.,1.));
#3051 = ORIENTED_EDGE('',*,*,#3052,.T.);
#3052 = EDGE_CURVE('',#3044,#3053,#3055,.T.);
#3053 = VERTEX_POINT('',#3054);
#3054 = CARTESIAN_POINT('',(1.5,-1.0875,0.4575));
#3055 = LINE('',#3056,#3057);
#3056 = CARTESIAN_POINT('',(1.529502188385,-1.0875,0.4575));
#3057 = VECTOR('',#3058,1.);
#3058 = DIRECTION('',(-1.,0.,0.));
#3059 = ORIENTED_EDGE('',*,*,#3060,.T.);
#3060 = EDGE_CURVE('',#3053,#3061,#3063,.T.);
#3061 = VERTEX_POINT('',#3062);
#3062 = CARTESIAN_POINT('',(1.5,-1.0875,0.6075));
#3063 = LINE('',#3064,#3065);
#3064 = CARTESIAN_POINT('',(1.5,-1.0875,0.4575));
#3065 = VECTOR('',#3066,1.);
#3066 = DIRECTION('',(0.,0.,1.));
#3067 = ORIENTED_EDGE('',*,*,#3068,.T.);
#3068 = EDGE_CURVE('',#3061,#2977,#3069,.T.);
#3069 = LINE('',#3070,#3071);
#3070 = CARTESIAN_POINT('',(1.5,-1.0875,0.6075));
#3071 = VECTOR('',#3072,1.);
#3072 = DIRECTION('',(1.,0.,0.));
#3073 = PLANE('',#3074);
#3074 = AXIS2_PLACEMENT_3D('',#3075,#3076,#3077);
#3075 = CARTESIAN_POINT('',(1.65,-1.0875,0.25));
#3076 = DIRECTION('',(0.,1.,0.));
#3077 = DIRECTION('',(-1.,0.,0.));
#3078 = ADVANCED_FACE('',(#3079),#3105,.T.);
#3079 = FACE_BOUND('',#3080,.T.);
#3080 = EDGE_LOOP('',(#3081,#3089,#3098,#3104));
#3081 = ORIENTED_EDGE('',*,*,#3082,.F.);
#3082 = EDGE_CURVE('',#3083,#2975,#3085,.T.);
#3083 = VERTEX_POINT('',#3084);
#3084 = CARTESIAN_POINT('',(1.775704126638,-0.8625,0.400912044417));
#3085 = LINE('',#3086,#3087);
#3086 = CARTESIAN_POINT('',(1.775704126638,-0.8625,0.400912044417));
#3087 = VECTOR('',#3088,1.);
#3088 = DIRECTION('',(0.,-1.,0.));
#3089 = ORIENTED_EDGE('',*,*,#3090,.F.);
#3090 = EDGE_CURVE('',#3091,#3083,#3093,.T.);
#3091 = VERTEX_POINT('',#3092);
#3092 = CARTESIAN_POINT('',(1.529502188385,-0.8625,0.6075));
#3093 = CIRCLE('',#3094,0.25);
#3094 = AXIS2_PLACEMENT_3D('',#3095,#3096,#3097);
#3095 = CARTESIAN_POINT('',(1.529502188385,-0.8625,0.3575));
#3096 = DIRECTION('',(0.,1.,0.));
#3097 = DIRECTION('',(0.,0.,1.));
#3098 = ORIENTED_EDGE('',*,*,#3099,.T.);
#3099 = EDGE_CURVE('',#3091,#2977,#3100,.T.);
#3100 = LINE('',#3101,#3102);
#3101 = CARTESIAN_POINT('',(1.529502188385,-0.8625,0.6075));
#3102 = VECTOR('',#3103,1.);
#3103 = DIRECTION('',(0.,-1.,0.));
#3104 = ORIENTED_EDGE('',*,*,#2974,.F.);
#3105 = CYLINDRICAL_SURFACE('',#3106,0.25);
#3106 = AXIS2_PLACEMENT_3D('',#3107,#3108,#3109);
#3107 = CARTESIAN_POINT('',(1.529502188385,-0.53913,0.3575));
#3108 = DIRECTION('',(0.,-1.,0.));
#3109 = DIRECTION('',(0.984807753012,0.,0.173648177667));
#3110 = ADVANCED_FACE('',(#3111),#3129,.T.);
#3111 = FACE_BOUND('',#3112,.F.);
#3112 = EDGE_LOOP('',(#3113,#3114,#3115,#3123));
#3113 = ORIENTED_EDGE('',*,*,#3099,.T.);
#3114 = ORIENTED_EDGE('',*,*,#3068,.F.);
#3115 = ORIENTED_EDGE('',*,*,#3116,.T.);
#3116 = EDGE_CURVE('',#3061,#3117,#3119,.T.);
#3117 = VERTEX_POINT('',#3118);
#3118 = CARTESIAN_POINT('',(1.5,-0.8625,0.6075));
#3119 = LINE('',#3120,#3121);
#3120 = CARTESIAN_POINT('',(1.5,-1.0875,0.6075));
#3121 = VECTOR('',#3122,1.);
#3122 = DIRECTION('',(0.,1.,0.));
#3123 = ORIENTED_EDGE('',*,*,#3124,.T.);
#3124 = EDGE_CURVE('',#3117,#3091,#3125,.T.);
#3125 = LINE('',#3126,#3127);
#3126 = CARTESIAN_POINT('',(1.5,-0.8625,0.6075));
#3127 = VECTOR('',#3128,1.);
#3128 = DIRECTION('',(1.,0.,0.));
#3129 = PLANE('',#3130);
#3130 = AXIS2_PLACEMENT_3D('',#3131,#3132,#3133);
#3131 = CARTESIAN_POINT('',(1.5,-1.0875,0.6075));
#3132 = DIRECTION('',(0.,0.,1.));
#3133 = DIRECTION('',(1.,0.,0.));
#3134 = ADVANCED_FACE('',(#3135),#3153,.T.);
#3135 = FACE_BOUND('',#3136,.F.);
#3136 = EDGE_LOOP('',(#3137,#3138,#3146,#3152));
#3137 = ORIENTED_EDGE('',*,*,#3060,.F.);
#3138 = ORIENTED_EDGE('',*,*,#3139,.T.);
#3139 = EDGE_CURVE('',#3053,#3140,#3142,.T.);
#3140 = VERTEX_POINT('',#3141);
#3141 = CARTESIAN_POINT('',(1.5,-0.8625,0.4575));
#3142 = LINE('',#3143,#3144);
#3143 = CARTESIAN_POINT('',(1.5,-1.0875,0.4575));
#3144 = VECTOR('',#3145,1.);
#3145 = DIRECTION('',(0.,1.,0.));
#3146 = ORIENTED_EDGE('',*,*,#3147,.T.);
#3147 = EDGE_CURVE('',#3140,#3117,#3148,.T.);
#3148 = LINE('',#3149,#3150);
#3149 = CARTESIAN_POINT('',(1.5,-0.8625,0.4575));
#3150 = VECTOR('',#3151,1.);
#3151 = DIRECTION('',(0.,0.,1.));
#3152 = ORIENTED_EDGE('',*,*,#3116,.F.);
#3153 = PLANE('',#3154);
#3154 = AXIS2_PLACEMENT_3D('',#3155,#3156,#3157);
#3155 = CARTESIAN_POINT('',(1.5,-1.0875,0.4575));
#3156 = DIRECTION('',(-1.,0.,0.));
#3157 = DIRECTION('',(0.,0.,1.));
#3158 = ADVANCED_FACE('',(#3159),#3177,.T.);
#3159 = FACE_BOUND('',#3160,.F.);
#3160 = EDGE_LOOP('',(#3161,#3169,#3175,#3176));
#3161 = ORIENTED_EDGE('',*,*,#3162,.F.);
#3162 = EDGE_CURVE('',#3163,#3044,#3165,.T.);
#3163 = VERTEX_POINT('',#3164);
#3164 = CARTESIAN_POINT('',(1.529502188385,-0.8625,0.4575));
#3165 = LINE('',#3166,#3167);
#3166 = CARTESIAN_POINT('',(1.529502188385,-0.8625,0.4575));
#3167 = VECTOR('',#3168,1.);
#3168 = DIRECTION('',(0.,-1.,0.));
#3169 = ORIENTED_EDGE('',*,*,#3170,.T.);
#3170 = EDGE_CURVE('',#3163,#3140,#3171,.T.);
#3171 = LINE('',#3172,#3173);
#3172 = CARTESIAN_POINT('',(1.529502188385,-0.8625,0.4575));
#3173 = VECTOR('',#3174,1.);
#3174 = DIRECTION('',(-1.,0.,0.));
#3175 = ORIENTED_EDGE('',*,*,#3139,.F.);
#3176 = ORIENTED_EDGE('',*,*,#3052,.F.);
#3177 = PLANE('',#3178);
#3178 = AXIS2_PLACEMENT_3D('',#3179,#3180,#3181);
#3179 = CARTESIAN_POINT('',(1.613412151503,-1.0875,0.4575));
#3180 = DIRECTION('',(0.,0.,-1.));
#3181 = DIRECTION('',(-1.,0.,0.));
#3182 = ADVANCED_FACE('',(#3183),#3202,.F.);
#3183 = FACE_BOUND('',#3184,.F.);
#3184 = EDGE_LOOP('',(#3185,#3193,#3200,#3201));
#3185 = ORIENTED_EDGE('',*,*,#3186,.F.);
#3186 = EDGE_CURVE('',#3187,#3036,#3189,.T.);
#3187 = VERTEX_POINT('',#3188);
#3188 = CARTESIAN_POINT('',(1.627982963686,-0.8625,0.374864817767));
#3189 = LINE('',#3190,#3191);
#3190 = CARTESIAN_POINT('',(1.627982963686,-0.8625,0.374864817767));
#3191 = VECTOR('',#3192,1.);
#3192 = DIRECTION('',(0.,-1.,0.));
#3193 = ORIENTED_EDGE('',*,*,#3194,.T.);
#3194 = EDGE_CURVE('',#3187,#3163,#3195,.T.);
#3195 = CIRCLE('',#3196,0.1);
#3196 = AXIS2_PLACEMENT_3D('',#3197,#3198,#3199);
#3197 = CARTESIAN_POINT('',(1.529502188385,-0.8625,0.3575));
#3198 = DIRECTION('',(0.,-1.,0.));
#3199 = DIRECTION('',(0.984807753012,0.,0.173648177667));
#3200 = ORIENTED_EDGE('',*,*,#3162,.T.);
#3201 = ORIENTED_EDGE('',*,*,#3043,.T.);
#3202 = CYLINDRICAL_SURFACE('',#3203,0.1);
#3203 = AXIS2_PLACEMENT_3D('',#3204,#3205,#3206);
#3204 = CARTESIAN_POINT('',(1.529502188385,-0.56919,0.3575));
#3205 = DIRECTION('',(0.,-1.,0.));
#3206 = DIRECTION('',(0.984807753012,0.,0.173648177667));
#3207 = ADVANCED_FACE('',(#3208),#3226,.T.);
#3208 = FACE_BOUND('',#3209,.F.);
#3209 = EDGE_LOOP('',(#3210,#3211,#3212,#3220));
#3210 = ORIENTED_EDGE('',*,*,#3186,.T.);
#3211 = ORIENTED_EDGE('',*,*,#3035,.T.);
#3212 = ORIENTED_EDGE('',*,*,#3213,.T.);
#3213 = EDGE_CURVE('',#3027,#3214,#3216,.T.);
#3214 = VERTEX_POINT('',#3215);
#3215 = CARTESIAN_POINT('',(1.655721287387,-0.8625,0.217552966857));
#3216 = LINE('',#3217,#3218);
#3217 = CARTESIAN_POINT('',(1.655721287387,-1.0875,0.217552966857));
#3218 = VECTOR('',#3219,1.);
#3219 = DIRECTION('',(0.,1.,0.));
#3220 = ORIENTED_EDGE('',*,*,#3221,.T.);
#3221 = EDGE_CURVE('',#3214,#3187,#3222,.T.);
#3222 = LINE('',#3223,#3224);
#3223 = CARTESIAN_POINT('',(1.655721287387,-0.8625,0.217552966857));
#3224 = VECTOR('',#3225,1.);
#3225 = DIRECTION('',(-0.173648177667,0.,0.984807753012));
#3226 = PLANE('',#3227);
#3227 = AXIS2_PLACEMENT_3D('',#3228,#3229,#3230);
#3228 = CARTESIAN_POINT('',(1.689638493707,-1.0875,2.51989312822E-02));
#3229 = DIRECTION('',(-0.984807753012,0.,-0.173648177667));
#3230 = DIRECTION('',(-0.173648177667,0.,0.984807753012));
#3231 = ADVANCED_FACE('',(#3232),#3251,.T.);
#3232 = FACE_BOUND('',#3233,.T.);
#3233 = EDGE_LOOP('',(#3234,#3243,#3249,#3250));
#3234 = ORIENTED_EDGE('',*,*,#3235,.T.);
#3235 = EDGE_CURVE('',#3214,#3236,#3238,.T.);
#3236 = VERTEX_POINT('',#3237);
#3237 = CARTESIAN_POINT('',(1.884484107204,-0.8625,1.15739987092E-02));
#3238 = CIRCLE('',#3239,0.25);
#3239 = AXIS2_PLACEMENT_3D('',#3240,#3241,#3242);
#3240 = CARTESIAN_POINT('',(1.90192322564,-0.8625,0.260965011274));
#3241 = DIRECTION('',(0.,-1.,0.));
#3242 = DIRECTION('',(-0.984807753012,-0.,-0.173648177667));
#3243 = ORIENTED_EDGE('',*,*,#3244,.F.);
#3244 = EDGE_CURVE('',#3019,#3236,#3245,.T.);
#3245 = LINE('',#3246,#3247);
#3246 = CARTESIAN_POINT('',(1.884484107204,-1.0875,1.15739987092E-02));
#3247 = VECTOR('',#3248,1.);
#3248 = DIRECTION('',(0.,1.,0.));
#3249 = ORIENTED_EDGE('',*,*,#3026,.F.);
#3250 = ORIENTED_EDGE('',*,*,#3213,.T.);
#3251 = CYLINDRICAL_SURFACE('',#3252,0.25);
#3252 = AXIS2_PLACEMENT_3D('',#3253,#3254,#3255);
#3253 = CARTESIAN_POINT('',(1.90192322564,-1.0875,0.260965011274));
#3254 = DIRECTION('',(0.,-1.,0.));
#3255 = DIRECTION('',(-0.984807753012,-0.,-0.173648177667));
#3256 = ADVANCED_FACE('',(#3257),#3275,.T.);
#3257 = FACE_BOUND('',#3258,.F.);
#3258 = EDGE_LOOP('',(#3259,#3260,#3268,#3274));
#3259 = ORIENTED_EDGE('',*,*,#3018,.F.);
#3260 = ORIENTED_EDGE('',*,*,#3261,.T.);
#3261 = EDGE_CURVE('',#3011,#3262,#3264,.T.);
#3262 = VERTEX_POINT('',#3263);
#3263 = CARTESIAN_POINT('',(2.05,-0.8625,0.));
#3264 = LINE('',#3265,#3266);
#3265 = CARTESIAN_POINT('',(2.05,-1.0875,0.));
#3266 = VECTOR('',#3267,1.);
#3267 = DIRECTION('',(0.,1.,0.));
#3268 = ORIENTED_EDGE('',*,*,#3269,.T.);
#3269 = EDGE_CURVE('',#3262,#3236,#3270,.T.);
#3270 = LINE('',#3271,#3272);
#3271 = CARTESIAN_POINT('',(2.05,-0.8625,0.));
#3272 = VECTOR('',#3273,1.);
#3273 = DIRECTION('',(-0.99756405026,0.,6.975647374413E-02));
#3274 = ORIENTED_EDGE('',*,*,#3244,.F.);
#3275 = PLANE('',#3276);
#3276 = AXIS2_PLACEMENT_3D('',#3277,#3278,#3279);
#3277 = CARTESIAN_POINT('',(2.05,-1.0875,0.));
#3278 = DIRECTION('',(-6.975647374413E-02,0.,-0.99756405026));
#3279 = DIRECTION('',(-0.99756405026,0.,6.975647374413E-02));
#3280 = ADVANCED_FACE('',(#3281),#3299,.T.);
#3281 = FACE_BOUND('',#3282,.F.);
#3282 = EDGE_LOOP('',(#3283,#3284,#3292,#3298));
#3283 = ORIENTED_EDGE('',*,*,#3010,.F.);
#3284 = ORIENTED_EDGE('',*,*,#3285,.T.);
#3285 = EDGE_CURVE('',#3003,#3286,#3288,.T.);
#3286 = VERTEX_POINT('',#3287);
#3287 = CARTESIAN_POINT('',(2.060463471062,-0.8625,0.149634607539));
#3288 = LINE('',#3289,#3290);
#3289 = CARTESIAN_POINT('',(2.060463471062,-1.0875,0.149634607539));
#3290 = VECTOR('',#3291,1.);
#3291 = DIRECTION('',(0.,1.,0.));
#3292 = ORIENTED_EDGE('',*,*,#3293,.T.);
#3293 = EDGE_CURVE('',#3286,#3262,#3294,.T.);
#3294 = LINE('',#3295,#3296);
#3295 = CARTESIAN_POINT('',(2.060463471062,-0.8625,0.149634607539));
#3296 = VECTOR('',#3297,1.);
#3297 = DIRECTION('',(-6.975647374413E-02,0.,-0.99756405026));
#3298 = ORIENTED_EDGE('',*,*,#3261,.F.);
#3299 = PLANE('',#3300);
#3300 = AXIS2_PLACEMENT_3D('',#3301,#3302,#3303);
#3301 = CARTESIAN_POINT('',(2.060463471062,-1.0875,0.149634607539));
#3302 = DIRECTION('',(0.99756405026,0.,-6.975647374413E-02));
#3303 = DIRECTION('',(-6.975647374413E-02,0.,-0.99756405026));
#3304 = ADVANCED_FACE('',(#3305),#3323,.T.);
#3305 = FACE_BOUND('',#3306,.F.);
#3306 = EDGE_LOOP('',(#3307,#3308,#3316,#3322));
#3307 = ORIENTED_EDGE('',*,*,#3002,.F.);
#3308 = ORIENTED_EDGE('',*,*,#3309,.T.);
#3309 = EDGE_CURVE('',#2994,#3310,#3312,.T.);
#3310 = VERTEX_POINT('',#3311);
#3311 = CARTESIAN_POINT('',(1.894947578266,-0.8625,0.161208606248));
#3312 = LINE('',#3313,#3314);
#3313 = CARTESIAN_POINT('',(1.894947578266,-1.0875,0.161208606248));
#3314 = VECTOR('',#3315,1.);
#3315 = DIRECTION('',(0.,1.,0.));
#3316 = ORIENTED_EDGE('',*,*,#3317,.T.);
#3317 = EDGE_CURVE('',#3310,#3286,#3318,.T.);
#3318 = LINE('',#3319,#3320);
#3319 = CARTESIAN_POINT('',(1.894947578266,-0.8625,0.161208606248));
#3320 = VECTOR('',#3321,1.);
#3321 = DIRECTION('',(0.99756405026,0.,-6.975647374413E-02));
#3322 = ORIENTED_EDGE('',*,*,#3285,.F.);
#3323 = PLANE('',#3324);
#3324 = AXIS2_PLACEMENT_3D('',#3325,#3326,#3327);
#3325 = CARTESIAN_POINT('',(1.817009332867,-1.0875,0.166658579277));
#3326 = DIRECTION('',(6.975647374413E-02,0.,0.99756405026));
#3327 = DIRECTION('',(0.99756405026,0.,-6.975647374413E-02));
#3328 = ADVANCED_FACE('',(#3329),#3348,.F.);
#3329 = FACE_BOUND('',#3330,.F.);
#3330 = EDGE_LOOP('',(#3331,#3332,#3333,#3341));
#3331 = ORIENTED_EDGE('',*,*,#3309,.F.);
#3332 = ORIENTED_EDGE('',*,*,#2993,.T.);
#3333 = ORIENTED_EDGE('',*,*,#3334,.T.);
#3334 = EDGE_CURVE('',#2986,#3335,#3337,.T.);
#3335 = VERTEX_POINT('',#3336);
#3336 = CARTESIAN_POINT('',(1.803442450339,-0.8625,0.243600193507));
#3337 = LINE('',#3338,#3339);
#3338 = CARTESIAN_POINT('',(1.803442450339,-1.0875,0.243600193507));
#3339 = VECTOR('',#3340,1.);
#3340 = DIRECTION('',(0.,1.,0.));
#3341 = ORIENTED_EDGE('',*,*,#3342,.F.);
#3342 = EDGE_CURVE('',#3310,#3335,#3343,.T.);
#3343 = CIRCLE('',#3344,0.1);
#3344 = AXIS2_PLACEMENT_3D('',#3345,#3346,#3347);
#3345 = CARTESIAN_POINT('',(1.90192322564,-0.8625,0.260965011274));
#3346 = DIRECTION('',(0.,1.,0.));
#3347 = DIRECTION('',(-6.975647374413E-02,0.,-0.99756405026));
#3348 = CYLINDRICAL_SURFACE('',#3349,0.1);
#3349 = AXIS2_PLACEMENT_3D('',#3350,#3351,#3352);
#3350 = CARTESIAN_POINT('',(1.90192322564,-1.0875,0.260965011274));
#3351 = DIRECTION('',(0.,1.,0.));
#3352 = DIRECTION('',(-6.975647374413E-02,0.,-0.99756405026));
#3353 = ADVANCED_FACE('',(#3354),#3365,.T.);
#3354 = FACE_BOUND('',#3355,.F.);
#3355 = EDGE_LOOP('',(#3356,#3357,#3363,#3364));
#3356 = ORIENTED_EDGE('',*,*,#3082,.F.);
#3357 = ORIENTED_EDGE('',*,*,#3358,.T.);
#3358 = EDGE_CURVE('',#3083,#3335,#3359,.T.);
#3359 = LINE('',#3360,#3361);
#3360 = CARTESIAN_POINT('',(1.775704126638,-0.8625,0.400912044417));
#3361 = VECTOR('',#3362,1.);
#3362 = DIRECTION('',(0.173648177667,0.,-0.984807753012));
#3363 = ORIENTED_EDGE('',*,*,#3334,.F.);
#3364 = ORIENTED_EDGE('',*,*,#2985,.T.);
#3365 = PLANE('',#3366);
#3366 = AXIS2_PLACEMENT_3D('',#3367,#3368,#3369);
#3367 = CARTESIAN_POINT('',(1.797721162952,-1.0875,0.27604722665));
#3368 = DIRECTION('',(0.984807753012,0.,0.173648177667));
#3369 = DIRECTION('',(0.173648177667,0.,-0.984807753012));
#3370 = ADVANCED_FACE('',(#3371),#3385,.T.);
#3371 = FACE_BOUND('',#3372,.F.);
#3372 = EDGE_LOOP('',(#3373,#3374,#3375,#3376,#3377,#3378,#3379,#3380,
    #3381,#3382,#3383,#3384));
#3373 = ORIENTED_EDGE('',*,*,#3090,.F.);
#3374 = ORIENTED_EDGE('',*,*,#3124,.F.);
#3375 = ORIENTED_EDGE('',*,*,#3147,.F.);
#3376 = ORIENTED_EDGE('',*,*,#3170,.F.);
#3377 = ORIENTED_EDGE('',*,*,#3194,.F.);
#3378 = ORIENTED_EDGE('',*,*,#3221,.F.);
#3379 = ORIENTED_EDGE('',*,*,#3235,.T.);
#3380 = ORIENTED_EDGE('',*,*,#3269,.F.);
#3381 = ORIENTED_EDGE('',*,*,#3293,.F.);
#3382 = ORIENTED_EDGE('',*,*,#3317,.F.);
#3383 = ORIENTED_EDGE('',*,*,#3342,.T.);
#3384 = ORIENTED_EDGE('',*,*,#3358,.F.);
#3385 = PLANE('',#3386);
#3386 = AXIS2_PLACEMENT_3D('',#3387,#3388,#3389);
#3387 = CARTESIAN_POINT('',(1.65,-0.8625,0.25));
#3388 = DIRECTION('',(0.,1.,0.));
#3389 = DIRECTION('',(-1.,0.,0.));
#3390 = MANIFOLD_SOLID_BREP('',#3391);
#3391 = CLOSED_SHELL('',(#3392,#3500,#3532,#3556,#3580,#3604,#3629,#3653
    ,#3678,#3702,#3726,#3750,#3775,#3792));
#3392 = ADVANCED_FACE('',(#3393),#3495,.F.);
#3393 = FACE_BOUND('',#3394,.F.);
#3394 = EDGE_LOOP('',(#3395,#3406,#3414,#3423,#3431,#3439,#3447,#3456,
    #3464,#3473,#3481,#3489));
#3395 = ORIENTED_EDGE('',*,*,#3396,.F.);
#3396 = EDGE_CURVE('',#3397,#3399,#3401,.T.);
#3397 = VERTEX_POINT('',#3398);
#3398 = CARTESIAN_POINT('',(-1.775704126638,1.0875,0.400912044417));
#3399 = VERTEX_POINT('',#3400);
#3400 = CARTESIAN_POINT('',(-1.529502188385,1.0875,0.6075));
#3401 = CIRCLE('',#3402,0.25);
#3402 = AXIS2_PLACEMENT_3D('',#3403,#3404,#3405);
#3403 = CARTESIAN_POINT('',(-1.529502188385,1.0875,0.3575));
#3404 = DIRECTION('',(0.,1.,-0.));
#3405 = DIRECTION('',(-0.984807753012,0.,0.173648177667));
#3406 = ORIENTED_EDGE('',*,*,#3407,.F.);
#3407 = EDGE_CURVE('',#3408,#3397,#3410,.T.);
#3408 = VERTEX_POINT('',#3409);
#3409 = CARTESIAN_POINT('',(-1.803442450339,1.0875,0.243600193507));
#3410 = LINE('',#3411,#3412);
#3411 = CARTESIAN_POINT('',(-1.803442450339,1.0875,0.243600193507));
#3412 = VECTOR('',#3413,1.);
#3413 = DIRECTION('',(0.173648177667,0.,0.984807753012));
#3414 = ORIENTED_EDGE('',*,*,#3415,.F.);
#3415 = EDGE_CURVE('',#3416,#3408,#3418,.T.);
#3416 = VERTEX_POINT('',#3417);
#3417 = CARTESIAN_POINT('',(-1.894947578266,1.0875,0.161208606248));
#3418 = CIRCLE('',#3419,0.1);
#3419 = AXIS2_PLACEMENT_3D('',#3420,#3421,#3422);
#3420 = CARTESIAN_POINT('',(-1.90192322564,1.0875,0.260965011274));
#3421 = DIRECTION('',(0.,-1.,0.));
#3422 = DIRECTION('',(6.975647374413E-02,-0.,-0.99756405026));
#3423 = ORIENTED_EDGE('',*,*,#3424,.T.);
#3424 = EDGE_CURVE('',#3416,#3425,#3427,.T.);
#3425 = VERTEX_POINT('',#3426);
#3426 = CARTESIAN_POINT('',(-2.060463471062,1.0875,0.149634607539));
#3427 = LINE('',#3428,#3429);
#3428 = CARTESIAN_POINT('',(-1.894947578266,1.0875,0.161208606248));
#3429 = VECTOR('',#3430,1.);
#3430 = DIRECTION('',(-0.99756405026,0.,-6.975647374413E-02));
#3431 = ORIENTED_EDGE('',*,*,#3432,.T.);
#3432 = EDGE_CURVE('',#3425,#3433,#3435,.T.);
#3433 = VERTEX_POINT('',#3434);
#3434 = CARTESIAN_POINT('',(-2.05,1.0875,0.));
#3435 = LINE('',#3436,#3437);
#3436 = CARTESIAN_POINT('',(-2.060463471062,1.0875,0.149634607539));
#3437 = VECTOR('',#3438,1.);
#3438 = DIRECTION('',(6.975647374413E-02,-0.,-0.99756405026));
#3439 = ORIENTED_EDGE('',*,*,#3440,.T.);
#3440 = EDGE_CURVE('',#3433,#3441,#3443,.T.);
#3441 = VERTEX_POINT('',#3442);
#3442 = CARTESIAN_POINT('',(-1.884484107204,1.0875,1.15739987092E-02));
#3443 = LINE('',#3444,#3445);
#3444 = CARTESIAN_POINT('',(-2.05,1.0875,0.));
#3445 = VECTOR('',#3446,1.);
#3446 = DIRECTION('',(0.99756405026,0.,6.975647374413E-02));
#3447 = ORIENTED_EDGE('',*,*,#3448,.F.);
#3448 = EDGE_CURVE('',#3449,#3441,#3451,.T.);
#3449 = VERTEX_POINT('',#3450);
#3450 = CARTESIAN_POINT('',(-1.655721287387,1.0875,0.217552966857));
#3451 = CIRCLE('',#3452,0.25);
#3452 = AXIS2_PLACEMENT_3D('',#3453,#3454,#3455);
#3453 = CARTESIAN_POINT('',(-1.90192322564,1.0875,0.260965011274));
#3454 = DIRECTION('',(0.,1.,0.));
#3455 = DIRECTION('',(0.984807753012,0.,-0.173648177667));
#3456 = ORIENTED_EDGE('',*,*,#3457,.F.);
#3457 = EDGE_CURVE('',#3458,#3449,#3460,.T.);
#3458 = VERTEX_POINT('',#3459);
#3459 = CARTESIAN_POINT('',(-1.627982963686,1.0875,0.374864817767));
#3460 = LINE('',#3461,#3462);
#3461 = CARTESIAN_POINT('',(-1.627982963686,1.0875,0.374864817767));
#3462 = VECTOR('',#3463,1.);
#3463 = DIRECTION('',(-0.173648177667,0.,-0.984807753012));
#3464 = ORIENTED_EDGE('',*,*,#3465,.F.);
#3465 = EDGE_CURVE('',#3466,#3458,#3468,.T.);
#3466 = VERTEX_POINT('',#3467);
#3467 = CARTESIAN_POINT('',(-1.529502188385,1.0875,0.4575));
#3468 = CIRCLE('',#3469,0.1);
#3469 = AXIS2_PLACEMENT_3D('',#3470,#3471,#3472);
#3470 = CARTESIAN_POINT('',(-1.529502188385,1.0875,0.3575));
#3471 = DIRECTION('',(0.,-1.,0.));
#3472 = DIRECTION('',(0.,0.,1.));
#3473 = ORIENTED_EDGE('',*,*,#3474,.T.);
#3474 = EDGE_CURVE('',#3466,#3475,#3477,.T.);
#3475 = VERTEX_POINT('',#3476);
#3476 = CARTESIAN_POINT('',(-1.5,1.0875,0.4575));
#3477 = LINE('',#3478,#3479);
#3478 = CARTESIAN_POINT('',(-1.529502188385,1.0875,0.4575));
#3479 = VECTOR('',#3480,1.);
#3480 = DIRECTION('',(1.,0.,0.));
#3481 = ORIENTED_EDGE('',*,*,#3482,.T.);
#3482 = EDGE_CURVE('',#3475,#3483,#3485,.T.);
#3483 = VERTEX_POINT('',#3484);
#3484 = CARTESIAN_POINT('',(-1.5,1.0875,0.6075));
#3485 = LINE('',#3486,#3487);
#3486 = CARTESIAN_POINT('',(-1.5,1.0875,0.4575));
#3487 = VECTOR('',#3488,1.);
#3488 = DIRECTION('',(0.,0.,1.));
#3489 = ORIENTED_EDGE('',*,*,#3490,.T.);
#3490 = EDGE_CURVE('',#3483,#3399,#3491,.T.);
#3491 = LINE('',#3492,#3493);
#3492 = CARTESIAN_POINT('',(-1.5,1.0875,0.6075));
#3493 = VECTOR('',#3494,1.);
#3494 = DIRECTION('',(-1.,0.,0.));
#3495 = PLANE('',#3496);
#3496 = AXIS2_PLACEMENT_3D('',#3497,#3498,#3499);
#3497 = CARTESIAN_POINT('',(-1.65,1.0875,0.25));
#3498 = DIRECTION('',(0.,-1.,0.));
#3499 = DIRECTION('',(1.,0.,0.));
#3500 = ADVANCED_FACE('',(#3501),#3527,.T.);
#3501 = FACE_BOUND('',#3502,.T.);
#3502 = EDGE_LOOP('',(#3503,#3511,#3520,#3526));
#3503 = ORIENTED_EDGE('',*,*,#3504,.F.);
#3504 = EDGE_CURVE('',#3505,#3397,#3507,.T.);
#3505 = VERTEX_POINT('',#3506);
#3506 = CARTESIAN_POINT('',(-1.775704126638,0.8625,0.400912044417));
#3507 = LINE('',#3508,#3509);
#3508 = CARTESIAN_POINT('',(-1.775704126638,0.8625,0.400912044417));
#3509 = VECTOR('',#3510,1.);
#3510 = DIRECTION('',(0.,1.,0.));
#3511 = ORIENTED_EDGE('',*,*,#3512,.F.);
#3512 = EDGE_CURVE('',#3513,#3505,#3515,.T.);
#3513 = VERTEX_POINT('',#3514);
#3514 = CARTESIAN_POINT('',(-1.529502188385,0.8625,0.6075));
#3515 = CIRCLE('',#3516,0.25);
#3516 = AXIS2_PLACEMENT_3D('',#3517,#3518,#3519);
#3517 = CARTESIAN_POINT('',(-1.529502188385,0.8625,0.3575));
#3518 = DIRECTION('',(0.,-1.,0.));
#3519 = DIRECTION('',(0.,0.,1.));
#3520 = ORIENTED_EDGE('',*,*,#3521,.T.);
#3521 = EDGE_CURVE('',#3513,#3399,#3522,.T.);
#3522 = LINE('',#3523,#3524);
#3523 = CARTESIAN_POINT('',(-1.529502188385,0.8625,0.6075));
#3524 = VECTOR('',#3525,1.);
#3525 = DIRECTION('',(0.,1.,0.));
#3526 = ORIENTED_EDGE('',*,*,#3396,.F.);
#3527 = CYLINDRICAL_SURFACE('',#3528,0.25);
#3528 = AXIS2_PLACEMENT_3D('',#3529,#3530,#3531);
#3529 = CARTESIAN_POINT('',(-1.529502188385,0.53913,0.3575));
#3530 = DIRECTION('',(0.,1.,0.));
#3531 = DIRECTION('',(-0.984807753012,0.,0.173648177667));
#3532 = ADVANCED_FACE('',(#3533),#3551,.T.);
#3533 = FACE_BOUND('',#3534,.F.);
#3534 = EDGE_LOOP('',(#3535,#3536,#3537,#3545));
#3535 = ORIENTED_EDGE('',*,*,#3521,.T.);
#3536 = ORIENTED_EDGE('',*,*,#3490,.F.);
#3537 = ORIENTED_EDGE('',*,*,#3538,.T.);
#3538 = EDGE_CURVE('',#3483,#3539,#3541,.T.);
#3539 = VERTEX_POINT('',#3540);
#3540 = CARTESIAN_POINT('',(-1.5,0.8625,0.6075));
#3541 = LINE('',#3542,#3543);
#3542 = CARTESIAN_POINT('',(-1.5,1.0875,0.6075));
#3543 = VECTOR('',#3544,1.);
#3544 = DIRECTION('',(0.,-1.,0.));
#3545 = ORIENTED_EDGE('',*,*,#3546,.T.);
#3546 = EDGE_CURVE('',#3539,#3513,#3547,.T.);
#3547 = LINE('',#3548,#3549);
#3548 = CARTESIAN_POINT('',(-1.5,0.8625,0.6075));
#3549 = VECTOR('',#3550,1.);
#3550 = DIRECTION('',(-1.,0.,0.));
#3551 = PLANE('',#3552);
#3552 = AXIS2_PLACEMENT_3D('',#3553,#3554,#3555);
#3553 = CARTESIAN_POINT('',(-1.5,1.0875,0.6075));
#3554 = DIRECTION('',(0.,0.,1.));
#3555 = DIRECTION('',(-1.,0.,0.));
#3556 = ADVANCED_FACE('',(#3557),#3575,.T.);
#3557 = FACE_BOUND('',#3558,.F.);
#3558 = EDGE_LOOP('',(#3559,#3560,#3568,#3574));
#3559 = ORIENTED_EDGE('',*,*,#3482,.F.);
#3560 = ORIENTED_EDGE('',*,*,#3561,.T.);
#3561 = EDGE_CURVE('',#3475,#3562,#3564,.T.);
#3562 = VERTEX_POINT('',#3563);
#3563 = CARTESIAN_POINT('',(-1.5,0.8625,0.4575));
#3564 = LINE('',#3565,#3566);
#3565 = CARTESIAN_POINT('',(-1.5,1.0875,0.4575));
#3566 = VECTOR('',#3567,1.);
#3567 = DIRECTION('',(0.,-1.,0.));
#3568 = ORIENTED_EDGE('',*,*,#3569,.T.);
#3569 = EDGE_CURVE('',#3562,#3539,#3570,.T.);
#3570 = LINE('',#3571,#3572);
#3571 = CARTESIAN_POINT('',(-1.5,0.8625,0.4575));
#3572 = VECTOR('',#3573,1.);
#3573 = DIRECTION('',(0.,0.,1.));
#3574 = ORIENTED_EDGE('',*,*,#3538,.F.);
#3575 = PLANE('',#3576);
#3576 = AXIS2_PLACEMENT_3D('',#3577,#3578,#3579);
#3577 = CARTESIAN_POINT('',(-1.5,1.0875,0.4575));
#3578 = DIRECTION('',(1.,0.,0.));
#3579 = DIRECTION('',(0.,0.,1.));
#3580 = ADVANCED_FACE('',(#3581),#3599,.T.);
#3581 = FACE_BOUND('',#3582,.F.);
#3582 = EDGE_LOOP('',(#3583,#3591,#3597,#3598));
#3583 = ORIENTED_EDGE('',*,*,#3584,.F.);
#3584 = EDGE_CURVE('',#3585,#3466,#3587,.T.);
#3585 = VERTEX_POINT('',#3586);
#3586 = CARTESIAN_POINT('',(-1.529502188385,0.8625,0.4575));
#3587 = LINE('',#3588,#3589);
#3588 = CARTESIAN_POINT('',(-1.529502188385,0.8625,0.4575));
#3589 = VECTOR('',#3590,1.);
#3590 = DIRECTION('',(0.,1.,0.));
#3591 = ORIENTED_EDGE('',*,*,#3592,.T.);
#3592 = EDGE_CURVE('',#3585,#3562,#3593,.T.);
#3593 = LINE('',#3594,#3595);
#3594 = CARTESIAN_POINT('',(-1.529502188385,0.8625,0.4575));
#3595 = VECTOR('',#3596,1.);
#3596 = DIRECTION('',(1.,0.,0.));
#3597 = ORIENTED_EDGE('',*,*,#3561,.F.);
#3598 = ORIENTED_EDGE('',*,*,#3474,.F.);
#3599 = PLANE('',#3600);
#3600 = AXIS2_PLACEMENT_3D('',#3601,#3602,#3603);
#3601 = CARTESIAN_POINT('',(-1.613412151503,1.0875,0.4575));
#3602 = DIRECTION('',(0.,0.,-1.));
#3603 = DIRECTION('',(1.,0.,0.));
#3604 = ADVANCED_FACE('',(#3605),#3624,.F.);
#3605 = FACE_BOUND('',#3606,.F.);
#3606 = EDGE_LOOP('',(#3607,#3615,#3622,#3623));
#3607 = ORIENTED_EDGE('',*,*,#3608,.F.);
#3608 = EDGE_CURVE('',#3609,#3458,#3611,.T.);
#3609 = VERTEX_POINT('',#3610);
#3610 = CARTESIAN_POINT('',(-1.627982963686,0.8625,0.374864817767));
#3611 = LINE('',#3612,#3613);
#3612 = CARTESIAN_POINT('',(-1.627982963686,0.8625,0.374864817767));
#3613 = VECTOR('',#3614,1.);
#3614 = DIRECTION('',(0.,1.,0.));
#3615 = ORIENTED_EDGE('',*,*,#3616,.T.);
#3616 = EDGE_CURVE('',#3609,#3585,#3617,.T.);
#3617 = CIRCLE('',#3618,0.1);
#3618 = AXIS2_PLACEMENT_3D('',#3619,#3620,#3621);
#3619 = CARTESIAN_POINT('',(-1.529502188385,0.8625,0.3575));
#3620 = DIRECTION('',(0.,1.,-0.));
#3621 = DIRECTION('',(-0.984807753012,0.,0.173648177667));
#3622 = ORIENTED_EDGE('',*,*,#3584,.T.);
#3623 = ORIENTED_EDGE('',*,*,#3465,.T.);
#3624 = CYLINDRICAL_SURFACE('',#3625,0.1);
#3625 = AXIS2_PLACEMENT_3D('',#3626,#3627,#3628);
#3626 = CARTESIAN_POINT('',(-1.529502188385,0.56919,0.3575));
#3627 = DIRECTION('',(0.,1.,0.));
#3628 = DIRECTION('',(-0.984807753012,0.,0.173648177667));
#3629 = ADVANCED_FACE('',(#3630),#3648,.T.);
#3630 = FACE_BOUND('',#3631,.F.);
#3631 = EDGE_LOOP('',(#3632,#3633,#3634,#3642));
#3632 = ORIENTED_EDGE('',*,*,#3608,.T.);
#3633 = ORIENTED_EDGE('',*,*,#3457,.T.);
#3634 = ORIENTED_EDGE('',*,*,#3635,.T.);
#3635 = EDGE_CURVE('',#3449,#3636,#3638,.T.);
#3636 = VERTEX_POINT('',#3637);
#3637 = CARTESIAN_POINT('',(-1.655721287387,0.8625,0.217552966857));
#3638 = LINE('',#3639,#3640);
#3639 = CARTESIAN_POINT('',(-1.655721287387,1.0875,0.217552966857));
#3640 = VECTOR('',#3641,1.);
#3641 = DIRECTION('',(0.,-1.,0.));
#3642 = ORIENTED_EDGE('',*,*,#3643,.T.);
#3643 = EDGE_CURVE('',#3636,#3609,#3644,.T.);
#3644 = LINE('',#3645,#3646);
#3645 = CARTESIAN_POINT('',(-1.655721287387,0.8625,0.217552966857));
#3646 = VECTOR('',#3647,1.);
#3647 = DIRECTION('',(0.173648177667,0.,0.984807753012));
#3648 = PLANE('',#3649);
#3649 = AXIS2_PLACEMENT_3D('',#3650,#3651,#3652);
#3650 = CARTESIAN_POINT('',(-1.689638493707,1.0875,2.51989312822E-02));
#3651 = DIRECTION('',(0.984807753012,-0.,-0.173648177667));
#3652 = DIRECTION('',(0.173648177667,0.,0.984807753012));
#3653 = ADVANCED_FACE('',(#3654),#3673,.T.);
#3654 = FACE_BOUND('',#3655,.T.);
#3655 = EDGE_LOOP('',(#3656,#3665,#3671,#3672));
#3656 = ORIENTED_EDGE('',*,*,#3657,.T.);
#3657 = EDGE_CURVE('',#3636,#3658,#3660,.T.);
#3658 = VERTEX_POINT('',#3659);
#3659 = CARTESIAN_POINT('',(-1.884484107204,0.8625,1.15739987092E-02));
#3660 = CIRCLE('',#3661,0.25);
#3661 = AXIS2_PLACEMENT_3D('',#3662,#3663,#3664);
#3662 = CARTESIAN_POINT('',(-1.90192322564,0.8625,0.260965011274));
#3663 = DIRECTION('',(0.,1.,0.));
#3664 = DIRECTION('',(0.984807753012,0.,-0.173648177667));
#3665 = ORIENTED_EDGE('',*,*,#3666,.F.);
#3666 = EDGE_CURVE('',#3441,#3658,#3667,.T.);
#3667 = LINE('',#3668,#3669);
#3668 = CARTESIAN_POINT('',(-1.884484107204,1.0875,1.15739987092E-02));
#3669 = VECTOR('',#3670,1.);
#3670 = DIRECTION('',(0.,-1.,0.));
#3671 = ORIENTED_EDGE('',*,*,#3448,.F.);
#3672 = ORIENTED_EDGE('',*,*,#3635,.T.);
#3673 = CYLINDRICAL_SURFACE('',#3674,0.25);
#3674 = AXIS2_PLACEMENT_3D('',#3675,#3676,#3677);
#3675 = CARTESIAN_POINT('',(-1.90192322564,1.0875,0.260965011274));
#3676 = DIRECTION('',(0.,1.,0.));
#3677 = DIRECTION('',(0.984807753012,0.,-0.173648177667));
#3678 = ADVANCED_FACE('',(#3679),#3697,.T.);
#3679 = FACE_BOUND('',#3680,.F.);
#3680 = EDGE_LOOP('',(#3681,#3682,#3690,#3696));
#3681 = ORIENTED_EDGE('',*,*,#3440,.F.);
#3682 = ORIENTED_EDGE('',*,*,#3683,.T.);
#3683 = EDGE_CURVE('',#3433,#3684,#3686,.T.);
#3684 = VERTEX_POINT('',#3685);
#3685 = CARTESIAN_POINT('',(-2.05,0.8625,0.));
#3686 = LINE('',#3687,#3688);
#3687 = CARTESIAN_POINT('',(-2.05,1.0875,0.));
#3688 = VECTOR('',#3689,1.);
#3689 = DIRECTION('',(0.,-1.,0.));
#3690 = ORIENTED_EDGE('',*,*,#3691,.T.);
#3691 = EDGE_CURVE('',#3684,#3658,#3692,.T.);
#3692 = LINE('',#3693,#3694);
#3693 = CARTESIAN_POINT('',(-2.05,0.8625,0.));
#3694 = VECTOR('',#3695,1.);
#3695 = DIRECTION('',(0.99756405026,0.,6.975647374413E-02));
#3696 = ORIENTED_EDGE('',*,*,#3666,.F.);
#3697 = PLANE('',#3698);
#3698 = AXIS2_PLACEMENT_3D('',#3699,#3700,#3701);
#3699 = CARTESIAN_POINT('',(-2.05,1.0875,0.));
#3700 = DIRECTION('',(6.975647374413E-02,-0.,-0.99756405026));
#3701 = DIRECTION('',(0.99756405026,0.,6.975647374413E-02));
#3702 = ADVANCED_FACE('',(#3703),#3721,.T.);
#3703 = FACE_BOUND('',#3704,.F.);
#3704 = EDGE_LOOP('',(#3705,#3706,#3714,#3720));
#3705 = ORIENTED_EDGE('',*,*,#3432,.F.);
#3706 = ORIENTED_EDGE('',*,*,#3707,.T.);
#3707 = EDGE_CURVE('',#3425,#3708,#3710,.T.);
#3708 = VERTEX_POINT('',#3709);
#3709 = CARTESIAN_POINT('',(-2.060463471062,0.8625,0.149634607539));
#3710 = LINE('',#3711,#3712);
#3711 = CARTESIAN_POINT('',(-2.060463471062,1.0875,0.149634607539));
#3712 = VECTOR('',#3713,1.);
#3713 = DIRECTION('',(0.,-1.,0.));
#3714 = ORIENTED_EDGE('',*,*,#3715,.T.);
#3715 = EDGE_CURVE('',#3708,#3684,#3716,.T.);
#3716 = LINE('',#3717,#3718);
#3717 = CARTESIAN_POINT('',(-2.060463471062,0.8625,0.149634607539));
#3718 = VECTOR('',#3719,1.);
#3719 = DIRECTION('',(6.975647374413E-02,-0.,-0.99756405026));
#3720 = ORIENTED_EDGE('',*,*,#3683,.F.);
#3721 = PLANE('',#3722);
#3722 = AXIS2_PLACEMENT_3D('',#3723,#3724,#3725);
#3723 = CARTESIAN_POINT('',(-2.060463471062,1.0875,0.149634607539));
#3724 = DIRECTION('',(-0.99756405026,0.,-6.975647374413E-02));
#3725 = DIRECTION('',(6.975647374413E-02,-0.,-0.99756405026));
#3726 = ADVANCED_FACE('',(#3727),#3745,.T.);
#3727 = FACE_BOUND('',#3728,.F.);
#3728 = EDGE_LOOP('',(#3729,#3730,#3738,#3744));
#3729 = ORIENTED_EDGE('',*,*,#3424,.F.);
#3730 = ORIENTED_EDGE('',*,*,#3731,.T.);
#3731 = EDGE_CURVE('',#3416,#3732,#3734,.T.);
#3732 = VERTEX_POINT('',#3733);
#3733 = CARTESIAN_POINT('',(-1.894947578266,0.8625,0.161208606248));
#3734 = LINE('',#3735,#3736);
#3735 = CARTESIAN_POINT('',(-1.894947578266,1.0875,0.161208606248));
#3736 = VECTOR('',#3737,1.);
#3737 = DIRECTION('',(0.,-1.,0.));
#3738 = ORIENTED_EDGE('',*,*,#3739,.T.);
#3739 = EDGE_CURVE('',#3732,#3708,#3740,.T.);
#3740 = LINE('',#3741,#3742);
#3741 = CARTESIAN_POINT('',(-1.894947578266,0.8625,0.161208606248));
#3742 = VECTOR('',#3743,1.);
#3743 = DIRECTION('',(-0.99756405026,0.,-6.975647374413E-02));
#3744 = ORIENTED_EDGE('',*,*,#3707,.F.);
#3745 = PLANE('',#3746);
#3746 = AXIS2_PLACEMENT_3D('',#3747,#3748,#3749);
#3747 = CARTESIAN_POINT('',(-1.817009332867,1.0875,0.166658579277));
#3748 = DIRECTION('',(-6.975647374413E-02,0.,0.99756405026));
#3749 = DIRECTION('',(-0.99756405026,0.,-6.975647374413E-02));
#3750 = ADVANCED_FACE('',(#3751),#3770,.F.);
#3751 = FACE_BOUND('',#3752,.F.);
#3752 = EDGE_LOOP('',(#3753,#3754,#3755,#3763));
#3753 = ORIENTED_EDGE('',*,*,#3731,.F.);
#3754 = ORIENTED_EDGE('',*,*,#3415,.T.);
#3755 = ORIENTED_EDGE('',*,*,#3756,.T.);
#3756 = EDGE_CURVE('',#3408,#3757,#3759,.T.);
#3757 = VERTEX_POINT('',#3758);
#3758 = CARTESIAN_POINT('',(-1.803442450339,0.8625,0.243600193507));
#3759 = LINE('',#3760,#3761);
#3760 = CARTESIAN_POINT('',(-1.803442450339,1.0875,0.243600193507));
#3761 = VECTOR('',#3762,1.);
#3762 = DIRECTION('',(0.,-1.,0.));
#3763 = ORIENTED_EDGE('',*,*,#3764,.F.);
#3764 = EDGE_CURVE('',#3732,#3757,#3765,.T.);
#3765 = CIRCLE('',#3766,0.1);
#3766 = AXIS2_PLACEMENT_3D('',#3767,#3768,#3769);
#3767 = CARTESIAN_POINT('',(-1.90192322564,0.8625,0.260965011274));
#3768 = DIRECTION('',(0.,-1.,0.));
#3769 = DIRECTION('',(6.975647374413E-02,-0.,-0.99756405026));
#3770 = CYLINDRICAL_SURFACE('',#3771,0.1);
#3771 = AXIS2_PLACEMENT_3D('',#3772,#3773,#3774);
#3772 = CARTESIAN_POINT('',(-1.90192322564,1.0875,0.260965011274));
#3773 = DIRECTION('',(0.,-1.,0.));
#3774 = DIRECTION('',(6.975647374413E-02,-0.,-0.99756405026));
#3775 = ADVANCED_FACE('',(#3776),#3787,.T.);
#3776 = FACE_BOUND('',#3777,.F.);
#3777 = EDGE_LOOP('',(#3778,#3779,#3785,#3786));
#3778 = ORIENTED_EDGE('',*,*,#3504,.F.);
#3779 = ORIENTED_EDGE('',*,*,#3780,.T.);
#3780 = EDGE_CURVE('',#3505,#3757,#3781,.T.);
#3781 = LINE('',#3782,#3783);
#3782 = CARTESIAN_POINT('',(-1.775704126638,0.8625,0.400912044417));
#3783 = VECTOR('',#3784,1.);
#3784 = DIRECTION('',(-0.173648177667,0.,-0.984807753012));
#3785 = ORIENTED_EDGE('',*,*,#3756,.F.);
#3786 = ORIENTED_EDGE('',*,*,#3407,.T.);
#3787 = PLANE('',#3788);
#3788 = AXIS2_PLACEMENT_3D('',#3789,#3790,#3791);
#3789 = CARTESIAN_POINT('',(-1.797721162952,1.0875,0.27604722665));
#3790 = DIRECTION('',(-0.984807753012,0.,0.173648177667));
#3791 = DIRECTION('',(-0.173648177667,0.,-0.984807753012));
#3792 = ADVANCED_FACE('',(#3793),#3807,.T.);
#3793 = FACE_BOUND('',#3794,.F.);
#3794 = EDGE_LOOP('',(#3795,#3796,#3797,#3798,#3799,#3800,#3801,#3802,
    #3803,#3804,#3805,#3806));
#3795 = ORIENTED_EDGE('',*,*,#3512,.F.);
#3796 = ORIENTED_EDGE('',*,*,#3546,.F.);
#3797 = ORIENTED_EDGE('',*,*,#3569,.F.);
#3798 = ORIENTED_EDGE('',*,*,#3592,.F.);
#3799 = ORIENTED_EDGE('',*,*,#3616,.F.);
#3800 = ORIENTED_EDGE('',*,*,#3643,.F.);
#3801 = ORIENTED_EDGE('',*,*,#3657,.T.);
#3802 = ORIENTED_EDGE('',*,*,#3691,.F.);
#3803 = ORIENTED_EDGE('',*,*,#3715,.F.);
#3804 = ORIENTED_EDGE('',*,*,#3739,.F.);
#3805 = ORIENTED_EDGE('',*,*,#3764,.T.);
#3806 = ORIENTED_EDGE('',*,*,#3780,.F.);
#3807 = PLANE('',#3808);
#3808 = AXIS2_PLACEMENT_3D('',#3809,#3810,#3811);
#3809 = CARTESIAN_POINT('',(-1.65,0.8625,0.25));
#3810 = DIRECTION('',(0.,-1.,0.));
#3811 = DIRECTION('',(1.,0.,0.));
#3812 = MANIFOLD_SOLID_BREP('',#3813);
#3813 = CLOSED_SHELL('',(#3814,#3922,#3954,#3978,#4002,#4026,#4051,#4075
    ,#4100,#4124,#4148,#4172,#4197,#4214));
#3814 = ADVANCED_FACE('',(#3815),#3917,.F.);
#3815 = FACE_BOUND('',#3816,.F.);
#3816 = EDGE_LOOP('',(#3817,#3828,#3836,#3845,#3853,#3861,#3869,#3878,
    #3886,#3895,#3903,#3911));
#3817 = ORIENTED_EDGE('',*,*,#3818,.F.);
#3818 = EDGE_CURVE('',#3819,#3821,#3823,.T.);
#3819 = VERTEX_POINT('',#3820);
#3820 = CARTESIAN_POINT('',(-1.775704126638,0.4375,0.400912044417));
#3821 = VERTEX_POINT('',#3822);
#3822 = CARTESIAN_POINT('',(-1.529502188385,0.4375,0.6075));
#3823 = CIRCLE('',#3824,0.25);
#3824 = AXIS2_PLACEMENT_3D('',#3825,#3826,#3827);
#3825 = CARTESIAN_POINT('',(-1.529502188385,0.4375,0.3575));
#3826 = DIRECTION('',(0.,1.,-0.));
#3827 = DIRECTION('',(-0.984807753012,0.,0.173648177667));
#3828 = ORIENTED_EDGE('',*,*,#3829,.F.);
#3829 = EDGE_CURVE('',#3830,#3819,#3832,.T.);
#3830 = VERTEX_POINT('',#3831);
#3831 = CARTESIAN_POINT('',(-1.803442450339,0.4375,0.243600193507));
#3832 = LINE('',#3833,#3834);
#3833 = CARTESIAN_POINT('',(-1.803442450339,0.4375,0.243600193507));
#3834 = VECTOR('',#3835,1.);
#3835 = DIRECTION('',(0.173648177667,0.,0.984807753012));
#3836 = ORIENTED_EDGE('',*,*,#3837,.F.);
#3837 = EDGE_CURVE('',#3838,#3830,#3840,.T.);
#3838 = VERTEX_POINT('',#3839);
#3839 = CARTESIAN_POINT('',(-1.894947578266,0.4375,0.161208606248));
#3840 = CIRCLE('',#3841,0.1);
#3841 = AXIS2_PLACEMENT_3D('',#3842,#3843,#3844);
#3842 = CARTESIAN_POINT('',(-1.90192322564,0.4375,0.260965011274));
#3843 = DIRECTION('',(0.,-1.,0.));
#3844 = DIRECTION('',(6.975647374413E-02,-0.,-0.99756405026));
#3845 = ORIENTED_EDGE('',*,*,#3846,.T.);
#3846 = EDGE_CURVE('',#3838,#3847,#3849,.T.);
#3847 = VERTEX_POINT('',#3848);
#3848 = CARTESIAN_POINT('',(-2.060463471062,0.4375,0.149634607539));
#3849 = LINE('',#3850,#3851);
#3850 = CARTESIAN_POINT('',(-1.894947578266,0.4375,0.161208606248));
#3851 = VECTOR('',#3852,1.);
#3852 = DIRECTION('',(-0.99756405026,0.,-6.975647374413E-02));
#3853 = ORIENTED_EDGE('',*,*,#3854,.T.);
#3854 = EDGE_CURVE('',#3847,#3855,#3857,.T.);
#3855 = VERTEX_POINT('',#3856);
#3856 = CARTESIAN_POINT('',(-2.05,0.4375,0.));
#3857 = LINE('',#3858,#3859);
#3858 = CARTESIAN_POINT('',(-2.060463471062,0.4375,0.149634607539));
#3859 = VECTOR('',#3860,1.);
#3860 = DIRECTION('',(6.975647374413E-02,-0.,-0.99756405026));
#3861 = ORIENTED_EDGE('',*,*,#3862,.T.);
#3862 = EDGE_CURVE('',#3855,#3863,#3865,.T.);
#3863 = VERTEX_POINT('',#3864);
#3864 = CARTESIAN_POINT('',(-1.884484107204,0.4375,1.15739987092E-02));
#3865 = LINE('',#3866,#3867);
#3866 = CARTESIAN_POINT('',(-2.05,0.4375,0.));
#3867 = VECTOR('',#3868,1.);
#3868 = DIRECTION('',(0.99756405026,0.,6.975647374413E-02));
#3869 = ORIENTED_EDGE('',*,*,#3870,.F.);
#3870 = EDGE_CURVE('',#3871,#3863,#3873,.T.);
#3871 = VERTEX_POINT('',#3872);
#3872 = CARTESIAN_POINT('',(-1.655721287387,0.4375,0.217552966857));
#3873 = CIRCLE('',#3874,0.25);
#3874 = AXIS2_PLACEMENT_3D('',#3875,#3876,#3877);
#3875 = CARTESIAN_POINT('',(-1.90192322564,0.4375,0.260965011274));
#3876 = DIRECTION('',(0.,1.,0.));
#3877 = DIRECTION('',(0.984807753012,0.,-0.173648177667));
#3878 = ORIENTED_EDGE('',*,*,#3879,.F.);
#3879 = EDGE_CURVE('',#3880,#3871,#3882,.T.);
#3880 = VERTEX_POINT('',#3881);
#3881 = CARTESIAN_POINT('',(-1.627982963686,0.4375,0.374864817767));
#3882 = LINE('',#3883,#3884);
#3883 = CARTESIAN_POINT('',(-1.627982963686,0.4375,0.374864817767));
#3884 = VECTOR('',#3885,1.);
#3885 = DIRECTION('',(-0.173648177667,0.,-0.984807753012));
#3886 = ORIENTED_EDGE('',*,*,#3887,.F.);
#3887 = EDGE_CURVE('',#3888,#3880,#3890,.T.);
#3888 = VERTEX_POINT('',#3889);
#3889 = CARTESIAN_POINT('',(-1.529502188385,0.4375,0.4575));
#3890 = CIRCLE('',#3891,0.1);
#3891 = AXIS2_PLACEMENT_3D('',#3892,#3893,#3894);
#3892 = CARTESIAN_POINT('',(-1.529502188385,0.4375,0.3575));
#3893 = DIRECTION('',(0.,-1.,0.));
#3894 = DIRECTION('',(0.,0.,1.));
#3895 = ORIENTED_EDGE('',*,*,#3896,.T.);
#3896 = EDGE_CURVE('',#3888,#3897,#3899,.T.);
#3897 = VERTEX_POINT('',#3898);
#3898 = CARTESIAN_POINT('',(-1.5,0.4375,0.4575));
#3899 = LINE('',#3900,#3901);
#3900 = CARTESIAN_POINT('',(-1.529502188385,0.4375,0.4575));
#3901 = VECTOR('',#3902,1.);
#3902 = DIRECTION('',(1.,0.,0.));
#3903 = ORIENTED_EDGE('',*,*,#3904,.T.);
#3904 = EDGE_CURVE('',#3897,#3905,#3907,.T.);
#3905 = VERTEX_POINT('',#3906);
#3906 = CARTESIAN_POINT('',(-1.5,0.4375,0.6075));
#3907 = LINE('',#3908,#3909);
#3908 = CARTESIAN_POINT('',(-1.5,0.4375,0.4575));
#3909 = VECTOR('',#3910,1.);
#3910 = DIRECTION('',(0.,0.,1.));
#3911 = ORIENTED_EDGE('',*,*,#3912,.T.);
#3912 = EDGE_CURVE('',#3905,#3821,#3913,.T.);
#3913 = LINE('',#3914,#3915);
#3914 = CARTESIAN_POINT('',(-1.5,0.4375,0.6075));
#3915 = VECTOR('',#3916,1.);
#3916 = DIRECTION('',(-1.,0.,0.));
#3917 = PLANE('',#3918);
#3918 = AXIS2_PLACEMENT_3D('',#3919,#3920,#3921);
#3919 = CARTESIAN_POINT('',(-1.65,0.4375,0.25));
#3920 = DIRECTION('',(0.,-1.,0.));
#3921 = DIRECTION('',(1.,0.,0.));
#3922 = ADVANCED_FACE('',(#3923),#3949,.T.);
#3923 = FACE_BOUND('',#3924,.T.);
#3924 = EDGE_LOOP('',(#3925,#3933,#3942,#3948));
#3925 = ORIENTED_EDGE('',*,*,#3926,.F.);
#3926 = EDGE_CURVE('',#3927,#3819,#3929,.T.);
#3927 = VERTEX_POINT('',#3928);
#3928 = CARTESIAN_POINT('',(-1.775704126638,0.2125,0.400912044417));
#3929 = LINE('',#3930,#3931);
#3930 = CARTESIAN_POINT('',(-1.775704126638,0.2125,0.400912044417));
#3931 = VECTOR('',#3932,1.);
#3932 = DIRECTION('',(0.,1.,0.));
#3933 = ORIENTED_EDGE('',*,*,#3934,.F.);
#3934 = EDGE_CURVE('',#3935,#3927,#3937,.T.);
#3935 = VERTEX_POINT('',#3936);
#3936 = CARTESIAN_POINT('',(-1.529502188385,0.2125,0.6075));
#3937 = CIRCLE('',#3938,0.25);
#3938 = AXIS2_PLACEMENT_3D('',#3939,#3940,#3941);
#3939 = CARTESIAN_POINT('',(-1.529502188385,0.2125,0.3575));
#3940 = DIRECTION('',(0.,-1.,0.));
#3941 = DIRECTION('',(0.,0.,1.));
#3942 = ORIENTED_EDGE('',*,*,#3943,.T.);
#3943 = EDGE_CURVE('',#3935,#3821,#3944,.T.);
#3944 = LINE('',#3945,#3946);
#3945 = CARTESIAN_POINT('',(-1.529502188385,0.2125,0.6075));
#3946 = VECTOR('',#3947,1.);
#3947 = DIRECTION('',(0.,1.,0.));
#3948 = ORIENTED_EDGE('',*,*,#3818,.F.);
#3949 = CYLINDRICAL_SURFACE('',#3950,0.25);
#3950 = AXIS2_PLACEMENT_3D('',#3951,#3952,#3953);
#3951 = CARTESIAN_POINT('',(-1.529502188385,-0.11087,0.3575));
#3952 = DIRECTION('',(0.,1.,0.));
#3953 = DIRECTION('',(-0.984807753012,0.,0.173648177667));
#3954 = ADVANCED_FACE('',(#3955),#3973,.T.);
#3955 = FACE_BOUND('',#3956,.F.);
#3956 = EDGE_LOOP('',(#3957,#3958,#3959,#3967));
#3957 = ORIENTED_EDGE('',*,*,#3943,.T.);
#3958 = ORIENTED_EDGE('',*,*,#3912,.F.);
#3959 = ORIENTED_EDGE('',*,*,#3960,.T.);
#3960 = EDGE_CURVE('',#3905,#3961,#3963,.T.);
#3961 = VERTEX_POINT('',#3962);
#3962 = CARTESIAN_POINT('',(-1.5,0.2125,0.6075));
#3963 = LINE('',#3964,#3965);
#3964 = CARTESIAN_POINT('',(-1.5,0.4375,0.6075));
#3965 = VECTOR('',#3966,1.);
#3966 = DIRECTION('',(0.,-1.,0.));
#3967 = ORIENTED_EDGE('',*,*,#3968,.T.);
#3968 = EDGE_CURVE('',#3961,#3935,#3969,.T.);
#3969 = LINE('',#3970,#3971);
#3970 = CARTESIAN_POINT('',(-1.5,0.2125,0.6075));
#3971 = VECTOR('',#3972,1.);
#3972 = DIRECTION('',(-1.,0.,0.));
#3973 = PLANE('',#3974);
#3974 = AXIS2_PLACEMENT_3D('',#3975,#3976,#3977);
#3975 = CARTESIAN_POINT('',(-1.5,0.4375,0.6075));
#3976 = DIRECTION('',(0.,0.,1.));
#3977 = DIRECTION('',(-1.,0.,0.));
#3978 = ADVANCED_FACE('',(#3979),#3997,.T.);
#3979 = FACE_BOUND('',#3980,.F.);
#3980 = EDGE_LOOP('',(#3981,#3982,#3990,#3996));
#3981 = ORIENTED_EDGE('',*,*,#3904,.F.);
#3982 = ORIENTED_EDGE('',*,*,#3983,.T.);
#3983 = EDGE_CURVE('',#3897,#3984,#3986,.T.);
#3984 = VERTEX_POINT('',#3985);
#3985 = CARTESIAN_POINT('',(-1.5,0.2125,0.4575));
#3986 = LINE('',#3987,#3988);
#3987 = CARTESIAN_POINT('',(-1.5,0.4375,0.4575));
#3988 = VECTOR('',#3989,1.);
#3989 = DIRECTION('',(0.,-1.,0.));
#3990 = ORIENTED_EDGE('',*,*,#3991,.T.);
#3991 = EDGE_CURVE('',#3984,#3961,#3992,.T.);
#3992 = LINE('',#3993,#3994);
#3993 = CARTESIAN_POINT('',(-1.5,0.2125,0.4575));
#3994 = VECTOR('',#3995,1.);
#3995 = DIRECTION('',(0.,0.,1.));
#3996 = ORIENTED_EDGE('',*,*,#3960,.F.);
#3997 = PLANE('',#3998);
#3998 = AXIS2_PLACEMENT_3D('',#3999,#4000,#4001);
#3999 = CARTESIAN_POINT('',(-1.5,0.4375,0.4575));
#4000 = DIRECTION('',(1.,0.,0.));
#4001 = DIRECTION('',(0.,0.,1.));
#4002 = ADVANCED_FACE('',(#4003),#4021,.T.);
#4003 = FACE_BOUND('',#4004,.F.);
#4004 = EDGE_LOOP('',(#4005,#4013,#4019,#4020));
#4005 = ORIENTED_EDGE('',*,*,#4006,.F.);
#4006 = EDGE_CURVE('',#4007,#3888,#4009,.T.);
#4007 = VERTEX_POINT('',#4008);
#4008 = CARTESIAN_POINT('',(-1.529502188385,0.2125,0.4575));
#4009 = LINE('',#4010,#4011);
#4010 = CARTESIAN_POINT('',(-1.529502188385,0.2125,0.4575));
#4011 = VECTOR('',#4012,1.);
#4012 = DIRECTION('',(0.,1.,0.));
#4013 = ORIENTED_EDGE('',*,*,#4014,.T.);
#4014 = EDGE_CURVE('',#4007,#3984,#4015,.T.);
#4015 = LINE('',#4016,#4017);
#4016 = CARTESIAN_POINT('',(-1.529502188385,0.2125,0.4575));
#4017 = VECTOR('',#4018,1.);
#4018 = DIRECTION('',(1.,0.,0.));
#4019 = ORIENTED_EDGE('',*,*,#3983,.F.);
#4020 = ORIENTED_EDGE('',*,*,#3896,.F.);
#4021 = PLANE('',#4022);
#4022 = AXIS2_PLACEMENT_3D('',#4023,#4024,#4025);
#4023 = CARTESIAN_POINT('',(-1.613412151503,0.4375,0.4575));
#4024 = DIRECTION('',(0.,0.,-1.));
#4025 = DIRECTION('',(1.,0.,0.));
#4026 = ADVANCED_FACE('',(#4027),#4046,.F.);
#4027 = FACE_BOUND('',#4028,.F.);
#4028 = EDGE_LOOP('',(#4029,#4037,#4044,#4045));
#4029 = ORIENTED_EDGE('',*,*,#4030,.F.);
#4030 = EDGE_CURVE('',#4031,#3880,#4033,.T.);
#4031 = VERTEX_POINT('',#4032);
#4032 = CARTESIAN_POINT('',(-1.627982963686,0.2125,0.374864817767));
#4033 = LINE('',#4034,#4035);
#4034 = CARTESIAN_POINT('',(-1.627982963686,0.2125,0.374864817767));
#4035 = VECTOR('',#4036,1.);
#4036 = DIRECTION('',(0.,1.,0.));
#4037 = ORIENTED_EDGE('',*,*,#4038,.T.);
#4038 = EDGE_CURVE('',#4031,#4007,#4039,.T.);
#4039 = CIRCLE('',#4040,0.1);
#4040 = AXIS2_PLACEMENT_3D('',#4041,#4042,#4043);
#4041 = CARTESIAN_POINT('',(-1.529502188385,0.2125,0.3575));
#4042 = DIRECTION('',(0.,1.,-0.));
#4043 = DIRECTION('',(-0.984807753012,0.,0.173648177667));
#4044 = ORIENTED_EDGE('',*,*,#4006,.T.);
#4045 = ORIENTED_EDGE('',*,*,#3887,.T.);
#4046 = CYLINDRICAL_SURFACE('',#4047,0.1);
#4047 = AXIS2_PLACEMENT_3D('',#4048,#4049,#4050);
#4048 = CARTESIAN_POINT('',(-1.529502188385,-8.081E-02,0.3575));
#4049 = DIRECTION('',(0.,1.,0.));
#4050 = DIRECTION('',(-0.984807753012,0.,0.173648177667));
#4051 = ADVANCED_FACE('',(#4052),#4070,.T.);
#4052 = FACE_BOUND('',#4053,.F.);
#4053 = EDGE_LOOP('',(#4054,#4055,#4056,#4064));
#4054 = ORIENTED_EDGE('',*,*,#4030,.T.);
#4055 = ORIENTED_EDGE('',*,*,#3879,.T.);
#4056 = ORIENTED_EDGE('',*,*,#4057,.T.);
#4057 = EDGE_CURVE('',#3871,#4058,#4060,.T.);
#4058 = VERTEX_POINT('',#4059);
#4059 = CARTESIAN_POINT('',(-1.655721287387,0.2125,0.217552966857));
#4060 = LINE('',#4061,#4062);
#4061 = CARTESIAN_POINT('',(-1.655721287387,0.4375,0.217552966857));
#4062 = VECTOR('',#4063,1.);
#4063 = DIRECTION('',(0.,-1.,0.));
#4064 = ORIENTED_EDGE('',*,*,#4065,.T.);
#4065 = EDGE_CURVE('',#4058,#4031,#4066,.T.);
#4066 = LINE('',#4067,#4068);
#4067 = CARTESIAN_POINT('',(-1.655721287387,0.2125,0.217552966857));
#4068 = VECTOR('',#4069,1.);
#4069 = DIRECTION('',(0.173648177667,0.,0.984807753012));
#4070 = PLANE('',#4071);
#4071 = AXIS2_PLACEMENT_3D('',#4072,#4073,#4074);
#4072 = CARTESIAN_POINT('',(-1.689638493707,0.4375,2.51989312822E-02));
#4073 = DIRECTION('',(0.984807753012,-0.,-0.173648177667));
#4074 = DIRECTION('',(0.173648177667,0.,0.984807753012));
#4075 = ADVANCED_FACE('',(#4076),#4095,.T.);
#4076 = FACE_BOUND('',#4077,.T.);
#4077 = EDGE_LOOP('',(#4078,#4087,#4093,#4094));
#4078 = ORIENTED_EDGE('',*,*,#4079,.T.);
#4079 = EDGE_CURVE('',#4058,#4080,#4082,.T.);
#4080 = VERTEX_POINT('',#4081);
#4081 = CARTESIAN_POINT('',(-1.884484107204,0.2125,1.15739987092E-02));
#4082 = CIRCLE('',#4083,0.25);
#4083 = AXIS2_PLACEMENT_3D('',#4084,#4085,#4086);
#4084 = CARTESIAN_POINT('',(-1.90192322564,0.2125,0.260965011274));
#4085 = DIRECTION('',(0.,1.,0.));
#4086 = DIRECTION('',(0.984807753012,0.,-0.173648177667));
#4087 = ORIENTED_EDGE('',*,*,#4088,.F.);
#4088 = EDGE_CURVE('',#3863,#4080,#4089,.T.);
#4089 = LINE('',#4090,#4091);
#4090 = CARTESIAN_POINT('',(-1.884484107204,0.4375,1.15739987092E-02));
#4091 = VECTOR('',#4092,1.);
#4092 = DIRECTION('',(0.,-1.,0.));
#4093 = ORIENTED_EDGE('',*,*,#3870,.F.);
#4094 = ORIENTED_EDGE('',*,*,#4057,.T.);
#4095 = CYLINDRICAL_SURFACE('',#4096,0.25);
#4096 = AXIS2_PLACEMENT_3D('',#4097,#4098,#4099);
#4097 = CARTESIAN_POINT('',(-1.90192322564,0.4375,0.260965011274));
#4098 = DIRECTION('',(0.,1.,0.));
#4099 = DIRECTION('',(0.984807753012,0.,-0.173648177667));
#4100 = ADVANCED_FACE('',(#4101),#4119,.T.);
#4101 = FACE_BOUND('',#4102,.F.);
#4102 = EDGE_LOOP('',(#4103,#4104,#4112,#4118));
#4103 = ORIENTED_EDGE('',*,*,#3862,.F.);
#4104 = ORIENTED_EDGE('',*,*,#4105,.T.);
#4105 = EDGE_CURVE('',#3855,#4106,#4108,.T.);
#4106 = VERTEX_POINT('',#4107);
#4107 = CARTESIAN_POINT('',(-2.05,0.2125,0.));
#4108 = LINE('',#4109,#4110);
#4109 = CARTESIAN_POINT('',(-2.05,0.4375,0.));
#4110 = VECTOR('',#4111,1.);
#4111 = DIRECTION('',(0.,-1.,0.));
#4112 = ORIENTED_EDGE('',*,*,#4113,.T.);
#4113 = EDGE_CURVE('',#4106,#4080,#4114,.T.);
#4114 = LINE('',#4115,#4116);
#4115 = CARTESIAN_POINT('',(-2.05,0.2125,0.));
#4116 = VECTOR('',#4117,1.);
#4117 = DIRECTION('',(0.99756405026,0.,6.975647374413E-02));
#4118 = ORIENTED_EDGE('',*,*,#4088,.F.);
#4119 = PLANE('',#4120);
#4120 = AXIS2_PLACEMENT_3D('',#4121,#4122,#4123);
#4121 = CARTESIAN_POINT('',(-2.05,0.4375,0.));
#4122 = DIRECTION('',(6.975647374413E-02,-0.,-0.99756405026));
#4123 = DIRECTION('',(0.99756405026,0.,6.975647374413E-02));
#4124 = ADVANCED_FACE('',(#4125),#4143,.T.);
#4125 = FACE_BOUND('',#4126,.F.);
#4126 = EDGE_LOOP('',(#4127,#4128,#4136,#4142));
#4127 = ORIENTED_EDGE('',*,*,#3854,.F.);
#4128 = ORIENTED_EDGE('',*,*,#4129,.T.);
#4129 = EDGE_CURVE('',#3847,#4130,#4132,.T.);
#4130 = VERTEX_POINT('',#4131);
#4131 = CARTESIAN_POINT('',(-2.060463471062,0.2125,0.149634607539));
#4132 = LINE('',#4133,#4134);
#4133 = CARTESIAN_POINT('',(-2.060463471062,0.4375,0.149634607539));
#4134 = VECTOR('',#4135,1.);
#4135 = DIRECTION('',(0.,-1.,0.));
#4136 = ORIENTED_EDGE('',*,*,#4137,.T.);
#4137 = EDGE_CURVE('',#4130,#4106,#4138,.T.);
#4138 = LINE('',#4139,#4140);
#4139 = CARTESIAN_POINT('',(-2.060463471062,0.2125,0.149634607539));
#4140 = VECTOR('',#4141,1.);
#4141 = DIRECTION('',(6.975647374413E-02,-0.,-0.99756405026));
#4142 = ORIENTED_EDGE('',*,*,#4105,.F.);
#4143 = PLANE('',#4144);
#4144 = AXIS2_PLACEMENT_3D('',#4145,#4146,#4147);
#4145 = CARTESIAN_POINT('',(-2.060463471062,0.4375,0.149634607539));
#4146 = DIRECTION('',(-0.99756405026,0.,-6.975647374413E-02));
#4147 = DIRECTION('',(6.975647374413E-02,-0.,-0.99756405026));
#4148 = ADVANCED_FACE('',(#4149),#4167,.T.);
#4149 = FACE_BOUND('',#4150,.F.);
#4150 = EDGE_LOOP('',(#4151,#4152,#4160,#4166));
#4151 = ORIENTED_EDGE('',*,*,#3846,.F.);
#4152 = ORIENTED_EDGE('',*,*,#4153,.T.);
#4153 = EDGE_CURVE('',#3838,#4154,#4156,.T.);
#4154 = VERTEX_POINT('',#4155);
#4155 = CARTESIAN_POINT('',(-1.894947578266,0.2125,0.161208606248));
#4156 = LINE('',#4157,#4158);
#4157 = CARTESIAN_POINT('',(-1.894947578266,0.4375,0.161208606248));
#4158 = VECTOR('',#4159,1.);
#4159 = DIRECTION('',(0.,-1.,0.));
#4160 = ORIENTED_EDGE('',*,*,#4161,.T.);
#4161 = EDGE_CURVE('',#4154,#4130,#4162,.T.);
#4162 = LINE('',#4163,#4164);
#4163 = CARTESIAN_POINT('',(-1.894947578266,0.2125,0.161208606248));
#4164 = VECTOR('',#4165,1.);
#4165 = DIRECTION('',(-0.99756405026,0.,-6.975647374413E-02));
#4166 = ORIENTED_EDGE('',*,*,#4129,.F.);
#4167 = PLANE('',#4168);
#4168 = AXIS2_PLACEMENT_3D('',#4169,#4170,#4171);
#4169 = CARTESIAN_POINT('',(-1.817009332867,0.4375,0.166658579277));
#4170 = DIRECTION('',(-6.975647374413E-02,0.,0.99756405026));
#4171 = DIRECTION('',(-0.99756405026,0.,-6.975647374413E-02));
#4172 = ADVANCED_FACE('',(#4173),#4192,.F.);
#4173 = FACE_BOUND('',#4174,.F.);
#4174 = EDGE_LOOP('',(#4175,#4176,#4177,#4185));
#4175 = ORIENTED_EDGE('',*,*,#4153,.F.);
#4176 = ORIENTED_EDGE('',*,*,#3837,.T.);
#4177 = ORIENTED_EDGE('',*,*,#4178,.T.);
#4178 = EDGE_CURVE('',#3830,#4179,#4181,.T.);
#4179 = VERTEX_POINT('',#4180);
#4180 = CARTESIAN_POINT('',(-1.803442450339,0.2125,0.243600193507));
#4181 = LINE('',#4182,#4183);
#4182 = CARTESIAN_POINT('',(-1.803442450339,0.4375,0.243600193507));
#4183 = VECTOR('',#4184,1.);
#4184 = DIRECTION('',(0.,-1.,0.));
#4185 = ORIENTED_EDGE('',*,*,#4186,.F.);
#4186 = EDGE_CURVE('',#4154,#4179,#4187,.T.);
#4187 = CIRCLE('',#4188,0.1);
#4188 = AXIS2_PLACEMENT_3D('',#4189,#4190,#4191);
#4189 = CARTESIAN_POINT('',(-1.90192322564,0.2125,0.260965011274));
#4190 = DIRECTION('',(0.,-1.,0.));
#4191 = DIRECTION('',(6.975647374413E-02,-0.,-0.99756405026));
#4192 = CYLINDRICAL_SURFACE('',#4193,0.1);
#4193 = AXIS2_PLACEMENT_3D('',#4194,#4195,#4196);
#4194 = CARTESIAN_POINT('',(-1.90192322564,0.4375,0.260965011274));
#4195 = DIRECTION('',(0.,-1.,0.));
#4196 = DIRECTION('',(6.975647374413E-02,-0.,-0.99756405026));
#4197 = ADVANCED_FACE('',(#4198),#4209,.T.);
#4198 = FACE_BOUND('',#4199,.F.);
#4199 = EDGE_LOOP('',(#4200,#4201,#4207,#4208));
#4200 = ORIENTED_EDGE('',*,*,#3926,.F.);
#4201 = ORIENTED_EDGE('',*,*,#4202,.T.);
#4202 = EDGE_CURVE('',#3927,#4179,#4203,.T.);
#4203 = LINE('',#4204,#4205);
#4204 = CARTESIAN_POINT('',(-1.775704126638,0.2125,0.400912044417));
#4205 = VECTOR('',#4206,1.);
#4206 = DIRECTION('',(-0.173648177667,0.,-0.984807753012));
#4207 = ORIENTED_EDGE('',*,*,#4178,.F.);
#4208 = ORIENTED_EDGE('',*,*,#3829,.T.);
#4209 = PLANE('',#4210);
#4210 = AXIS2_PLACEMENT_3D('',#4211,#4212,#4213);
#4211 = CARTESIAN_POINT('',(-1.797721162952,0.4375,0.27604722665));
#4212 = DIRECTION('',(-0.984807753012,0.,0.173648177667));
#4213 = DIRECTION('',(-0.173648177667,0.,-0.984807753012));
#4214 = ADVANCED_FACE('',(#4215),#4229,.T.);
#4215 = FACE_BOUND('',#4216,.F.);
#4216 = EDGE_LOOP('',(#4217,#4218,#4219,#4220,#4221,#4222,#4223,#4224,
    #4225,#4226,#4227,#4228));
#4217 = ORIENTED_EDGE('',*,*,#3934,.F.);
#4218 = ORIENTED_EDGE('',*,*,#3968,.F.);
#4219 = ORIENTED_EDGE('',*,*,#3991,.F.);
#4220 = ORIENTED_EDGE('',*,*,#4014,.F.);
#4221 = ORIENTED_EDGE('',*,*,#4038,.F.);
#4222 = ORIENTED_EDGE('',*,*,#4065,.F.);
#4223 = ORIENTED_EDGE('',*,*,#4079,.T.);
#4224 = ORIENTED_EDGE('',*,*,#4113,.F.);
#4225 = ORIENTED_EDGE('',*,*,#4137,.F.);
#4226 = ORIENTED_EDGE('',*,*,#4161,.F.);
#4227 = ORIENTED_EDGE('',*,*,#4186,.T.);
#4228 = ORIENTED_EDGE('',*,*,#4202,.F.);
#4229 = PLANE('',#4230);
#4230 = AXIS2_PLACEMENT_3D('',#4231,#4232,#4233);
#4231 = CARTESIAN_POINT('',(-1.65,0.2125,0.25));
#4232 = DIRECTION('',(0.,-1.,0.));
#4233 = DIRECTION('',(1.,0.,0.));
#4234 = MANIFOLD_SOLID_BREP('',#4235);
#4235 = CLOSED_SHELL('',(#4236,#4344,#4376,#4400,#4424,#4448,#4473,#4497
    ,#4522,#4546,#4570,#4594,#4619,#4636));
#4236 = ADVANCED_FACE('',(#4237),#4339,.F.);
#4237 = FACE_BOUND('',#4238,.F.);
#4238 = EDGE_LOOP('',(#4239,#4250,#4258,#4267,#4275,#4283,#4291,#4300,
    #4308,#4317,#4325,#4333));
#4239 = ORIENTED_EDGE('',*,*,#4240,.F.);
#4240 = EDGE_CURVE('',#4241,#4243,#4245,.T.);
#4241 = VERTEX_POINT('',#4242);
#4242 = CARTESIAN_POINT('',(-1.775704126638,-0.2125,0.400912044417));
#4243 = VERTEX_POINT('',#4244);
#4244 = CARTESIAN_POINT('',(-1.529502188385,-0.2125,0.6075));
#4245 = CIRCLE('',#4246,0.25);
#4246 = AXIS2_PLACEMENT_3D('',#4247,#4248,#4249);
#4247 = CARTESIAN_POINT('',(-1.529502188385,-0.2125,0.3575));
#4248 = DIRECTION('',(0.,1.,-0.));
#4249 = DIRECTION('',(-0.984807753012,0.,0.173648177667));
#4250 = ORIENTED_EDGE('',*,*,#4251,.F.);
#4251 = EDGE_CURVE('',#4252,#4241,#4254,.T.);
#4252 = VERTEX_POINT('',#4253);
#4253 = CARTESIAN_POINT('',(-1.803442450339,-0.2125,0.243600193507));
#4254 = LINE('',#4255,#4256);
#4255 = CARTESIAN_POINT('',(-1.803442450339,-0.2125,0.243600193507));
#4256 = VECTOR('',#4257,1.);
#4257 = DIRECTION('',(0.173648177667,0.,0.984807753012));
#4258 = ORIENTED_EDGE('',*,*,#4259,.F.);
#4259 = EDGE_CURVE('',#4260,#4252,#4262,.T.);
#4260 = VERTEX_POINT('',#4261);
#4261 = CARTESIAN_POINT('',(-1.894947578266,-0.2125,0.161208606248));
#4262 = CIRCLE('',#4263,0.1);
#4263 = AXIS2_PLACEMENT_3D('',#4264,#4265,#4266);
#4264 = CARTESIAN_POINT('',(-1.90192322564,-0.2125,0.260965011274));
#4265 = DIRECTION('',(0.,-1.,0.));
#4266 = DIRECTION('',(6.975647374413E-02,-0.,-0.99756405026));
#4267 = ORIENTED_EDGE('',*,*,#4268,.T.);
#4268 = EDGE_CURVE('',#4260,#4269,#4271,.T.);
#4269 = VERTEX_POINT('',#4270);
#4270 = CARTESIAN_POINT('',(-2.060463471062,-0.2125,0.149634607539));
#4271 = LINE('',#4272,#4273);
#4272 = CARTESIAN_POINT('',(-1.894947578266,-0.2125,0.161208606248));
#4273 = VECTOR('',#4274,1.);
#4274 = DIRECTION('',(-0.99756405026,0.,-6.975647374413E-02));
#4275 = ORIENTED_EDGE('',*,*,#4276,.T.);
#4276 = EDGE_CURVE('',#4269,#4277,#4279,.T.);
#4277 = VERTEX_POINT('',#4278);
#4278 = CARTESIAN_POINT('',(-2.05,-0.2125,0.));
#4279 = LINE('',#4280,#4281);
#4280 = CARTESIAN_POINT('',(-2.060463471062,-0.2125,0.149634607539));
#4281 = VECTOR('',#4282,1.);
#4282 = DIRECTION('',(6.975647374413E-02,-0.,-0.99756405026));
#4283 = ORIENTED_EDGE('',*,*,#4284,.T.);
#4284 = EDGE_CURVE('',#4277,#4285,#4287,.T.);
#4285 = VERTEX_POINT('',#4286);
#4286 = CARTESIAN_POINT('',(-1.884484107204,-0.2125,1.15739987092E-02));
#4287 = LINE('',#4288,#4289);
#4288 = CARTESIAN_POINT('',(-2.05,-0.2125,0.));
#4289 = VECTOR('',#4290,1.);
#4290 = DIRECTION('',(0.99756405026,0.,6.975647374413E-02));
#4291 = ORIENTED_EDGE('',*,*,#4292,.F.);
#4292 = EDGE_CURVE('',#4293,#4285,#4295,.T.);
#4293 = VERTEX_POINT('',#4294);
#4294 = CARTESIAN_POINT('',(-1.655721287387,-0.2125,0.217552966857));
#4295 = CIRCLE('',#4296,0.25);
#4296 = AXIS2_PLACEMENT_3D('',#4297,#4298,#4299);
#4297 = CARTESIAN_POINT('',(-1.90192322564,-0.2125,0.260965011274));
#4298 = DIRECTION('',(0.,1.,0.));
#4299 = DIRECTION('',(0.984807753012,0.,-0.173648177667));
#4300 = ORIENTED_EDGE('',*,*,#4301,.F.);
#4301 = EDGE_CURVE('',#4302,#4293,#4304,.T.);
#4302 = VERTEX_POINT('',#4303);
#4303 = CARTESIAN_POINT('',(-1.627982963686,-0.2125,0.374864817767));
#4304 = LINE('',#4305,#4306);
#4305 = CARTESIAN_POINT('',(-1.627982963686,-0.2125,0.374864817767));
#4306 = VECTOR('',#4307,1.);
#4307 = DIRECTION('',(-0.173648177667,0.,-0.984807753012));
#4308 = ORIENTED_EDGE('',*,*,#4309,.F.);
#4309 = EDGE_CURVE('',#4310,#4302,#4312,.T.);
#4310 = VERTEX_POINT('',#4311);
#4311 = CARTESIAN_POINT('',(-1.529502188385,-0.2125,0.4575));
#4312 = CIRCLE('',#4313,0.1);
#4313 = AXIS2_PLACEMENT_3D('',#4314,#4315,#4316);
#4314 = CARTESIAN_POINT('',(-1.529502188385,-0.2125,0.3575));
#4315 = DIRECTION('',(0.,-1.,0.));
#4316 = DIRECTION('',(0.,0.,1.));
#4317 = ORIENTED_EDGE('',*,*,#4318,.T.);
#4318 = EDGE_CURVE('',#4310,#4319,#4321,.T.);
#4319 = VERTEX_POINT('',#4320);
#4320 = CARTESIAN_POINT('',(-1.5,-0.2125,0.4575));
#4321 = LINE('',#4322,#4323);
#4322 = CARTESIAN_POINT('',(-1.529502188385,-0.2125,0.4575));
#4323 = VECTOR('',#4324,1.);
#4324 = DIRECTION('',(1.,0.,0.));
#4325 = ORIENTED_EDGE('',*,*,#4326,.T.);
#4326 = EDGE_CURVE('',#4319,#4327,#4329,.T.);
#4327 = VERTEX_POINT('',#4328);
#4328 = CARTESIAN_POINT('',(-1.5,-0.2125,0.6075));
#4329 = LINE('',#4330,#4331);
#4330 = CARTESIAN_POINT('',(-1.5,-0.2125,0.4575));
#4331 = VECTOR('',#4332,1.);
#4332 = DIRECTION('',(0.,0.,1.));
#4333 = ORIENTED_EDGE('',*,*,#4334,.T.);
#4334 = EDGE_CURVE('',#4327,#4243,#4335,.T.);
#4335 = LINE('',#4336,#4337);
#4336 = CARTESIAN_POINT('',(-1.5,-0.2125,0.6075));
#4337 = VECTOR('',#4338,1.);
#4338 = DIRECTION('',(-1.,0.,0.));
#4339 = PLANE('',#4340);
#4340 = AXIS2_PLACEMENT_3D('',#4341,#4342,#4343);
#4341 = CARTESIAN_POINT('',(-1.65,-0.2125,0.25));
#4342 = DIRECTION('',(0.,-1.,0.));
#4343 = DIRECTION('',(1.,0.,0.));
#4344 = ADVANCED_FACE('',(#4345),#4371,.T.);
#4345 = FACE_BOUND('',#4346,.T.);
#4346 = EDGE_LOOP('',(#4347,#4355,#4364,#4370));
#4347 = ORIENTED_EDGE('',*,*,#4348,.F.);
#4348 = EDGE_CURVE('',#4349,#4241,#4351,.T.);
#4349 = VERTEX_POINT('',#4350);
#4350 = CARTESIAN_POINT('',(-1.775704126638,-0.4375,0.400912044417));
#4351 = LINE('',#4352,#4353);
#4352 = CARTESIAN_POINT('',(-1.775704126638,-0.4375,0.400912044417));
#4353 = VECTOR('',#4354,1.);
#4354 = DIRECTION('',(0.,1.,0.));
#4355 = ORIENTED_EDGE('',*,*,#4356,.F.);
#4356 = EDGE_CURVE('',#4357,#4349,#4359,.T.);
#4357 = VERTEX_POINT('',#4358);
#4358 = CARTESIAN_POINT('',(-1.529502188385,-0.4375,0.6075));
#4359 = CIRCLE('',#4360,0.25);
#4360 = AXIS2_PLACEMENT_3D('',#4361,#4362,#4363);
#4361 = CARTESIAN_POINT('',(-1.529502188385,-0.4375,0.3575));
#4362 = DIRECTION('',(0.,-1.,0.));
#4363 = DIRECTION('',(0.,0.,1.));
#4364 = ORIENTED_EDGE('',*,*,#4365,.T.);
#4365 = EDGE_CURVE('',#4357,#4243,#4366,.T.);
#4366 = LINE('',#4367,#4368);
#4367 = CARTESIAN_POINT('',(-1.529502188385,-0.4375,0.6075));
#4368 = VECTOR('',#4369,1.);
#4369 = DIRECTION('',(0.,1.,0.));
#4370 = ORIENTED_EDGE('',*,*,#4240,.F.);
#4371 = CYLINDRICAL_SURFACE('',#4372,0.25);
#4372 = AXIS2_PLACEMENT_3D('',#4373,#4374,#4375);
#4373 = CARTESIAN_POINT('',(-1.529502188385,-0.76087,0.3575));
#4374 = DIRECTION('',(0.,1.,0.));
#4375 = DIRECTION('',(-0.984807753012,0.,0.173648177667));
#4376 = ADVANCED_FACE('',(#4377),#4395,.T.);
#4377 = FACE_BOUND('',#4378,.F.);
#4378 = EDGE_LOOP('',(#4379,#4380,#4381,#4389));
#4379 = ORIENTED_EDGE('',*,*,#4365,.T.);
#4380 = ORIENTED_EDGE('',*,*,#4334,.F.);
#4381 = ORIENTED_EDGE('',*,*,#4382,.T.);
#4382 = EDGE_CURVE('',#4327,#4383,#4385,.T.);
#4383 = VERTEX_POINT('',#4384);
#4384 = CARTESIAN_POINT('',(-1.5,-0.4375,0.6075));
#4385 = LINE('',#4386,#4387);
#4386 = CARTESIAN_POINT('',(-1.5,-0.2125,0.6075));
#4387 = VECTOR('',#4388,1.);
#4388 = DIRECTION('',(0.,-1.,0.));
#4389 = ORIENTED_EDGE('',*,*,#4390,.T.);
#4390 = EDGE_CURVE('',#4383,#4357,#4391,.T.);
#4391 = LINE('',#4392,#4393);
#4392 = CARTESIAN_POINT('',(-1.5,-0.4375,0.6075));
#4393 = VECTOR('',#4394,1.);
#4394 = DIRECTION('',(-1.,0.,0.));
#4395 = PLANE('',#4396);
#4396 = AXIS2_PLACEMENT_3D('',#4397,#4398,#4399);
#4397 = CARTESIAN_POINT('',(-1.5,-0.2125,0.6075));
#4398 = DIRECTION('',(0.,0.,1.));
#4399 = DIRECTION('',(-1.,0.,0.));
#4400 = ADVANCED_FACE('',(#4401),#4419,.T.);
#4401 = FACE_BOUND('',#4402,.F.);
#4402 = EDGE_LOOP('',(#4403,#4404,#4412,#4418));
#4403 = ORIENTED_EDGE('',*,*,#4326,.F.);
#4404 = ORIENTED_EDGE('',*,*,#4405,.T.);
#4405 = EDGE_CURVE('',#4319,#4406,#4408,.T.);
#4406 = VERTEX_POINT('',#4407);
#4407 = CARTESIAN_POINT('',(-1.5,-0.4375,0.4575));
#4408 = LINE('',#4409,#4410);
#4409 = CARTESIAN_POINT('',(-1.5,-0.2125,0.4575));
#4410 = VECTOR('',#4411,1.);
#4411 = DIRECTION('',(0.,-1.,0.));
#4412 = ORIENTED_EDGE('',*,*,#4413,.T.);
#4413 = EDGE_CURVE('',#4406,#4383,#4414,.T.);
#4414 = LINE('',#4415,#4416);
#4415 = CARTESIAN_POINT('',(-1.5,-0.4375,0.4575));
#4416 = VECTOR('',#4417,1.);
#4417 = DIRECTION('',(0.,0.,1.));
#4418 = ORIENTED_EDGE('',*,*,#4382,.F.);
#4419 = PLANE('',#4420);
#4420 = AXIS2_PLACEMENT_3D('',#4421,#4422,#4423);
#4421 = CARTESIAN_POINT('',(-1.5,-0.2125,0.4575));
#4422 = DIRECTION('',(1.,0.,0.));
#4423 = DIRECTION('',(0.,0.,1.));
#4424 = ADVANCED_FACE('',(#4425),#4443,.T.);
#4425 = FACE_BOUND('',#4426,.F.);
#4426 = EDGE_LOOP('',(#4427,#4435,#4441,#4442));
#4427 = ORIENTED_EDGE('',*,*,#4428,.F.);
#4428 = EDGE_CURVE('',#4429,#4310,#4431,.T.);
#4429 = VERTEX_POINT('',#4430);
#4430 = CARTESIAN_POINT('',(-1.529502188385,-0.4375,0.4575));
#4431 = LINE('',#4432,#4433);
#4432 = CARTESIAN_POINT('',(-1.529502188385,-0.4375,0.4575));
#4433 = VECTOR('',#4434,1.);
#4434 = DIRECTION('',(0.,1.,0.));
#4435 = ORIENTED_EDGE('',*,*,#4436,.T.);
#4436 = EDGE_CURVE('',#4429,#4406,#4437,.T.);
#4437 = LINE('',#4438,#4439);
#4438 = CARTESIAN_POINT('',(-1.529502188385,-0.4375,0.4575));
#4439 = VECTOR('',#4440,1.);
#4440 = DIRECTION('',(1.,0.,0.));
#4441 = ORIENTED_EDGE('',*,*,#4405,.F.);
#4442 = ORIENTED_EDGE('',*,*,#4318,.F.);
#4443 = PLANE('',#4444);
#4444 = AXIS2_PLACEMENT_3D('',#4445,#4446,#4447);
#4445 = CARTESIAN_POINT('',(-1.613412151503,-0.2125,0.4575));
#4446 = DIRECTION('',(0.,0.,-1.));
#4447 = DIRECTION('',(1.,0.,0.));
#4448 = ADVANCED_FACE('',(#4449),#4468,.F.);
#4449 = FACE_BOUND('',#4450,.F.);
#4450 = EDGE_LOOP('',(#4451,#4459,#4466,#4467));
#4451 = ORIENTED_EDGE('',*,*,#4452,.F.);
#4452 = EDGE_CURVE('',#4453,#4302,#4455,.T.);
#4453 = VERTEX_POINT('',#4454);
#4454 = CARTESIAN_POINT('',(-1.627982963686,-0.4375,0.374864817767));
#4455 = LINE('',#4456,#4457);
#4456 = CARTESIAN_POINT('',(-1.627982963686,-0.4375,0.374864817767));
#4457 = VECTOR('',#4458,1.);
#4458 = DIRECTION('',(0.,1.,0.));
#4459 = ORIENTED_EDGE('',*,*,#4460,.T.);
#4460 = EDGE_CURVE('',#4453,#4429,#4461,.T.);
#4461 = CIRCLE('',#4462,0.1);
#4462 = AXIS2_PLACEMENT_3D('',#4463,#4464,#4465);
#4463 = CARTESIAN_POINT('',(-1.529502188385,-0.4375,0.3575));
#4464 = DIRECTION('',(0.,1.,-0.));
#4465 = DIRECTION('',(-0.984807753012,0.,0.173648177667));
#4466 = ORIENTED_EDGE('',*,*,#4428,.T.);
#4467 = ORIENTED_EDGE('',*,*,#4309,.T.);
#4468 = CYLINDRICAL_SURFACE('',#4469,0.1);
#4469 = AXIS2_PLACEMENT_3D('',#4470,#4471,#4472);
#4470 = CARTESIAN_POINT('',(-1.529502188385,-0.73081,0.3575));
#4471 = DIRECTION('',(0.,1.,0.));
#4472 = DIRECTION('',(-0.984807753012,0.,0.173648177667));
#4473 = ADVANCED_FACE('',(#4474),#4492,.T.);
#4474 = FACE_BOUND('',#4475,.F.);
#4475 = EDGE_LOOP('',(#4476,#4477,#4478,#4486));
#4476 = ORIENTED_EDGE('',*,*,#4452,.T.);
#4477 = ORIENTED_EDGE('',*,*,#4301,.T.);
#4478 = ORIENTED_EDGE('',*,*,#4479,.T.);
#4479 = EDGE_CURVE('',#4293,#4480,#4482,.T.);
#4480 = VERTEX_POINT('',#4481);
#4481 = CARTESIAN_POINT('',(-1.655721287387,-0.4375,0.217552966857));
#4482 = LINE('',#4483,#4484);
#4483 = CARTESIAN_POINT('',(-1.655721287387,-0.2125,0.217552966857));
#4484 = VECTOR('',#4485,1.);
#4485 = DIRECTION('',(0.,-1.,0.));
#4486 = ORIENTED_EDGE('',*,*,#4487,.T.);
#4487 = EDGE_CURVE('',#4480,#4453,#4488,.T.);
#4488 = LINE('',#4489,#4490);
#4489 = CARTESIAN_POINT('',(-1.655721287387,-0.4375,0.217552966857));
#4490 = VECTOR('',#4491,1.);
#4491 = DIRECTION('',(0.173648177667,0.,0.984807753012));
#4492 = PLANE('',#4493);
#4493 = AXIS2_PLACEMENT_3D('',#4494,#4495,#4496);
#4494 = CARTESIAN_POINT('',(-1.689638493707,-0.2125,2.51989312822E-02));
#4495 = DIRECTION('',(0.984807753012,-0.,-0.173648177667));
#4496 = DIRECTION('',(0.173648177667,0.,0.984807753012));
#4497 = ADVANCED_FACE('',(#4498),#4517,.T.);
#4498 = FACE_BOUND('',#4499,.T.);
#4499 = EDGE_LOOP('',(#4500,#4509,#4515,#4516));
#4500 = ORIENTED_EDGE('',*,*,#4501,.T.);
#4501 = EDGE_CURVE('',#4480,#4502,#4504,.T.);
#4502 = VERTEX_POINT('',#4503);
#4503 = CARTESIAN_POINT('',(-1.884484107204,-0.4375,1.15739987092E-02));
#4504 = CIRCLE('',#4505,0.25);
#4505 = AXIS2_PLACEMENT_3D('',#4506,#4507,#4508);
#4506 = CARTESIAN_POINT('',(-1.90192322564,-0.4375,0.260965011274));
#4507 = DIRECTION('',(0.,1.,0.));
#4508 = DIRECTION('',(0.984807753012,0.,-0.173648177667));
#4509 = ORIENTED_EDGE('',*,*,#4510,.F.);
#4510 = EDGE_CURVE('',#4285,#4502,#4511,.T.);
#4511 = LINE('',#4512,#4513);
#4512 = CARTESIAN_POINT('',(-1.884484107204,-0.2125,1.15739987092E-02));
#4513 = VECTOR('',#4514,1.);
#4514 = DIRECTION('',(0.,-1.,0.));
#4515 = ORIENTED_EDGE('',*,*,#4292,.F.);
#4516 = ORIENTED_EDGE('',*,*,#4479,.T.);
#4517 = CYLINDRICAL_SURFACE('',#4518,0.25);
#4518 = AXIS2_PLACEMENT_3D('',#4519,#4520,#4521);
#4519 = CARTESIAN_POINT('',(-1.90192322564,-0.2125,0.260965011274));
#4520 = DIRECTION('',(0.,1.,0.));
#4521 = DIRECTION('',(0.984807753012,0.,-0.173648177667));
#4522 = ADVANCED_FACE('',(#4523),#4541,.T.);
#4523 = FACE_BOUND('',#4524,.F.);
#4524 = EDGE_LOOP('',(#4525,#4526,#4534,#4540));
#4525 = ORIENTED_EDGE('',*,*,#4284,.F.);
#4526 = ORIENTED_EDGE('',*,*,#4527,.T.);
#4527 = EDGE_CURVE('',#4277,#4528,#4530,.T.);
#4528 = VERTEX_POINT('',#4529);
#4529 = CARTESIAN_POINT('',(-2.05,-0.4375,0.));
#4530 = LINE('',#4531,#4532);
#4531 = CARTESIAN_POINT('',(-2.05,-0.2125,0.));
#4532 = VECTOR('',#4533,1.);
#4533 = DIRECTION('',(0.,-1.,0.));
#4534 = ORIENTED_EDGE('',*,*,#4535,.T.);
#4535 = EDGE_CURVE('',#4528,#4502,#4536,.T.);
#4536 = LINE('',#4537,#4538);
#4537 = CARTESIAN_POINT('',(-2.05,-0.4375,0.));
#4538 = VECTOR('',#4539,1.);
#4539 = DIRECTION('',(0.99756405026,0.,6.975647374413E-02));
#4540 = ORIENTED_EDGE('',*,*,#4510,.F.);
#4541 = PLANE('',#4542);
#4542 = AXIS2_PLACEMENT_3D('',#4543,#4544,#4545);
#4543 = CARTESIAN_POINT('',(-2.05,-0.2125,0.));
#4544 = DIRECTION('',(6.975647374413E-02,-0.,-0.99756405026));
#4545 = DIRECTION('',(0.99756405026,0.,6.975647374413E-02));
#4546 = ADVANCED_FACE('',(#4547),#4565,.T.);
#4547 = FACE_BOUND('',#4548,.F.);
#4548 = EDGE_LOOP('',(#4549,#4550,#4558,#4564));
#4549 = ORIENTED_EDGE('',*,*,#4276,.F.);
#4550 = ORIENTED_EDGE('',*,*,#4551,.T.);
#4551 = EDGE_CURVE('',#4269,#4552,#4554,.T.);
#4552 = VERTEX_POINT('',#4553);
#4553 = CARTESIAN_POINT('',(-2.060463471062,-0.4375,0.149634607539));
#4554 = LINE('',#4555,#4556);
#4555 = CARTESIAN_POINT('',(-2.060463471062,-0.2125,0.149634607539));
#4556 = VECTOR('',#4557,1.);
#4557 = DIRECTION('',(0.,-1.,0.));
#4558 = ORIENTED_EDGE('',*,*,#4559,.T.);
#4559 = EDGE_CURVE('',#4552,#4528,#4560,.T.);
#4560 = LINE('',#4561,#4562);
#4561 = CARTESIAN_POINT('',(-2.060463471062,-0.4375,0.149634607539));
#4562 = VECTOR('',#4563,1.);
#4563 = DIRECTION('',(6.975647374413E-02,-0.,-0.99756405026));
#4564 = ORIENTED_EDGE('',*,*,#4527,.F.);
#4565 = PLANE('',#4566);
#4566 = AXIS2_PLACEMENT_3D('',#4567,#4568,#4569);
#4567 = CARTESIAN_POINT('',(-2.060463471062,-0.2125,0.149634607539));
#4568 = DIRECTION('',(-0.99756405026,0.,-6.975647374413E-02));
#4569 = DIRECTION('',(6.975647374413E-02,-0.,-0.99756405026));
#4570 = ADVANCED_FACE('',(#4571),#4589,.T.);
#4571 = FACE_BOUND('',#4572,.F.);
#4572 = EDGE_LOOP('',(#4573,#4574,#4582,#4588));
#4573 = ORIENTED_EDGE('',*,*,#4268,.F.);
#4574 = ORIENTED_EDGE('',*,*,#4575,.T.);
#4575 = EDGE_CURVE('',#4260,#4576,#4578,.T.);
#4576 = VERTEX_POINT('',#4577);
#4577 = CARTESIAN_POINT('',(-1.894947578266,-0.4375,0.161208606248));
#4578 = LINE('',#4579,#4580);
#4579 = CARTESIAN_POINT('',(-1.894947578266,-0.2125,0.161208606248));
#4580 = VECTOR('',#4581,1.);
#4581 = DIRECTION('',(0.,-1.,0.));
#4582 = ORIENTED_EDGE('',*,*,#4583,.T.);
#4583 = EDGE_CURVE('',#4576,#4552,#4584,.T.);
#4584 = LINE('',#4585,#4586);
#4585 = CARTESIAN_POINT('',(-1.894947578266,-0.4375,0.161208606248));
#4586 = VECTOR('',#4587,1.);
#4587 = DIRECTION('',(-0.99756405026,0.,-6.975647374413E-02));
#4588 = ORIENTED_EDGE('',*,*,#4551,.F.);
#4589 = PLANE('',#4590);
#4590 = AXIS2_PLACEMENT_3D('',#4591,#4592,#4593);
#4591 = CARTESIAN_POINT('',(-1.817009332867,-0.2125,0.166658579277));
#4592 = DIRECTION('',(-6.975647374413E-02,0.,0.99756405026));
#4593 = DIRECTION('',(-0.99756405026,0.,-6.975647374413E-02));
#4594 = ADVANCED_FACE('',(#4595),#4614,.F.);
#4595 = FACE_BOUND('',#4596,.F.);
#4596 = EDGE_LOOP('',(#4597,#4598,#4599,#4607));
#4597 = ORIENTED_EDGE('',*,*,#4575,.F.);
#4598 = ORIENTED_EDGE('',*,*,#4259,.T.);
#4599 = ORIENTED_EDGE('',*,*,#4600,.T.);
#4600 = EDGE_CURVE('',#4252,#4601,#4603,.T.);
#4601 = VERTEX_POINT('',#4602);
#4602 = CARTESIAN_POINT('',(-1.803442450339,-0.4375,0.243600193507));
#4603 = LINE('',#4604,#4605);
#4604 = CARTESIAN_POINT('',(-1.803442450339,-0.2125,0.243600193507));
#4605 = VECTOR('',#4606,1.);
#4606 = DIRECTION('',(0.,-1.,0.));
#4607 = ORIENTED_EDGE('',*,*,#4608,.F.);
#4608 = EDGE_CURVE('',#4576,#4601,#4609,.T.);
#4609 = CIRCLE('',#4610,0.1);
#4610 = AXIS2_PLACEMENT_3D('',#4611,#4612,#4613);
#4611 = CARTESIAN_POINT('',(-1.90192322564,-0.4375,0.260965011274));
#4612 = DIRECTION('',(0.,-1.,0.));
#4613 = DIRECTION('',(6.975647374413E-02,-0.,-0.99756405026));
#4614 = CYLINDRICAL_SURFACE('',#4615,0.1);
#4615 = AXIS2_PLACEMENT_3D('',#4616,#4617,#4618);
#4616 = CARTESIAN_POINT('',(-1.90192322564,-0.2125,0.260965011274));
#4617 = DIRECTION('',(0.,-1.,0.));
#4618 = DIRECTION('',(6.975647374413E-02,-0.,-0.99756405026));
#4619 = ADVANCED_FACE('',(#4620),#4631,.T.);
#4620 = FACE_BOUND('',#4621,.F.);
#4621 = EDGE_LOOP('',(#4622,#4623,#4629,#4630));
#4622 = ORIENTED_EDGE('',*,*,#4348,.F.);
#4623 = ORIENTED_EDGE('',*,*,#4624,.T.);
#4624 = EDGE_CURVE('',#4349,#4601,#4625,.T.);
#4625 = LINE('',#4626,#4627);
#4626 = CARTESIAN_POINT('',(-1.775704126638,-0.4375,0.400912044417));
#4627 = VECTOR('',#4628,1.);
#4628 = DIRECTION('',(-0.173648177667,0.,-0.984807753012));
#4629 = ORIENTED_EDGE('',*,*,#4600,.F.);
#4630 = ORIENTED_EDGE('',*,*,#4251,.T.);
#4631 = PLANE('',#4632);
#4632 = AXIS2_PLACEMENT_3D('',#4633,#4634,#4635);
#4633 = CARTESIAN_POINT('',(-1.797721162952,-0.2125,0.27604722665));
#4634 = DIRECTION('',(-0.984807753012,0.,0.173648177667));
#4635 = DIRECTION('',(-0.173648177667,0.,-0.984807753012));
#4636 = ADVANCED_FACE('',(#4637),#4651,.T.);
#4637 = FACE_BOUND('',#4638,.F.);
#4638 = EDGE_LOOP('',(#4639,#4640,#4641,#4642,#4643,#4644,#4645,#4646,
    #4647,#4648,#4649,#4650));
#4639 = ORIENTED_EDGE('',*,*,#4356,.F.);
#4640 = ORIENTED_EDGE('',*,*,#4390,.F.);
#4641 = ORIENTED_EDGE('',*,*,#4413,.F.);
#4642 = ORIENTED_EDGE('',*,*,#4436,.F.);
#4643 = ORIENTED_EDGE('',*,*,#4460,.F.);
#4644 = ORIENTED_EDGE('',*,*,#4487,.F.);
#4645 = ORIENTED_EDGE('',*,*,#4501,.T.);
#4646 = ORIENTED_EDGE('',*,*,#4535,.F.);
#4647 = ORIENTED_EDGE('',*,*,#4559,.F.);
#4648 = ORIENTED_EDGE('',*,*,#4583,.F.);
#4649 = ORIENTED_EDGE('',*,*,#4608,.T.);
#4650 = ORIENTED_EDGE('',*,*,#4624,.F.);
#4651 = PLANE('',#4652);
#4652 = AXIS2_PLACEMENT_3D('',#4653,#4654,#4655);
#4653 = CARTESIAN_POINT('',(-1.65,-0.4375,0.25));
#4654 = DIRECTION('',(0.,-1.,0.));
#4655 = DIRECTION('',(1.,0.,0.));
#4656 = MANIFOLD_SOLID_BREP('',#4657);
#4657 = CLOSED_SHELL('',(#4658,#4766,#4798,#4822,#4846,#4870,#4895,#4919
    ,#4944,#4968,#4992,#5016,#5041,#5058));
#4658 = ADVANCED_FACE('',(#4659),#4761,.F.);
#4659 = FACE_BOUND('',#4660,.F.);
#4660 = EDGE_LOOP('',(#4661,#4672,#4680,#4689,#4697,#4705,#4713,#4722,
    #4730,#4739,#4747,#4755));
#4661 = ORIENTED_EDGE('',*,*,#4662,.F.);
#4662 = EDGE_CURVE('',#4663,#4665,#4667,.T.);
#4663 = VERTEX_POINT('',#4664);
#4664 = CARTESIAN_POINT('',(-1.775704126638,-0.8625,0.400912044417));
#4665 = VERTEX_POINT('',#4666);
#4666 = CARTESIAN_POINT('',(-1.529502188385,-0.8625,0.6075));
#4667 = CIRCLE('',#4668,0.25);
#4668 = AXIS2_PLACEMENT_3D('',#4669,#4670,#4671);
#4669 = CARTESIAN_POINT('',(-1.529502188385,-0.8625,0.3575));
#4670 = DIRECTION('',(0.,1.,-0.));
#4671 = DIRECTION('',(-0.984807753012,0.,0.173648177667));
#4672 = ORIENTED_EDGE('',*,*,#4673,.F.);
#4673 = EDGE_CURVE('',#4674,#4663,#4676,.T.);
#4674 = VERTEX_POINT('',#4675);
#4675 = CARTESIAN_POINT('',(-1.803442450339,-0.8625,0.243600193507));
#4676 = LINE('',#4677,#4678);
#4677 = CARTESIAN_POINT('',(-1.803442450339,-0.8625,0.243600193507));
#4678 = VECTOR('',#4679,1.);
#4679 = DIRECTION('',(0.173648177667,0.,0.984807753012));
#4680 = ORIENTED_EDGE('',*,*,#4681,.F.);
#4681 = EDGE_CURVE('',#4682,#4674,#4684,.T.);
#4682 = VERTEX_POINT('',#4683);
#4683 = CARTESIAN_POINT('',(-1.894947578266,-0.8625,0.161208606248));
#4684 = CIRCLE('',#4685,0.1);
#4685 = AXIS2_PLACEMENT_3D('',#4686,#4687,#4688);
#4686 = CARTESIAN_POINT('',(-1.90192322564,-0.8625,0.260965011274));
#4687 = DIRECTION('',(0.,-1.,0.));
#4688 = DIRECTION('',(6.975647374413E-02,-0.,-0.99756405026));
#4689 = ORIENTED_EDGE('',*,*,#4690,.T.);
#4690 = EDGE_CURVE('',#4682,#4691,#4693,.T.);
#4691 = VERTEX_POINT('',#4692);
#4692 = CARTESIAN_POINT('',(-2.060463471062,-0.8625,0.149634607539));
#4693 = LINE('',#4694,#4695);
#4694 = CARTESIAN_POINT('',(-1.894947578266,-0.8625,0.161208606248));
#4695 = VECTOR('',#4696,1.);
#4696 = DIRECTION('',(-0.99756405026,0.,-6.975647374413E-02));
#4697 = ORIENTED_EDGE('',*,*,#4698,.T.);
#4698 = EDGE_CURVE('',#4691,#4699,#4701,.T.);
#4699 = VERTEX_POINT('',#4700);
#4700 = CARTESIAN_POINT('',(-2.05,-0.8625,0.));
#4701 = LINE('',#4702,#4703);
#4702 = CARTESIAN_POINT('',(-2.060463471062,-0.8625,0.149634607539));
#4703 = VECTOR('',#4704,1.);
#4704 = DIRECTION('',(6.975647374413E-02,-0.,-0.99756405026));
#4705 = ORIENTED_EDGE('',*,*,#4706,.T.);
#4706 = EDGE_CURVE('',#4699,#4707,#4709,.T.);
#4707 = VERTEX_POINT('',#4708);
#4708 = CARTESIAN_POINT('',(-1.884484107204,-0.8625,1.15739987092E-02));
#4709 = LINE('',#4710,#4711);
#4710 = CARTESIAN_POINT('',(-2.05,-0.8625,0.));
#4711 = VECTOR('',#4712,1.);
#4712 = DIRECTION('',(0.99756405026,0.,6.975647374413E-02));
#4713 = ORIENTED_EDGE('',*,*,#4714,.F.);
#4714 = EDGE_CURVE('',#4715,#4707,#4717,.T.);
#4715 = VERTEX_POINT('',#4716);
#4716 = CARTESIAN_POINT('',(-1.655721287387,-0.8625,0.217552966857));
#4717 = CIRCLE('',#4718,0.25);
#4718 = AXIS2_PLACEMENT_3D('',#4719,#4720,#4721);
#4719 = CARTESIAN_POINT('',(-1.90192322564,-0.8625,0.260965011274));
#4720 = DIRECTION('',(0.,1.,0.));
#4721 = DIRECTION('',(0.984807753012,0.,-0.173648177667));
#4722 = ORIENTED_EDGE('',*,*,#4723,.F.);
#4723 = EDGE_CURVE('',#4724,#4715,#4726,.T.);
#4724 = VERTEX_POINT('',#4725);
#4725 = CARTESIAN_POINT('',(-1.627982963686,-0.8625,0.374864817767));
#4726 = LINE('',#4727,#4728);
#4727 = CARTESIAN_POINT('',(-1.627982963686,-0.8625,0.374864817767));
#4728 = VECTOR('',#4729,1.);
#4729 = DIRECTION('',(-0.173648177667,0.,-0.984807753012));
#4730 = ORIENTED_EDGE('',*,*,#4731,.F.);
#4731 = EDGE_CURVE('',#4732,#4724,#4734,.T.);
#4732 = VERTEX_POINT('',#4733);
#4733 = CARTESIAN_POINT('',(-1.529502188385,-0.8625,0.4575));
#4734 = CIRCLE('',#4735,0.1);
#4735 = AXIS2_PLACEMENT_3D('',#4736,#4737,#4738);
#4736 = CARTESIAN_POINT('',(-1.529502188385,-0.8625,0.3575));
#4737 = DIRECTION('',(0.,-1.,0.));
#4738 = DIRECTION('',(0.,0.,1.));
#4739 = ORIENTED_EDGE('',*,*,#4740,.T.);
#4740 = EDGE_CURVE('',#4732,#4741,#4743,.T.);
#4741 = VERTEX_POINT('',#4742);
#4742 = CARTESIAN_POINT('',(-1.5,-0.8625,0.4575));
#4743 = LINE('',#4744,#4745);
#4744 = CARTESIAN_POINT('',(-1.529502188385,-0.8625,0.4575));
#4745 = VECTOR('',#4746,1.);
#4746 = DIRECTION('',(1.,0.,0.));
#4747 = ORIENTED_EDGE('',*,*,#4748,.T.);
#4748 = EDGE_CURVE('',#4741,#4749,#4751,.T.);
#4749 = VERTEX_POINT('',#4750);
#4750 = CARTESIAN_POINT('',(-1.5,-0.8625,0.6075));
#4751 = LINE('',#4752,#4753);
#4752 = CARTESIAN_POINT('',(-1.5,-0.8625,0.4575));
#4753 = VECTOR('',#4754,1.);
#4754 = DIRECTION('',(0.,0.,1.));
#4755 = ORIENTED_EDGE('',*,*,#4756,.T.);
#4756 = EDGE_CURVE('',#4749,#4665,#4757,.T.);
#4757 = LINE('',#4758,#4759);
#4758 = CARTESIAN_POINT('',(-1.5,-0.8625,0.6075));
#4759 = VECTOR('',#4760,1.);
#4760 = DIRECTION('',(-1.,0.,0.));
#4761 = PLANE('',#4762);
#4762 = AXIS2_PLACEMENT_3D('',#4763,#4764,#4765);
#4763 = CARTESIAN_POINT('',(-1.65,-0.8625,0.25));
#4764 = DIRECTION('',(0.,-1.,0.));
#4765 = DIRECTION('',(1.,0.,0.));
#4766 = ADVANCED_FACE('',(#4767),#4793,.T.);
#4767 = FACE_BOUND('',#4768,.T.);
#4768 = EDGE_LOOP('',(#4769,#4777,#4786,#4792));
#4769 = ORIENTED_EDGE('',*,*,#4770,.F.);
#4770 = EDGE_CURVE('',#4771,#4663,#4773,.T.);
#4771 = VERTEX_POINT('',#4772);
#4772 = CARTESIAN_POINT('',(-1.775704126638,-1.0875,0.400912044417));
#4773 = LINE('',#4774,#4775);
#4774 = CARTESIAN_POINT('',(-1.775704126638,-1.0875,0.400912044417));
#4775 = VECTOR('',#4776,1.);
#4776 = DIRECTION('',(0.,1.,0.));
#4777 = ORIENTED_EDGE('',*,*,#4778,.F.);
#4778 = EDGE_CURVE('',#4779,#4771,#4781,.T.);
#4779 = VERTEX_POINT('',#4780);
#4780 = CARTESIAN_POINT('',(-1.529502188385,-1.0875,0.6075));
#4781 = CIRCLE('',#4782,0.25);
#4782 = AXIS2_PLACEMENT_3D('',#4783,#4784,#4785);
#4783 = CARTESIAN_POINT('',(-1.529502188385,-1.0875,0.3575));
#4784 = DIRECTION('',(0.,-1.,0.));
#4785 = DIRECTION('',(0.,0.,1.));
#4786 = ORIENTED_EDGE('',*,*,#4787,.T.);
#4787 = EDGE_CURVE('',#4779,#4665,#4788,.T.);
#4788 = LINE('',#4789,#4790);
#4789 = CARTESIAN_POINT('',(-1.529502188385,-1.0875,0.6075));
#4790 = VECTOR('',#4791,1.);
#4791 = DIRECTION('',(0.,1.,0.));
#4792 = ORIENTED_EDGE('',*,*,#4662,.F.);
#4793 = CYLINDRICAL_SURFACE('',#4794,0.25);
#4794 = AXIS2_PLACEMENT_3D('',#4795,#4796,#4797);
#4795 = CARTESIAN_POINT('',(-1.529502188385,-1.41087,0.3575));
#4796 = DIRECTION('',(0.,1.,0.));
#4797 = DIRECTION('',(-0.984807753012,0.,0.173648177667));
#4798 = ADVANCED_FACE('',(#4799),#4817,.T.);
#4799 = FACE_BOUND('',#4800,.F.);
#4800 = EDGE_LOOP('',(#4801,#4802,#4803,#4811));
#4801 = ORIENTED_EDGE('',*,*,#4787,.T.);
#4802 = ORIENTED_EDGE('',*,*,#4756,.F.);
#4803 = ORIENTED_EDGE('',*,*,#4804,.T.);
#4804 = EDGE_CURVE('',#4749,#4805,#4807,.T.);
#4805 = VERTEX_POINT('',#4806);
#4806 = CARTESIAN_POINT('',(-1.5,-1.0875,0.6075));
#4807 = LINE('',#4808,#4809);
#4808 = CARTESIAN_POINT('',(-1.5,-0.8625,0.6075));
#4809 = VECTOR('',#4810,1.);
#4810 = DIRECTION('',(0.,-1.,0.));
#4811 = ORIENTED_EDGE('',*,*,#4812,.T.);
#4812 = EDGE_CURVE('',#4805,#4779,#4813,.T.);
#4813 = LINE('',#4814,#4815);
#4814 = CARTESIAN_POINT('',(-1.5,-1.0875,0.6075));
#4815 = VECTOR('',#4816,1.);
#4816 = DIRECTION('',(-1.,0.,0.));
#4817 = PLANE('',#4818);
#4818 = AXIS2_PLACEMENT_3D('',#4819,#4820,#4821);
#4819 = CARTESIAN_POINT('',(-1.5,-0.8625,0.6075));
#4820 = DIRECTION('',(0.,0.,1.));
#4821 = DIRECTION('',(-1.,0.,0.));
#4822 = ADVANCED_FACE('',(#4823),#4841,.T.);
#4823 = FACE_BOUND('',#4824,.F.);
#4824 = EDGE_LOOP('',(#4825,#4826,#4834,#4840));
#4825 = ORIENTED_EDGE('',*,*,#4748,.F.);
#4826 = ORIENTED_EDGE('',*,*,#4827,.T.);
#4827 = EDGE_CURVE('',#4741,#4828,#4830,.T.);
#4828 = VERTEX_POINT('',#4829);
#4829 = CARTESIAN_POINT('',(-1.5,-1.0875,0.4575));
#4830 = LINE('',#4831,#4832);
#4831 = CARTESIAN_POINT('',(-1.5,-0.8625,0.4575));
#4832 = VECTOR('',#4833,1.);
#4833 = DIRECTION('',(0.,-1.,0.));
#4834 = ORIENTED_EDGE('',*,*,#4835,.T.);
#4835 = EDGE_CURVE('',#4828,#4805,#4836,.T.);
#4836 = LINE('',#4837,#4838);
#4837 = CARTESIAN_POINT('',(-1.5,-1.0875,0.4575));
#4838 = VECTOR('',#4839,1.);
#4839 = DIRECTION('',(0.,0.,1.));
#4840 = ORIENTED_EDGE('',*,*,#4804,.F.);
#4841 = PLANE('',#4842);
#4842 = AXIS2_PLACEMENT_3D('',#4843,#4844,#4845);
#4843 = CARTESIAN_POINT('',(-1.5,-0.8625,0.4575));
#4844 = DIRECTION('',(1.,0.,0.));
#4845 = DIRECTION('',(0.,0.,1.));
#4846 = ADVANCED_FACE('',(#4847),#4865,.T.);
#4847 = FACE_BOUND('',#4848,.F.);
#4848 = EDGE_LOOP('',(#4849,#4857,#4863,#4864));
#4849 = ORIENTED_EDGE('',*,*,#4850,.F.);
#4850 = EDGE_CURVE('',#4851,#4732,#4853,.T.);
#4851 = VERTEX_POINT('',#4852);
#4852 = CARTESIAN_POINT('',(-1.529502188385,-1.0875,0.4575));
#4853 = LINE('',#4854,#4855);
#4854 = CARTESIAN_POINT('',(-1.529502188385,-1.0875,0.4575));
#4855 = VECTOR('',#4856,1.);
#4856 = DIRECTION('',(0.,1.,0.));
#4857 = ORIENTED_EDGE('',*,*,#4858,.T.);
#4858 = EDGE_CURVE('',#4851,#4828,#4859,.T.);
#4859 = LINE('',#4860,#4861);
#4860 = CARTESIAN_POINT('',(-1.529502188385,-1.0875,0.4575));
#4861 = VECTOR('',#4862,1.);
#4862 = DIRECTION('',(1.,0.,0.));
#4863 = ORIENTED_EDGE('',*,*,#4827,.F.);
#4864 = ORIENTED_EDGE('',*,*,#4740,.F.);
#4865 = PLANE('',#4866);
#4866 = AXIS2_PLACEMENT_3D('',#4867,#4868,#4869);
#4867 = CARTESIAN_POINT('',(-1.613412151503,-0.8625,0.4575));
#4868 = DIRECTION('',(0.,0.,-1.));
#4869 = DIRECTION('',(1.,0.,0.));
#4870 = ADVANCED_FACE('',(#4871),#4890,.F.);
#4871 = FACE_BOUND('',#4872,.F.);
#4872 = EDGE_LOOP('',(#4873,#4881,#4888,#4889));
#4873 = ORIENTED_EDGE('',*,*,#4874,.F.);
#4874 = EDGE_CURVE('',#4875,#4724,#4877,.T.);
#4875 = VERTEX_POINT('',#4876);
#4876 = CARTESIAN_POINT('',(-1.627982963686,-1.0875,0.374864817767));
#4877 = LINE('',#4878,#4879);
#4878 = CARTESIAN_POINT('',(-1.627982963686,-1.0875,0.374864817767));
#4879 = VECTOR('',#4880,1.);
#4880 = DIRECTION('',(0.,1.,0.));
#4881 = ORIENTED_EDGE('',*,*,#4882,.T.);
#4882 = EDGE_CURVE('',#4875,#4851,#4883,.T.);
#4883 = CIRCLE('',#4884,0.1);
#4884 = AXIS2_PLACEMENT_3D('',#4885,#4886,#4887);
#4885 = CARTESIAN_POINT('',(-1.529502188385,-1.0875,0.3575));
#4886 = DIRECTION('',(0.,1.,-0.));
#4887 = DIRECTION('',(-0.984807753012,0.,0.173648177667));
#4888 = ORIENTED_EDGE('',*,*,#4850,.T.);
#4889 = ORIENTED_EDGE('',*,*,#4731,.T.);
#4890 = CYLINDRICAL_SURFACE('',#4891,0.1);
#4891 = AXIS2_PLACEMENT_3D('',#4892,#4893,#4894);
#4892 = CARTESIAN_POINT('',(-1.529502188385,-1.38081,0.3575));
#4893 = DIRECTION('',(0.,1.,0.));
#4894 = DIRECTION('',(-0.984807753012,0.,0.173648177667));
#4895 = ADVANCED_FACE('',(#4896),#4914,.T.);
#4896 = FACE_BOUND('',#4897,.F.);
#4897 = EDGE_LOOP('',(#4898,#4899,#4900,#4908));
#4898 = ORIENTED_EDGE('',*,*,#4874,.T.);
#4899 = ORIENTED_EDGE('',*,*,#4723,.T.);
#4900 = ORIENTED_EDGE('',*,*,#4901,.T.);
#4901 = EDGE_CURVE('',#4715,#4902,#4904,.T.);
#4902 = VERTEX_POINT('',#4903);
#4903 = CARTESIAN_POINT('',(-1.655721287387,-1.0875,0.217552966857));
#4904 = LINE('',#4905,#4906);
#4905 = CARTESIAN_POINT('',(-1.655721287387,-0.8625,0.217552966857));
#4906 = VECTOR('',#4907,1.);
#4907 = DIRECTION('',(0.,-1.,0.));
#4908 = ORIENTED_EDGE('',*,*,#4909,.T.);
#4909 = EDGE_CURVE('',#4902,#4875,#4910,.T.);
#4910 = LINE('',#4911,#4912);
#4911 = CARTESIAN_POINT('',(-1.655721287387,-1.0875,0.217552966857));
#4912 = VECTOR('',#4913,1.);
#4913 = DIRECTION('',(0.173648177667,0.,0.984807753012));
#4914 = PLANE('',#4915);
#4915 = AXIS2_PLACEMENT_3D('',#4916,#4917,#4918);
#4916 = CARTESIAN_POINT('',(-1.689638493707,-0.8625,2.51989312822E-02));
#4917 = DIRECTION('',(0.984807753012,-0.,-0.173648177667));
#4918 = DIRECTION('',(0.173648177667,0.,0.984807753012));
#4919 = ADVANCED_FACE('',(#4920),#4939,.T.);
#4920 = FACE_BOUND('',#4921,.T.);
#4921 = EDGE_LOOP('',(#4922,#4931,#4937,#4938));
#4922 = ORIENTED_EDGE('',*,*,#4923,.T.);
#4923 = EDGE_CURVE('',#4902,#4924,#4926,.T.);
#4924 = VERTEX_POINT('',#4925);
#4925 = CARTESIAN_POINT('',(-1.884484107204,-1.0875,1.15739987092E-02));
#4926 = CIRCLE('',#4927,0.25);
#4927 = AXIS2_PLACEMENT_3D('',#4928,#4929,#4930);
#4928 = CARTESIAN_POINT('',(-1.90192322564,-1.0875,0.260965011274));
#4929 = DIRECTION('',(0.,1.,0.));
#4930 = DIRECTION('',(0.984807753012,0.,-0.173648177667));
#4931 = ORIENTED_EDGE('',*,*,#4932,.F.);
#4932 = EDGE_CURVE('',#4707,#4924,#4933,.T.);
#4933 = LINE('',#4934,#4935);
#4934 = CARTESIAN_POINT('',(-1.884484107204,-0.8625,1.15739987092E-02));
#4935 = VECTOR('',#4936,1.);
#4936 = DIRECTION('',(0.,-1.,0.));
#4937 = ORIENTED_EDGE('',*,*,#4714,.F.);
#4938 = ORIENTED_EDGE('',*,*,#4901,.T.);
#4939 = CYLINDRICAL_SURFACE('',#4940,0.25);
#4940 = AXIS2_PLACEMENT_3D('',#4941,#4942,#4943);
#4941 = CARTESIAN_POINT('',(-1.90192322564,-0.8625,0.260965011274));
#4942 = DIRECTION('',(0.,1.,0.));
#4943 = DIRECTION('',(0.984807753012,0.,-0.173648177667));
#4944 = ADVANCED_FACE('',(#4945),#4963,.T.);
#4945 = FACE_BOUND('',#4946,.F.);
#4946 = EDGE_LOOP('',(#4947,#4948,#4956,#4962));
#4947 = ORIENTED_EDGE('',*,*,#4706,.F.);
#4948 = ORIENTED_EDGE('',*,*,#4949,.T.);
#4949 = EDGE_CURVE('',#4699,#4950,#4952,.T.);
#4950 = VERTEX_POINT('',#4951);
#4951 = CARTESIAN_POINT('',(-2.05,-1.0875,0.));
#4952 = LINE('',#4953,#4954);
#4953 = CARTESIAN_POINT('',(-2.05,-0.8625,0.));
#4954 = VECTOR('',#4955,1.);
#4955 = DIRECTION('',(0.,-1.,0.));
#4956 = ORIENTED_EDGE('',*,*,#4957,.T.);
#4957 = EDGE_CURVE('',#4950,#4924,#4958,.T.);
#4958 = LINE('',#4959,#4960);
#4959 = CARTESIAN_POINT('',(-2.05,-1.0875,0.));
#4960 = VECTOR('',#4961,1.);
#4961 = DIRECTION('',(0.99756405026,0.,6.975647374413E-02));
#4962 = ORIENTED_EDGE('',*,*,#4932,.F.);
#4963 = PLANE('',#4964);
#4964 = AXIS2_PLACEMENT_3D('',#4965,#4966,#4967);
#4965 = CARTESIAN_POINT('',(-2.05,-0.8625,0.));
#4966 = DIRECTION('',(6.975647374413E-02,-0.,-0.99756405026));
#4967 = DIRECTION('',(0.99756405026,0.,6.975647374413E-02));
#4968 = ADVANCED_FACE('',(#4969),#4987,.T.);
#4969 = FACE_BOUND('',#4970,.F.);
#4970 = EDGE_LOOP('',(#4971,#4972,#4980,#4986));
#4971 = ORIENTED_EDGE('',*,*,#4698,.F.);
#4972 = ORIENTED_EDGE('',*,*,#4973,.T.);
#4973 = EDGE_CURVE('',#4691,#4974,#4976,.T.);
#4974 = VERTEX_POINT('',#4975);
#4975 = CARTESIAN_POINT('',(-2.060463471062,-1.0875,0.149634607539));
#4976 = LINE('',#4977,#4978);
#4977 = CARTESIAN_POINT('',(-2.060463471062,-0.8625,0.149634607539));
#4978 = VECTOR('',#4979,1.);
#4979 = DIRECTION('',(0.,-1.,0.));
#4980 = ORIENTED_EDGE('',*,*,#4981,.T.);
#4981 = EDGE_CURVE('',#4974,#4950,#4982,.T.);
#4982 = LINE('',#4983,#4984);
#4983 = CARTESIAN_POINT('',(-2.060463471062,-1.0875,0.149634607539));
#4984 = VECTOR('',#4985,1.);
#4985 = DIRECTION('',(6.975647374413E-02,-0.,-0.99756405026));
#4986 = ORIENTED_EDGE('',*,*,#4949,.F.);
#4987 = PLANE('',#4988);
#4988 = AXIS2_PLACEMENT_3D('',#4989,#4990,#4991);
#4989 = CARTESIAN_POINT('',(-2.060463471062,-0.8625,0.149634607539));
#4990 = DIRECTION('',(-0.99756405026,0.,-6.975647374413E-02));
#4991 = DIRECTION('',(6.975647374413E-02,-0.,-0.99756405026));
#4992 = ADVANCED_FACE('',(#4993),#5011,.T.);
#4993 = FACE_BOUND('',#4994,.F.);
#4994 = EDGE_LOOP('',(#4995,#4996,#5004,#5010));
#4995 = ORIENTED_EDGE('',*,*,#4690,.F.);
#4996 = ORIENTED_EDGE('',*,*,#4997,.T.);
#4997 = EDGE_CURVE('',#4682,#4998,#5000,.T.);
#4998 = VERTEX_POINT('',#4999);
#4999 = CARTESIAN_POINT('',(-1.894947578266,-1.0875,0.161208606248));
#5000 = LINE('',#5001,#5002);
#5001 = CARTESIAN_POINT('',(-1.894947578266,-0.8625,0.161208606248));
#5002 = VECTOR('',#5003,1.);
#5003 = DIRECTION('',(0.,-1.,0.));
#5004 = ORIENTED_EDGE('',*,*,#5005,.T.);
#5005 = EDGE_CURVE('',#4998,#4974,#5006,.T.);
#5006 = LINE('',#5007,#5008);
#5007 = CARTESIAN_POINT('',(-1.894947578266,-1.0875,0.161208606248));
#5008 = VECTOR('',#5009,1.);
#5009 = DIRECTION('',(-0.99756405026,0.,-6.975647374413E-02));
#5010 = ORIENTED_EDGE('',*,*,#4973,.F.);
#5011 = PLANE('',#5012);
#5012 = AXIS2_PLACEMENT_3D('',#5013,#5014,#5015);
#5013 = CARTESIAN_POINT('',(-1.817009332867,-0.8625,0.166658579277));
#5014 = DIRECTION('',(-6.975647374413E-02,0.,0.99756405026));
#5015 = DIRECTION('',(-0.99756405026,0.,-6.975647374413E-02));
#5016 = ADVANCED_FACE('',(#5017),#5036,.F.);
#5017 = FACE_BOUND('',#5018,.F.);
#5018 = EDGE_LOOP('',(#5019,#5020,#5021,#5029));
#5019 = ORIENTED_EDGE('',*,*,#4997,.F.);
#5020 = ORIENTED_EDGE('',*,*,#4681,.T.);
#5021 = ORIENTED_EDGE('',*,*,#5022,.T.);
#5022 = EDGE_CURVE('',#4674,#5023,#5025,.T.);
#5023 = VERTEX_POINT('',#5024);
#5024 = CARTESIAN_POINT('',(-1.803442450339,-1.0875,0.243600193507));
#5025 = LINE('',#5026,#5027);
#5026 = CARTESIAN_POINT('',(-1.803442450339,-0.8625,0.243600193507));
#5027 = VECTOR('',#5028,1.);
#5028 = DIRECTION('',(0.,-1.,0.));
#5029 = ORIENTED_EDGE('',*,*,#5030,.F.);
#5030 = EDGE_CURVE('',#4998,#5023,#5031,.T.);
#5031 = CIRCLE('',#5032,0.1);
#5032 = AXIS2_PLACEMENT_3D('',#5033,#5034,#5035);
#5033 = CARTESIAN_POINT('',(-1.90192322564,-1.0875,0.260965011274));
#5034 = DIRECTION('',(0.,-1.,0.));
#5035 = DIRECTION('',(6.975647374413E-02,-0.,-0.99756405026));
#5036 = CYLINDRICAL_SURFACE('',#5037,0.1);
#5037 = AXIS2_PLACEMENT_3D('',#5038,#5039,#5040);
#5038 = CARTESIAN_POINT('',(-1.90192322564,-0.8625,0.260965011274));
#5039 = DIRECTION('',(0.,-1.,0.));
#5040 = DIRECTION('',(6.975647374413E-02,-0.,-0.99756405026));
#5041 = ADVANCED_FACE('',(#5042),#5053,.T.);
#5042 = FACE_BOUND('',#5043,.F.);
#5043 = EDGE_LOOP('',(#5044,#5045,#5051,#5052));
#5044 = ORIENTED_EDGE('',*,*,#4770,.F.);
#5045 = ORIENTED_EDGE('',*,*,#5046,.T.);
#5046 = EDGE_CURVE('',#4771,#5023,#5047,.T.);
#5047 = LINE('',#5048,#5049);
#5048 = CARTESIAN_POINT('',(-1.775704126638,-1.0875,0.400912044417));
#5049 = VECTOR('',#5050,1.);
#5050 = DIRECTION('',(-0.173648177667,0.,-0.984807753012));
#5051 = ORIENTED_EDGE('',*,*,#5022,.F.);
#5052 = ORIENTED_EDGE('',*,*,#4673,.T.);
#5053 = PLANE('',#5054);
#5054 = AXIS2_PLACEMENT_3D('',#5055,#5056,#5057);
#5055 = CARTESIAN_POINT('',(-1.797721162952,-0.8625,0.27604722665));
#5056 = DIRECTION('',(-0.984807753012,0.,0.173648177667));
#5057 = DIRECTION('',(-0.173648177667,0.,-0.984807753012));
#5058 = ADVANCED_FACE('',(#5059),#5073,.T.);
#5059 = FACE_BOUND('',#5060,.F.);
#5060 = EDGE_LOOP('',(#5061,#5062,#5063,#5064,#5065,#5066,#5067,#5068,
    #5069,#5070,#5071,#5072));
#5061 = ORIENTED_EDGE('',*,*,#4778,.F.);
#5062 = ORIENTED_EDGE('',*,*,#4812,.F.);
#5063 = ORIENTED_EDGE('',*,*,#4835,.F.);
#5064 = ORIENTED_EDGE('',*,*,#4858,.F.);
#5065 = ORIENTED_EDGE('',*,*,#4882,.F.);
#5066 = ORIENTED_EDGE('',*,*,#4909,.F.);
#5067 = ORIENTED_EDGE('',*,*,#4923,.T.);
#5068 = ORIENTED_EDGE('',*,*,#4957,.F.);
#5069 = ORIENTED_EDGE('',*,*,#4981,.F.);
#5070 = ORIENTED_EDGE('',*,*,#5005,.F.);
#5071 = ORIENTED_EDGE('',*,*,#5030,.T.);
#5072 = ORIENTED_EDGE('',*,*,#5046,.F.);
#5073 = PLANE('',#5074);
#5074 = AXIS2_PLACEMENT_3D('',#5075,#5076,#5077);
#5075 = CARTESIAN_POINT('',(-1.65,-1.0875,0.25));
#5076 = DIRECTION('',(0.,-1.,0.));
#5077 = DIRECTION('',(1.,0.,0.));
#5078 = ( GEOMETRIC_REPRESENTATION_CONTEXT(3) 
GLOBAL_UNCERTAINTY_ASSIGNED_CONTEXT((#5082)) 
GLOBAL_UNIT_ASSIGNED_CONTEXT((#5079,#5080,#5081)) REPRESENTATION_CONTEXT
('Context #1','3D Context with UNIT and UNCERTAINTY') );
#5079 = ( LENGTH_UNIT() NAMED_UNIT(*) SI_UNIT(.MILLI.,.METRE.) );
#5080 = ( NAMED_UNIT(*) PLANE_ANGLE_UNIT() SI_UNIT($,.RADIAN.) );
#5081 = ( NAMED_UNIT(*) SI_UNIT($,.STERADIAN.) SOLID_ANGLE_UNIT() );
#5082 = UNCERTAINTY_MEASURE_WITH_UNIT(LENGTH_MEASURE(1.E-06),#5079,
  'distance_accuracy_value','confusion accuracy');
#5083 = PRODUCT_RELATED_PRODUCT_CATEGORY('part',$,(#7));
#5084 = MECHANICAL_DESIGN_GEOMETRIC_PRESENTATION_REPRESENTATION('',(
    #5085,#5096,#5104,#5111,#5118,#5125,#5132,#5139,#5146,#5153,#5160,
    #5167,#5174,#5181,#5188,#5195,#5202,#5209,#5216,#5223,#5230,#5237,
    #5244,#5251,#5258,#5265,#5272,#5279,#5286,#5293,#5300,#5307,#5314,
    #5321,#5328,#5335,#5342,#5349,#5356,#5363,#5370,#5377,#5384,#5391,
    #5398,#5407,#5416,#5425,#5434,#5443,#5452,#5461),#5078);
#5085 = STYLED_ITEM('color',(#5086),#15);
#5086 = PRESENTATION_STYLE_ASSIGNMENT((#5087,#5093));
#5087 = SURFACE_STYLE_USAGE(.BOTH.,#5088);
#5088 = SURFACE_SIDE_STYLE('',(#5089));
#5089 = SURFACE_STYLE_FILL_AREA(#5090);
#5090 = FILL_AREA_STYLE('',(#5091));
#5091 = FILL_AREA_STYLE_COLOUR('',#5092);
#5092 = COLOUR_RGB('',0.800000010877,0.800000010877,0.90196104065);
#5093 = CURVE_STYLE('',#5094,POSITIVE_LENGTH_MEASURE(0.1),#5095);
#5094 = DRAUGHTING_PRE_DEFINED_CURVE_FONT('continuous');
#5095 = COLOUR_RGB('',9.803921802644E-02,9.803921802644E-02,
  9.803921802644E-02);
#5096 = OVER_RIDING_STYLED_ITEM('overriding color',(#5097),#85,#5085);
#5097 = PRESENTATION_STYLE_ASSIGNMENT((#5098));
#5098 = SURFACE_STYLE_USAGE(.BOTH.,#5099);
#5099 = SURFACE_SIDE_STYLE('',(#5100));
#5100 = SURFACE_STYLE_FILL_AREA(#5101);
#5101 = FILL_AREA_STYLE('',(#5102));
#5102 = FILL_AREA_STYLE_COLOUR('',#5103);
#5103 = COLOUR_RGB('',0.247058826301,0.247058826301,0.278431382231);
#5104 = OVER_RIDING_STYLED_ITEM('overriding color',(#5105),#176,#5085);
#5105 = PRESENTATION_STYLE_ASSIGNMENT((#5106));
#5106 = SURFACE_STYLE_USAGE(.BOTH.,#5107);
#5107 = SURFACE_SIDE_STYLE('',(#5108));
#5108 = SURFACE_STYLE_FILL_AREA(#5109);
#5109 = FILL_AREA_STYLE('',(#5110));
#5110 = FILL_AREA_STYLE_COLOUR('',#5103);
#5111 = OVER_RIDING_STYLED_ITEM('overriding color',(#5112),#208,#5085);
#5112 = PRESENTATION_STYLE_ASSIGNMENT((#5113));
#5113 = SURFACE_STYLE_USAGE(.BOTH.,#5114);
#5114 = SURFACE_SIDE_STYLE('',(#5115));
#5115 = SURFACE_STYLE_FILL_AREA(#5116);
#5116 = FILL_AREA_STYLE('',(#5117));
#5117 = FILL_AREA_STYLE_COLOUR('',#5103);
#5118 = OVER_RIDING_STYLED_ITEM('overriding color',(#5119),#239,#5085);
#5119 = PRESENTATION_STYLE_ASSIGNMENT((#5120));
#5120 = SURFACE_STYLE_USAGE(.BOTH.,#5121);
#5121 = SURFACE_SIDE_STYLE('',(#5122));
#5122 = SURFACE_STYLE_FILL_AREA(#5123);
#5123 = FILL_AREA_STYLE('',(#5124));
#5124 = FILL_AREA_STYLE_COLOUR('',#5103);
#5125 = OVER_RIDING_STYLED_ITEM('overriding color',(#5126),#274,#5085);
#5126 = PRESENTATION_STYLE_ASSIGNMENT((#5127));
#5127 = SURFACE_STYLE_USAGE(.BOTH.,#5128);
#5128 = SURFACE_SIDE_STYLE('',(#5129));
#5129 = SURFACE_STYLE_FILL_AREA(#5130);
#5130 = FILL_AREA_STYLE('',(#5131));
#5131 = FILL_AREA_STYLE_COLOUR('',#5103);
#5132 = OVER_RIDING_STYLED_ITEM('overriding color',(#5133),#316,#5085);
#5133 = PRESENTATION_STYLE_ASSIGNMENT((#5134));
#5134 = SURFACE_STYLE_USAGE(.BOTH.,#5135);
#5135 = SURFACE_SIDE_STYLE('',(#5136));
#5136 = SURFACE_STYLE_FILL_AREA(#5137);
#5137 = FILL_AREA_STYLE('',(#5138));
#5138 = FILL_AREA_STYLE_COLOUR('',#5103);
#5139 = OVER_RIDING_STYLED_ITEM('overriding color',(#5140),#340,#5085);
#5140 = PRESENTATION_STYLE_ASSIGNMENT((#5141));
#5141 = SURFACE_STYLE_USAGE(.BOTH.,#5142);
#5142 = SURFACE_SIDE_STYLE('',(#5143));
#5143 = SURFACE_STYLE_FILL_AREA(#5144);
#5144 = FILL_AREA_STYLE('',(#5145));
#5145 = FILL_AREA_STYLE_COLOUR('',#5103);
#5146 = OVER_RIDING_STYLED_ITEM('overriding color',(#5147),#418,#5085);
#5147 = PRESENTATION_STYLE_ASSIGNMENT((#5148));
#5148 = SURFACE_STYLE_USAGE(.BOTH.,#5149);
#5149 = SURFACE_SIDE_STYLE('',(#5150));
#5150 = SURFACE_STYLE_FILL_AREA(#5151);
#5151 = FILL_AREA_STYLE('',(#5152));
#5152 = FILL_AREA_STYLE_COLOUR('',#5103);
#5153 = OVER_RIDING_STYLED_ITEM('overriding color',(#5154),#459,#5085);
#5154 = PRESENTATION_STYLE_ASSIGNMENT((#5155));
#5155 = SURFACE_STYLE_USAGE(.BOTH.,#5156);
#5156 = SURFACE_SIDE_STYLE('',(#5157));
#5157 = SURFACE_STYLE_FILL_AREA(#5158);
#5158 = FILL_AREA_STYLE('',(#5159));
#5159 = FILL_AREA_STYLE_COLOUR('',#5103);
#5160 = OVER_RIDING_STYLED_ITEM('overriding color',(#5161),#484,#5085);
#5161 = PRESENTATION_STYLE_ASSIGNMENT((#5162));
#5162 = SURFACE_STYLE_USAGE(.BOTH.,#5163);
#5163 = SURFACE_SIDE_STYLE('',(#5164));
#5164 = SURFACE_STYLE_FILL_AREA(#5165);
#5165 = FILL_AREA_STYLE('',(#5166));
#5166 = FILL_AREA_STYLE_COLOUR('',#5103);
#5167 = OVER_RIDING_STYLED_ITEM('overriding color',(#5168),#580,#5085);
#5168 = PRESENTATION_STYLE_ASSIGNMENT((#5169));
#5169 = SURFACE_STYLE_USAGE(.BOTH.,#5170);
#5170 = SURFACE_SIDE_STYLE('',(#5171));
#5171 = SURFACE_STYLE_FILL_AREA(#5172);
#5172 = FILL_AREA_STYLE('',(#5173));
#5173 = FILL_AREA_STYLE_COLOUR('',#5103);
#5174 = OVER_RIDING_STYLED_ITEM('overriding color',(#5175),#605,#5085);
#5175 = PRESENTATION_STYLE_ASSIGNMENT((#5176));
#5176 = SURFACE_STYLE_USAGE(.BOTH.,#5177);
#5177 = SURFACE_SIDE_STYLE('',(#5178));
#5178 = SURFACE_STYLE_FILL_AREA(#5179);
#5179 = FILL_AREA_STYLE('',(#5180));
#5180 = FILL_AREA_STYLE_COLOUR('',#5103);
#5181 = OVER_RIDING_STYLED_ITEM('overriding color',(#5182),#657,#5085);
#5182 = PRESENTATION_STYLE_ASSIGNMENT((#5183));
#5183 = SURFACE_STYLE_USAGE(.BOTH.,#5184);
#5184 = SURFACE_SIDE_STYLE('',(#5185));
#5185 = SURFACE_STYLE_FILL_AREA(#5186);
#5186 = FILL_AREA_STYLE('',(#5187));
#5187 = FILL_AREA_STYLE_COLOUR('',#5103);
#5188 = OVER_RIDING_STYLED_ITEM('overriding color',(#5189),#753,#5085);
#5189 = PRESENTATION_STYLE_ASSIGNMENT((#5190));
#5190 = SURFACE_STYLE_USAGE(.BOTH.,#5191);
#5191 = SURFACE_SIDE_STYLE('',(#5192));
#5192 = SURFACE_STYLE_FILL_AREA(#5193);
#5193 = FILL_AREA_STYLE('',(#5194));
#5194 = FILL_AREA_STYLE_COLOUR('',#5103);
#5195 = OVER_RIDING_STYLED_ITEM('overriding color',(#5196),#805,#5085);
#5196 = PRESENTATION_STYLE_ASSIGNMENT((#5197));
#5197 = SURFACE_STYLE_USAGE(.BOTH.,#5198);
#5198 = SURFACE_SIDE_STYLE('',(#5199));
#5199 = SURFACE_STYLE_FILL_AREA(#5200);
#5200 = FILL_AREA_STYLE('',(#5201));
#5201 = FILL_AREA_STYLE_COLOUR('',#5103);
#5202 = OVER_RIDING_STYLED_ITEM('overriding color',(#5203),#830,#5085);
#5203 = PRESENTATION_STYLE_ASSIGNMENT((#5204));
#5204 = SURFACE_STYLE_USAGE(.BOTH.,#5205);
#5205 = SURFACE_SIDE_STYLE('',(#5206));
#5206 = SURFACE_STYLE_FILL_AREA(#5207);
#5207 = FILL_AREA_STYLE('',(#5208));
#5208 = FILL_AREA_STYLE_COLOUR('',#5103);
#5209 = OVER_RIDING_STYLED_ITEM('overriding color',(#5210),#882,#5085);
#5210 = PRESENTATION_STYLE_ASSIGNMENT((#5211));
#5211 = SURFACE_STYLE_USAGE(.BOTH.,#5212);
#5212 = SURFACE_SIDE_STYLE('',(#5213));
#5213 = SURFACE_STYLE_FILL_AREA(#5214);
#5214 = FILL_AREA_STYLE('',(#5215));
#5215 = FILL_AREA_STYLE_COLOUR('',#5103);
#5216 = OVER_RIDING_STYLED_ITEM('overriding color',(#5217),#915,#5085);
#5217 = PRESENTATION_STYLE_ASSIGNMENT((#5218));
#5218 = SURFACE_STYLE_USAGE(.BOTH.,#5219);
#5219 = SURFACE_SIDE_STYLE('',(#5220));
#5220 = SURFACE_STYLE_FILL_AREA(#5221);
#5221 = FILL_AREA_STYLE('',(#5222));
#5222 = FILL_AREA_STYLE_COLOUR('',#5103);
#5223 = OVER_RIDING_STYLED_ITEM('overriding color',(#5224),#933,#5085);
#5224 = PRESENTATION_STYLE_ASSIGNMENT((#5225));
#5225 = SURFACE_STYLE_USAGE(.BOTH.,#5226);
#5226 = SURFACE_SIDE_STYLE('',(#5227));
#5227 = SURFACE_STYLE_FILL_AREA(#5228);
#5228 = FILL_AREA_STYLE('',(#5229));
#5229 = FILL_AREA_STYLE_COLOUR('',#5103);
#5230 = OVER_RIDING_STYLED_ITEM('overriding color',(#5231),#964,#5085);
#5231 = PRESENTATION_STYLE_ASSIGNMENT((#5232));
#5232 = SURFACE_STYLE_USAGE(.BOTH.,#5233);
#5233 = SURFACE_SIDE_STYLE('',(#5234));
#5234 = SURFACE_STYLE_FILL_AREA(#5235);
#5235 = FILL_AREA_STYLE('',(#5236));
#5236 = FILL_AREA_STYLE_COLOUR('',#5103);
#5237 = OVER_RIDING_STYLED_ITEM('overriding color',(#5238),#1016,#5085);
#5238 = PRESENTATION_STYLE_ASSIGNMENT((#5239));
#5239 = SURFACE_STYLE_USAGE(.BOTH.,#5240);
#5240 = SURFACE_SIDE_STYLE('',(#5241));
#5241 = SURFACE_STYLE_FILL_AREA(#5242);
#5242 = FILL_AREA_STYLE('',(#5243));
#5243 = FILL_AREA_STYLE_COLOUR('',#5103);
#5244 = OVER_RIDING_STYLED_ITEM('overriding color',(#5245),#1047,#5085);
#5245 = PRESENTATION_STYLE_ASSIGNMENT((#5246));
#5246 = SURFACE_STYLE_USAGE(.BOTH.,#5247);
#5247 = SURFACE_SIDE_STYLE('',(#5248));
#5248 = SURFACE_STYLE_FILL_AREA(#5249);
#5249 = FILL_AREA_STYLE('',(#5250));
#5250 = FILL_AREA_STYLE_COLOUR('',#5103);
#5251 = OVER_RIDING_STYLED_ITEM('overriding color',(#5252),#1102,#5085);
#5252 = PRESENTATION_STYLE_ASSIGNMENT((#5253));
#5253 = SURFACE_STYLE_USAGE(.BOTH.,#5254);
#5254 = SURFACE_SIDE_STYLE('',(#5255));
#5255 = SURFACE_STYLE_FILL_AREA(#5256);
#5256 = FILL_AREA_STYLE('',(#5257));
#5257 = FILL_AREA_STYLE_COLOUR('',#5103);
#5258 = OVER_RIDING_STYLED_ITEM('overriding color',(#5259),#1136,#5085);
#5259 = PRESENTATION_STYLE_ASSIGNMENT((#5260));
#5260 = SURFACE_STYLE_USAGE(.BOTH.,#5261);
#5261 = SURFACE_SIDE_STYLE('',(#5262));
#5262 = SURFACE_STYLE_FILL_AREA(#5263);
#5263 = FILL_AREA_STYLE('',(#5264));
#5264 = FILL_AREA_STYLE_COLOUR('',#5103);
#5265 = OVER_RIDING_STYLED_ITEM('overriding color',(#5266),#1153,#5085);
#5266 = PRESENTATION_STYLE_ASSIGNMENT((#5267));
#5267 = SURFACE_STYLE_USAGE(.BOTH.,#5268);
#5268 = SURFACE_SIDE_STYLE('',(#5269));
#5269 = SURFACE_STYLE_FILL_AREA(#5270);
#5270 = FILL_AREA_STYLE('',(#5271));
#5271 = FILL_AREA_STYLE_COLOUR('',#5103);
#5272 = OVER_RIDING_STYLED_ITEM('overriding color',(#5273),#1198,#5085);
#5273 = PRESENTATION_STYLE_ASSIGNMENT((#5274));
#5274 = SURFACE_STYLE_USAGE(.BOTH.,#5275);
#5275 = SURFACE_SIDE_STYLE('',(#5276));
#5276 = SURFACE_STYLE_FILL_AREA(#5277);
#5277 = FILL_AREA_STYLE('',(#5278));
#5278 = FILL_AREA_STYLE_COLOUR('',#5103);
#5279 = OVER_RIDING_STYLED_ITEM('overriding color',(#5280),#1240,#5085);
#5280 = PRESENTATION_STYLE_ASSIGNMENT((#5281));
#5281 = SURFACE_STYLE_USAGE(.BOTH.,#5282);
#5282 = SURFACE_SIDE_STYLE('',(#5283));
#5283 = SURFACE_STYLE_FILL_AREA(#5284);
#5284 = FILL_AREA_STYLE('',(#5285));
#5285 = FILL_AREA_STYLE_COLOUR('',#5103);
#5286 = OVER_RIDING_STYLED_ITEM('overriding color',(#5287),#1264,#5085);
#5287 = PRESENTATION_STYLE_ASSIGNMENT((#5288));
#5288 = SURFACE_STYLE_USAGE(.BOTH.,#5289);
#5289 = SURFACE_SIDE_STYLE('',(#5290));
#5290 = SURFACE_STYLE_FILL_AREA(#5291);
#5291 = FILL_AREA_STYLE('',(#5292));
#5292 = FILL_AREA_STYLE_COLOUR('',#5103);
#5293 = OVER_RIDING_STYLED_ITEM('overriding color',(#5294),#1308,#5085);
#5294 = PRESENTATION_STYLE_ASSIGNMENT((#5295));
#5295 = SURFACE_STYLE_USAGE(.BOTH.,#5296);
#5296 = SURFACE_SIDE_STYLE('',(#5297));
#5297 = SURFACE_STYLE_FILL_AREA(#5298);
#5298 = FILL_AREA_STYLE('',(#5299));
#5299 = FILL_AREA_STYLE_COLOUR('',#5103);
#5300 = OVER_RIDING_STYLED_ITEM('overriding color',(#5301),#1325,#5085);
#5301 = PRESENTATION_STYLE_ASSIGNMENT((#5302));
#5302 = SURFACE_STYLE_USAGE(.BOTH.,#5303);
#5303 = SURFACE_SIDE_STYLE('',(#5304));
#5304 = SURFACE_STYLE_FILL_AREA(#5305);
#5305 = FILL_AREA_STYLE('',(#5306));
#5306 = FILL_AREA_STYLE_COLOUR('',#5103);
#5307 = OVER_RIDING_STYLED_ITEM('overriding color',(#5308),#1342,#5085);
#5308 = PRESENTATION_STYLE_ASSIGNMENT((#5309));
#5309 = SURFACE_STYLE_USAGE(.BOTH.,#5310);
#5310 = SURFACE_SIDE_STYLE('',(#5311));
#5311 = SURFACE_STYLE_FILL_AREA(#5312);
#5312 = FILL_AREA_STYLE('',(#5313));
#5313 = FILL_AREA_STYLE_COLOUR('',#5103);
#5314 = OVER_RIDING_STYLED_ITEM('overriding color',(#5315),#1353,#5085);
#5315 = PRESENTATION_STYLE_ASSIGNMENT((#5316));
#5316 = SURFACE_STYLE_USAGE(.BOTH.,#5317);
#5317 = SURFACE_SIDE_STYLE('',(#5318));
#5318 = SURFACE_STYLE_FILL_AREA(#5319);
#5319 = FILL_AREA_STYLE('',(#5320));
#5320 = FILL_AREA_STYLE_COLOUR('',#5103);
#5321 = OVER_RIDING_STYLED_ITEM('overriding color',(#5322),#1377,#5085);
#5322 = PRESENTATION_STYLE_ASSIGNMENT((#5323));
#5323 = SURFACE_STYLE_USAGE(.BOTH.,#5324);
#5324 = SURFACE_SIDE_STYLE('',(#5325));
#5325 = SURFACE_STYLE_FILL_AREA(#5326);
#5326 = FILL_AREA_STYLE('',(#5327));
#5327 = FILL_AREA_STYLE_COLOUR('',#5103);
#5328 = OVER_RIDING_STYLED_ITEM('overriding color',(#5329),#1394,#5085);
#5329 = PRESENTATION_STYLE_ASSIGNMENT((#5330));
#5330 = SURFACE_STYLE_USAGE(.BOTH.,#5331);
#5331 = SURFACE_SIDE_STYLE('',(#5332));
#5332 = SURFACE_STYLE_FILL_AREA(#5333);
#5333 = FILL_AREA_STYLE('',(#5334));
#5334 = FILL_AREA_STYLE_COLOUR('',#5103);
#5335 = OVER_RIDING_STYLED_ITEM('overriding color',(#5336),#1464,#5085);
#5336 = PRESENTATION_STYLE_ASSIGNMENT((#5337));
#5337 = SURFACE_STYLE_USAGE(.BOTH.,#5338);
#5338 = SURFACE_SIDE_STYLE('',(#5339));
#5339 = SURFACE_STYLE_FILL_AREA(#5340);
#5340 = FILL_AREA_STYLE('',(#5341));
#5341 = FILL_AREA_STYLE_COLOUR('',#5103);
#5342 = OVER_RIDING_STYLED_ITEM('overriding color',(#5343),#1482,#5085);
#5343 = PRESENTATION_STYLE_ASSIGNMENT((#5344));
#5344 = SURFACE_STYLE_USAGE(.BOTH.,#5345);
#5345 = SURFACE_SIDE_STYLE('',(#5346));
#5346 = SURFACE_STYLE_FILL_AREA(#5347);
#5347 = FILL_AREA_STYLE('',(#5348));
#5348 = FILL_AREA_STYLE_COLOUR('',#5103);
#5349 = OVER_RIDING_STYLED_ITEM('overriding color',(#5350),#1527,#5085);
#5350 = PRESENTATION_STYLE_ASSIGNMENT((#5351));
#5351 = SURFACE_STYLE_USAGE(.BOTH.,#5352);
#5352 = SURFACE_SIDE_STYLE('',(#5353));
#5353 = SURFACE_STYLE_FILL_AREA(#5354);
#5354 = FILL_AREA_STYLE('',(#5355));
#5355 = FILL_AREA_STYLE_COLOUR('',#5103);
#5356 = OVER_RIDING_STYLED_ITEM('overriding color',(#5357),#1572,#5085);
#5357 = PRESENTATION_STYLE_ASSIGNMENT((#5358));
#5358 = SURFACE_STYLE_USAGE(.BOTH.,#5359);
#5359 = SURFACE_SIDE_STYLE('',(#5360));
#5360 = SURFACE_STYLE_FILL_AREA(#5361);
#5361 = FILL_AREA_STYLE('',(#5362));
#5362 = FILL_AREA_STYLE_COLOUR('',#5103);
#5363 = OVER_RIDING_STYLED_ITEM('overriding color',(#5364),#1590,#5085);
#5364 = PRESENTATION_STYLE_ASSIGNMENT((#5365));
#5365 = SURFACE_STYLE_USAGE(.BOTH.,#5366);
#5366 = SURFACE_SIDE_STYLE('',(#5367));
#5367 = SURFACE_STYLE_FILL_AREA(#5368);
#5368 = FILL_AREA_STYLE('',(#5369));
#5369 = FILL_AREA_STYLE_COLOUR('',#5103);
#5370 = OVER_RIDING_STYLED_ITEM('overriding color',(#5371),#1608,#5085);
#5371 = PRESENTATION_STYLE_ASSIGNMENT((#5372));
#5372 = SURFACE_STYLE_USAGE(.BOTH.,#5373);
#5373 = SURFACE_SIDE_STYLE('',(#5374));
#5374 = SURFACE_STYLE_FILL_AREA(#5375);
#5375 = FILL_AREA_STYLE('',(#5376));
#5376 = FILL_AREA_STYLE_COLOUR('',#5103);
#5377 = OVER_RIDING_STYLED_ITEM('overriding color',(#5378),#1633,#5085);
#5378 = PRESENTATION_STYLE_ASSIGNMENT((#5379));
#5379 = SURFACE_STYLE_USAGE(.BOTH.,#5380);
#5380 = SURFACE_SIDE_STYLE('',(#5381));
#5381 = SURFACE_STYLE_FILL_AREA(#5382);
#5382 = FILL_AREA_STYLE('',(#5383));
#5383 = FILL_AREA_STYLE_COLOUR('',#5103);
#5384 = OVER_RIDING_STYLED_ITEM('overriding color',(#5385),#1671,#5085);
#5385 = PRESENTATION_STYLE_ASSIGNMENT((#5386));
#5386 = SURFACE_STYLE_USAGE(.BOTH.,#5387);
#5387 = SURFACE_SIDE_STYLE('',(#5388));
#5388 = SURFACE_STYLE_FILL_AREA(#5389);
#5389 = FILL_AREA_STYLE('',(#5390));
#5390 = FILL_AREA_STYLE_COLOUR('',#5103);
#5391 = OVER_RIDING_STYLED_ITEM('overriding color',(#5392),#1682,#5085);
#5392 = PRESENTATION_STYLE_ASSIGNMENT((#5393));
#5393 = SURFACE_STYLE_USAGE(.BOTH.,#5394);
#5394 = SURFACE_SIDE_STYLE('',(#5395));
#5395 = SURFACE_STYLE_FILL_AREA(#5396);
#5396 = FILL_AREA_STYLE('',(#5397));
#5397 = FILL_AREA_STYLE_COLOUR('',#5103);
#5398 = STYLED_ITEM('color',(#5399),#1702);
#5399 = PRESENTATION_STYLE_ASSIGNMENT((#5400,#5405));
#5400 = SURFACE_STYLE_USAGE(.BOTH.,#5401);
#5401 = SURFACE_SIDE_STYLE('',(#5402));
#5402 = SURFACE_STYLE_FILL_AREA(#5403);
#5403 = FILL_AREA_STYLE('',(#5404));
#5404 = FILL_AREA_STYLE_COLOUR('',#5092);
#5405 = CURVE_STYLE('',#5406,POSITIVE_LENGTH_MEASURE(0.1),#5095);
#5406 = DRAUGHTING_PRE_DEFINED_CURVE_FONT('continuous');
#5407 = STYLED_ITEM('color',(#5408),#2124);
#5408 = PRESENTATION_STYLE_ASSIGNMENT((#5409,#5414));
#5409 = SURFACE_STYLE_USAGE(.BOTH.,#5410);
#5410 = SURFACE_SIDE_STYLE('',(#5411));
#5411 = SURFACE_STYLE_FILL_AREA(#5412);
#5412 = FILL_AREA_STYLE('',(#5413));
#5413 = FILL_AREA_STYLE_COLOUR('',#5092);
#5414 = CURVE_STYLE('',#5415,POSITIVE_LENGTH_MEASURE(0.1),#5095);
#5415 = DRAUGHTING_PRE_DEFINED_CURVE_FONT('continuous');
#5416 = STYLED_ITEM('color',(#5417),#2546);
#5417 = PRESENTATION_STYLE_ASSIGNMENT((#5418,#5423));
#5418 = SURFACE_STYLE_USAGE(.BOTH.,#5419);
#5419 = SURFACE_SIDE_STYLE('',(#5420));
#5420 = SURFACE_STYLE_FILL_AREA(#5421);
#5421 = FILL_AREA_STYLE('',(#5422));
#5422 = FILL_AREA_STYLE_COLOUR('',#5092);
#5423 = CURVE_STYLE('',#5424,POSITIVE_LENGTH_MEASURE(0.1),#5095);
#5424 = DRAUGHTING_PRE_DEFINED_CURVE_FONT('continuous');
#5425 = STYLED_ITEM('color',(#5426),#2968);
#5426 = PRESENTATION_STYLE_ASSIGNMENT((#5427,#5432));
#5427 = SURFACE_STYLE_USAGE(.BOTH.,#5428);
#5428 = SURFACE_SIDE_STYLE('',(#5429));
#5429 = SURFACE_STYLE_FILL_AREA(#5430);
#5430 = FILL_AREA_STYLE('',(#5431));
#5431 = FILL_AREA_STYLE_COLOUR('',#5092);
#5432 = CURVE_STYLE('',#5433,POSITIVE_LENGTH_MEASURE(0.1),#5095);
#5433 = DRAUGHTING_PRE_DEFINED_CURVE_FONT('continuous');
#5434 = STYLED_ITEM('color',(#5435),#3390);
#5435 = PRESENTATION_STYLE_ASSIGNMENT((#5436,#5441));
#5436 = SURFACE_STYLE_USAGE(.BOTH.,#5437);
#5437 = SURFACE_SIDE_STYLE('',(#5438));
#5438 = SURFACE_STYLE_FILL_AREA(#5439);
#5439 = FILL_AREA_STYLE('',(#5440));
#5440 = FILL_AREA_STYLE_COLOUR('',#5092);
#5441 = CURVE_STYLE('',#5442,POSITIVE_LENGTH_MEASURE(0.1),#5095);
#5442 = DRAUGHTING_PRE_DEFINED_CURVE_FONT('continuous');
#5443 = STYLED_ITEM('color',(#5444),#3812);
#5444 = PRESENTATION_STYLE_ASSIGNMENT((#5445,#5450));
#5445 = SURFACE_STYLE_USAGE(.BOTH.,#5446);
#5446 = SURFACE_SIDE_STYLE('',(#5447));
#5447 = SURFACE_STYLE_FILL_AREA(#5448);
#5448 = FILL_AREA_STYLE('',(#5449));
#5449 = FILL_AREA_STYLE_COLOUR('',#5092);
#5450 = CURVE_STYLE('',#5451,POSITIVE_LENGTH_MEASURE(0.1),#5095);
#5451 = DRAUGHTING_PRE_DEFINED_CURVE_FONT('continuous');
#5452 = STYLED_ITEM('color',(#5453),#4234);
#5453 = PRESENTATION_STYLE_ASSIGNMENT((#5454,#5459));
#5454 = SURFACE_STYLE_USAGE(.BOTH.,#5455);
#5455 = SURFACE_SIDE_STYLE('',(#5456));
#5456 = SURFACE_STYLE_FILL_AREA(#5457);
#5457 = FILL_AREA_STYLE('',(#5458));
#5458 = FILL_AREA_STYLE_COLOUR('',#5092);
#5459 = CURVE_STYLE('',#5460,POSITIVE_LENGTH_MEASURE(0.1),#5095);
#5460 = DRAUGHTING_PRE_DEFINED_CURVE_FONT('continuous');
#5461 = STYLED_ITEM('color',(#5462),#4656);
#5462 = PRESENTATION_STYLE_ASSIGNMENT((#5463,#5468));
#5463 = SURFACE_STYLE_USAGE(.BOTH.,#5464);
#5464 = SURFACE_SIDE_STYLE('',(#5465));
#5465 = SURFACE_STYLE_FILL_AREA(#5466);
#5466 = FILL_AREA_STYLE('',(#5467));
#5467 = FILL_AREA_STYLE_COLOUR('',#5092);
#5468 = CURVE_STYLE('',#5469,POSITIVE_LENGTH_MEASURE(0.1),#5095);
#5469 = DRAUGHTING_PRE_DEFINED_CURVE_FONT('continuous');
ENDSEC;
END-ISO-10303-21;
